status,local_id,local_brand,local_model,remote_brand,remote_model,category,detail_url
"matched","coway-chp-7220n","코웨이","CHP-7220N","코웨이","CHP-7220N","정수기","https://rentre.kr/product/1600006842/%EC%95%84%EC%9D%B4%EC%BD%983-%EB%83%89%EC%98%A8%EC%A0%95-%EC%A0%95%EC%88%98%EA%B8%B0"
"matched","coway-chp-7220n-2","코웨이","CHP-7220N","코웨이","CHP-7220N","정수기","https://rentre.kr/product/1600006842/%EC%95%84%EC%9D%B4%EC%BD%983-%EB%83%89%EC%98%A8%EC%A0%95-%EC%A0%95%EC%88%98%EA%B8%B0"
"matched","coway-chpi-7430n","코웨이","CHPI-7430N","코웨이","CHPI-7430N","정수기","https://rentre.kr/product/1600005413/%EC%95%84%EC%9D%B4%EC%BD%98-%EB%AF%B8%EB%8B%88-%EB%83%89%EC%98%A8%EC%A0%95-%EC%96%BC%EC%9D%8C%EC%A0%95%EC%88%98%EA%B8%B0"
"matched","coway-chpi-7430n-2","코웨이","CHPI-7430N","코웨이","CHPI-7430N","정수기","https://rentre.kr/product/1600005413/%EC%95%84%EC%9D%B4%EC%BD%98-%EB%AF%B8%EB%8B%88-%EB%83%89%EC%98%A8%EC%A0%95-%EC%96%BC%EC%9D%8C%EC%A0%95%EC%88%98%EA%B8%B0"
"unmatched_remote","","","","쿠쿠","CP-AMS100EBE(S)","정수기","https://rentre.kr/product/1600005382/%EC%9D%B8%EC%8A%A4%ED%93%A8%EC%96%B4-%EB%AF%B8%EB%8B%88100-%EC%B4%88%EC%86%8C%ED%98%95-%EB%83%89%EC%98%A8%EC%A0%95-%EC%A0%95%EC%88%98%EA%B8%B0"
"unmatched_remote","","","","LG","WD722RH","정수기","https://rentre.kr/product/1600006679/%ED%93%A8%EB%A6%AC%EC%BC%80%EC%96%B4-%EC%98%A4%EB%B8%8C%EC%A0%9C%EC%BB%AC%EB%A0%89%EC%85%98-%EB%83%89%EC%98%A8%EC%A0%95-%EC%96%BC%EC%9D%8C%EC%A0%95%EC%88%98%EA%B8%B0-(25%EB%85%84-12%EC%9B%94-%EC%B6%9C%EC%8B%9C)"
"unmatched_remote","","","","LG","WD724RH","정수기","https://rentre.kr/product/1600007733/%ED%93%A8%EB%A6%AC%EC%BC%80%EC%96%B4-AI-%EC%98%A4%EB%B8%8C%EC%A0%9C%EC%BB%AC%EB%A0%89%EC%85%98-%EB%83%89%EC%98%A8%EC%A0%95-%EC%96%BC%EC%9D%8C%EC%A0%95%EC%88%98%EA%B8%B0"
"matched","coway-chp-7212n","코웨이","CHP-7212N","코웨이","CHP-7212N","정수기","https://rentre.kr/product/1600004299/%EC%95%84%EC%9D%B4%EC%BD%98-%ED%94%84%EB%A1%9C-%EC%A0%95%EC%88%98%EA%B8%B0"
"matched","coway-chp-7212n-2","코웨이","CHP-7212N","코웨이","CHP-7212N","정수기","https://rentre.kr/product/1600004299/%EC%95%84%EC%9D%B4%EC%BD%98-%ED%94%84%EB%A1%9C-%EC%A0%95%EC%88%98%EA%B8%B0"
"matched","cuckoo-cp-aqs100ewh","쿠쿠","CP-AQS100EWH","쿠쿠","CP-AQS100EWH","정수기","https://rentre.kr/product/1600007035/%EC%A0%9C%EB%A1%9C-100-%EB%AF%B8%EB%8B%88-%EB%83%89%EC%98%A8%EC%A0%95-%EC%96%BC%EC%9D%8C%EC%A0%95%EC%88%98%EA%B8%B0"
"matched","chungho-wi-37c90720n","청호나이스","WI-37C90720N","청호나이스","WI-37C90720N","정수기","https://rentre.kr/product/1600006937/The-M-%EB%83%89%EC%98%A8%EC%A0%95-%EC%96%BC%EC%9D%8C%EC%A0%95%EC%88%98%EA%B8%B0"
"unmatched_remote","","","","SK매직","WPUJAC115DNW","정수기","https://rentre.kr/product/1600007502/%EC%B4%88%EC%86%8C%ED%98%95-%ED%94%8C%EB%9F%AC%EC%8A%A4-%EC%A7%81%EC%88%98-%EB%83%89%EC%98%A8%EC%A0%95-%EC%A0%95%EC%88%98%EA%B8%B0-(WIFI-%EB%AF%B8%EC%A7%80%EC%9B%90)"
"unmatched_remote","","","","SK매직","WPUIAC606SNW","정수기","https://rentre.kr/product/1600007448/MEGA-ICE-mini-%EB%83%89%EC%98%A8%EC%A0%95-%EC%96%BC%EC%9D%8C%EC%A0%95%EC%88%98%EA%B8%B0"
"unmatched_remote","","","","LG","WD523VHT","정수기","https://rentre.kr/product/1600004392/%ED%93%A8%EB%A6%AC%EC%BC%80%EC%96%B4-%EC%98%A4%EB%B8%8C%EC%A0%9C%EC%BB%AC%EB%A0%89%EC%85%98-%EB%83%89%EC%98%A8%EC%A0%95-%EC%A0%95%EC%88%98%EA%B8%B0(%EB%A7%9E%EC%B6%A4%EC%B6%9C%EC%88%98%2C-%EC%B4%88%EA%B3%A0%EC%98%A8%EC%88%98)"
"unmatched_remote","","","","LG","WD523VCT","정수기","https://rentre.kr/product/1600007923/%ED%93%A8%EB%A6%AC%EC%BC%80%EC%96%B4-%EC%98%A4%EB%B8%8C%EC%A0%9C%EC%BB%AC%EB%A0%89%EC%85%98-%EB%83%89%EC%98%A8%EC%A0%95-%EC%A0%95%EC%88%98%EA%B8%B0-%EB%B2%A0%EC%9D%B4%EC%A7%80(%EB%A7%9E%EC%B6%A4%EC%B6%9C%EC%88%98%2C-%EC%B4%88%EA%B3%A0%EC%98%A8%EC%88%98)"
"unmatched_remote","","","","LG","WU923AS","정수기","https://rentre.kr/product/1522012109/%ED%93%A8%EB%A6%AC%EC%BC%80%EC%96%B4-%EB%93%80%EC%96%BC-%EB%83%89%EC%98%A8%EC%A0%95-%EC%A0%95%EC%88%98%EA%B8%B0"
"matched","coway-chpi-7410n","코웨이","CHPI-7410N","코웨이","CHPI-7410N","정수기","https://rentre.kr/product/1600005358/%EC%95%84%EC%9D%B4%EC%BD%98-%EC%8A%A4%ED%83%A0%EB%8B%A4%EB%93%9C-%EB%83%89%EC%98%A8%EC%A0%95-%EC%96%BC%EC%9D%8C%EC%A0%95%EC%88%98%EA%B8%B0"
"matched","coway-chpi-7410n-2","코웨이","CHPI-7410N","코웨이","CHPI-7410N","정수기","https://rentre.kr/product/1600005358/%EC%95%84%EC%9D%B4%EC%BD%98-%EC%8A%A4%ED%83%A0%EB%8B%A4%EB%93%9C-%EB%83%89%EC%98%A8%EC%A0%95-%EC%96%BC%EC%9D%8C%EC%A0%95%EC%88%98%EA%B8%B0"
"matched","coway-cp-7220n","코웨이","CP-7220N","코웨이","CP-7220N","정수기","https://rentre.kr/product/1600006833/%EC%95%84%EC%9D%B4%EC%BD%983-%EB%83%89%EC%A0%95-%EC%A0%95%EC%88%98%EA%B8%B0"
"matched","coway-cp-7220n-2","코웨이","CP-7220N","코웨이","CP-7220N","정수기","https://rentre.kr/product/1600006833/%EC%95%84%EC%9D%B4%EC%BD%983-%EB%83%89%EC%A0%95-%EC%A0%95%EC%88%98%EA%B8%B0"
"unmatched_remote","","","","쿠쿠","CP-AHS100HEW(S)","정수기","https://rentre.kr/product/1522013399/%EC%A0%9C%EB%A1%9C-100-%EC%8A%AC%EB%A6%BC-%EB%83%89%EC%98%A8%EC%A0%95-%EC%96%BC%EC%9D%8C%EC%A0%95%EC%88%98%EA%B8%B0"
"unmatched_remote","","","","쿠쿠","CP-AHS101HEW","정수기","https://rentre.kr/product/1600007022/%EC%A0%9C%EB%A1%9C-100-%EC%8A%AC%EB%A6%BC-%ED%94%8C%EB%9F%AC%EC%8A%A4-%EB%83%89%EC%98%A8%EC%A0%95-%EC%96%BC%EC%9D%8C%EC%A0%95%EC%88%98%EA%B8%B0"
"unmatched_remote","","","","SK매직","WPUIAC506SNW","정수기","https://rentre.kr/product/1600007100/MEGA-ICE-%EB%83%89%EC%98%A8%EC%A0%95-%EC%96%BC%EC%9D%8C%EC%A0%95%EC%88%98%EA%B8%B0"
"unmatched_remote","","","","LG","WU923ACB","정수기","https://rentre.kr/product/1522012110/%ED%93%A8%EB%A6%AC%EC%BC%80%EC%96%B4-%EC%98%A4%EB%B8%8C%EC%A0%9C%EC%BB%AC%EB%A0%89%EC%85%98-%EB%93%80%EC%96%BC-%EB%83%89%EC%98%A8%EC%A0%95-%EC%A0%95%EC%88%98%EA%B8%B0"
"unmatched_remote","","","","LG","WD323ACB","정수기","https://rentre.kr/product/1522011878/%ED%93%A8%EB%A6%AC%EC%BC%80%EC%96%B4-%EC%98%A4%EB%B8%8C%EC%A0%9C%EC%BB%AC%EB%A0%89%EC%85%98-%EB%83%89%EC%A0%95-%EC%A0%95%EC%88%98%EA%B8%B0(%EB%A7%9E%EC%B6%A4%EC%B6%9C%EC%88%98)"
"unmatched_remote","","","","웰스","WQ672NWR","정수기","https://rentre.kr/product/1522013673/%EC%9B%B0%EC%8A%A4-%EC%8A%88%ED%8D%BC%EC%BF%A8%EB%A7%81-%EB%83%89%EC%98%A8%EC%A0%95-%EC%A0%95%EC%88%98%EA%B8%B0"
"unmatched_remote","","","","LG","WD723RE","정수기","https://rentre.kr/product/1600007639/%ED%93%A8%EB%A6%AC%EC%BC%80%EC%96%B4-%EC%98%A4%EB%B8%8C%EC%A0%9C%EC%BB%AC%EB%A0%89%EC%85%98-%EB%83%89%EC%98%A8%EC%A0%95-%EC%96%BC%EC%9D%8C%EC%A0%95%EC%88%98%EA%B8%B0-(26%EB%85%84-%EC%B6%9C%EC%8B%9C)"
"unmatched_remote","","","","SK매직","WPUJAC125SNW","정수기","https://rentre.kr/product/1600006194/%EC%B4%88%EC%86%8C%ED%98%95-%EB%9D%BC%EC%9D%B4%ED%8A%B8-%EC%A7%81%EC%88%98-%EB%83%89%EC%98%A8%EC%A0%95-%EC%A0%95%EC%88%98%EA%B8%B0"
"unmatched_remote","","","","LG","WU523ACB","정수기","https://rentre.kr/product/1600001916/%ED%93%A8%EB%A6%AC%EC%BC%80%EC%96%B4-%EC%98%A4%EB%B8%8C%EC%A0%9C%EC%BB%AC%EB%A0%89%EC%85%98-%EB%B9%8C%ED%8A%B8%EC%9D%B8-%EB%83%89%EC%98%A8%EC%A0%95-%EC%A0%95%EC%88%98%EA%B8%B0"
"matched","coway-p-2200n","코웨이","P-2200N","코웨이","P-2200N","정수기","https://rentre.kr/product/1600003859/%EC%8A%A4%EC%9C%84%EC%B9%98-%EB%AC%B4%EC%84%A0-%EC%A7%81%EC%88%98-%EC%A0%95%EC%88%98%EA%B8%B0"
"matched","chungho-wp-50c90621n","청호나이스","WP-50C90621N","청호나이스","WP-50C90621N","정수기","https://rentre.kr/product/1600002092/%EB%89%B4-%EB%9F%AC%EB%B8%94%EB%A6%AC%ED%8A%B8%EB%A6%AC-%EB%83%89%EC%98%A8%EC%A0%95-%EC%A0%95%EC%88%98%EA%B8%B0"
"unmatched_remote","","","","코웨이","CHP-7211N_V2","정수기","https://rentre.kr/product/1600007271/%EC%95%84%EC%9D%B4%EC%BD%982-%EB%83%89%EC%98%A8%EC%A0%95-%EC%A0%95%EC%88%98%EA%B8%B0-(26%EB%85%84-%EC%B6%9C%EC%8B%9C)"
"unmatched_remote","","","","LG","WD121MCB","정수기","https://rentre.kr/product/1522012392/%ED%93%A8%EB%A6%AC%EC%BC%80%EC%96%B4-%EC%98%A4%EB%B8%8C%EC%A0%9C%EC%BB%AC%EB%A0%89%EC%85%98-%EB%9D%BC%EC%9D%B4%ED%8A%B8%EC%98%A8-%EC%A0%95%EC%88%98%EC%A0%84%EC%9A%A9-%EC%A0%95%EC%88%98%EA%B8%B0"
"matched","lg-wd520vc","LG","WD520VC","LG","WD520VC","정수기","https://rentre.kr/product/1600005073/%ED%93%A8%EB%A6%AC%EC%BC%80%EC%96%B4-%EC%98%A4%EB%B8%8C%EC%A0%9C%EC%BB%AC%EB%A0%89%EC%85%98-%EB%83%89%EC%98%A8%EC%A0%95-%EC%A0%95%EC%88%98%EA%B8%B0(%EB%A7%9E%EC%B6%A4-lite%2C-25%EB%85%84-%EC%B6%9C%EC%8B%9C)"
"unmatched_remote","","","","코웨이","CHP-1111N","정수기","https://rentre.kr/product/1600004303/%EC%97%98%EB%A6%AC%ED%8A%B8-%EB%B9%8C%ED%8A%B8%EC%9D%B8-%EC%A0%95%EC%88%98%EA%B8%B0"
"matched","chungho-wp-30c9460bn","청호나이스","WP-30C9460BN","청호나이스","WP-30C9460BN","정수기","https://rentre.kr/product/1600003840/%EC%9E%90%EA%B0%80%EA%B4%80%EB%A6%AC-%EC%85%80%ED%94%84-%EB%83%89%EC%98%A8%EC%A0%95-%EC%A0%95%EC%88%98%EA%B8%B0"
"unmatched_remote","","","","SK매직","WPUIAC425SNW","정수기","https://rentre.kr/product/1600004307/%EC%9B%90%EC%BD%94%ED%81%AC-%ED%94%8C%EB%9F%AC%EC%8A%A4-%EC%96%BC%EC%9D%8C%EB%AC%BC-%EC%A0%95%EC%88%98%EA%B8%B0-(25%EB%85%84-%EC%B6%9C%EC%8B%9C)"
"matched","cuckoo-cp-f603sw","쿠쿠","CP-F603SW","쿠쿠","CP-F603SW","정수기","https://rentre.kr/product/1522012571/%EB%82%B4%EC%B6%94%EB%9F%B4%EC%9B%8C%ED%84%B0-%EB%83%89%EC%98%A8-%EC%A0%95%EC%88%98%EA%B8%B0-(%EC%8A%A4%ED%83%A0%EB%93%9C%ED%98%95)"
"unmatched_remote","","","","코웨이","CHPI-7400N_V2","정수기","https://rentre.kr/product/1522013565/%EC%95%84%EC%9D%B4%EC%BD%98-%EB%83%89%EC%98%A8%EC%A0%95-%EC%96%BC%EC%9D%8C%EC%A0%95%EC%88%98%EA%B8%B0"
"matched","coway-chp-5730n","코웨이","CHP-5730N","코웨이","CHP-5730N","정수기","https://rentre.kr/product/1600006544/%EC%9B%8C%ED%84%B0%EC%8A%A4%ED%83%A0%EB%93%9C-%ED%94%8C%EB%9F%AC%EC%8A%A4-%EB%83%89%EC%98%A8%EC%A0%95-%EC%A0%95%EC%88%98%EA%B8%B0-(%EB%82%98%EB%85%B8%ED%8A%B8%EB%9E%A9%ED%95%84%ED%84%B0)"
"matched","cuckoo-cp-f603hw","쿠쿠","CP-F603HW","쿠쿠","CP-F603HW","정수기","https://rentre.kr/product/1522012572/%EB%82%B4%EC%B6%94%EB%9F%B4%EC%9B%8C%ED%84%B0-%EB%83%89%EC%98%A8-%EC%A0%95%EC%88%98%EA%B8%B0-(%EB%8D%B0%EC%8A%A4%ED%81%AC%ED%98%95)"
"unmatched_remote","","","","쿠쿠","CP-ABS100GWT","정수기","https://rentre.kr/product/1600004397/%EC%8A%A4%ED%8C%80100-%EB%81%93%EC%9D%B8%EB%AC%BC-%EC%A0%95%EC%88%98%EA%B8%B0"
"matched","lg-wu523as","LG","WU523AS","LG","WU523AS","정수기","https://rentre.kr/product/1600001915/%ED%93%A8%EB%A6%AC%EC%BC%80%EC%96%B4-%EB%B9%8C%ED%8A%B8%EC%9D%B8-%EB%83%89%EC%98%A8%EC%A0%95-%EC%A0%95%EC%88%98%EA%B8%B0"
"unmatched_remote","","","","쿠쿠","CP-AE502HW(S)","정수기","https://rentre.kr/product/1522012001/%EC%9D%B8%EC%8A%A4%ED%93%A8%EC%96%B4-%EB%83%89%EC%98%A8%EC%A0%95-%EC%A0%95%EC%88%98%EA%B8%B0"
"unmatched_remote","","","","쿠쿠","CP-AHSC100HEW","정수기","https://rentre.kr/product/1600001610/%EC%A0%9C%EB%A1%9C-100-%EC%8A%AC%EB%A6%BC-%EB%B0%94%EB%A6%AC%EC%8A%A4%ED%83%80-%EB%83%89%EC%98%A8%EC%A0%95-%EC%96%BC%EC%9D%8C%EC%A0%95%EC%88%98%EA%B8%B0"
"unmatched_remote","","","","웰스","WQ652NWR","정수기","https://rentre.kr/product/1600007663/%EC%9B%B0%EC%8A%A4-%EC%8A%88%ED%8D%BC%EC%BF%A8%EB%A7%81-%EC%A7%81%EC%88%98-%EB%83%89%EC%A0%95-%EC%A0%95%EC%88%98%EA%B8%B0"
"unmatched_remote","","","","SK매직","WPUJAC104DWH","정수기","https://rentre.kr/product/1600007958/%EC%B4%88%EC%86%8C%ED%98%95-%EC%A7%81%EC%88%98-%EB%83%89%EC%98%A8%EC%A0%95-%EC%A0%95%EC%88%98%EA%B8%B0(26%EB%85%84-%EC%B6%9C%EC%8B%9C)"
"matched","coway-chpi-7420n","코웨이","CHPI-7420N","코웨이","CHPI-7420N","정수기","https://rentre.kr/product/1600005706/%EC%95%84%EC%9D%B4%EC%BD%98-%EB%A7%A5%EC%8A%A4-%EB%83%89%EC%98%A8%EC%A0%95-%EC%96%BC%EC%9D%8C%EC%A0%95%EC%88%98%EA%B8%B0"
"matched","coway-chpi-7420n-2","코웨이","CHPI-7420N","코웨이","CHPI-7420N","정수기","https://rentre.kr/product/1600005706/%EC%95%84%EC%9D%B4%EC%BD%98-%EB%A7%A5%EC%8A%A4-%EB%83%89%EC%98%A8%EC%A0%95-%EC%96%BC%EC%9D%8C%EC%A0%95%EC%88%98%EA%B8%B0"
"unmatched_remote","","","","쿠쿠","CP-TS100WS(S)","정수기","https://rentre.kr/product/5030101/%EC%9D%B8%EC%95%A4%EC%95%84%EC%9B%83-100%EB%8F%84-%EB%81%93%EC%9D%B8%EB%AC%BC-%EC%A0%95%EC%88%98%EA%B8%B0"
"matched","coway-chpi-7521l","코웨이","CHPI-7521L","코웨이","CHPI-7521L","정수기","https://rentre.kr/product/1600003816/%EC%96%BC%EC%9D%8C%EC%A0%95%EC%88%98%EA%B8%B0-RO"
"matched","coway-chpi-7521l-2","코웨이","CHPI-7521L","코웨이","CHPI-7521L","정수기","https://rentre.kr/product/1600003816/%EC%96%BC%EC%9D%8C%EC%A0%95%EC%88%98%EA%B8%B0-RO"
"unmatched_remote","","","","쿠쿠","CP-U011B","정수기","https://rentre.kr/product/5060101/%EC%9D%B8%EC%8A%A4%ED%93%A8%EC%96%B4-%EC%A7%81%EC%88%98-%EC%A0%95%EC%88%98%EA%B8%B0"
"unmatched_remote","","","","웰스","WP610NWA","정수기","https://rentre.kr/product/1600003498/%EB%AF%B8%EB%AF%B8-%EB%AC%B4%EC%A0%84%EC%9B%90-%EC%A7%81%EC%88%98-%EC%A0%95%EC%88%98%EC%A0%84%EC%9A%A9-%EC%A0%95%EC%88%98%EA%B8%B0-(%EB%8D%B0%EC%8A%A4%ED%81%AC%ED%98%95)"
"matched","chungho-wi-53c9600m","청호나이스","WI-53C9600M","청호나이스","WI-53C9600M","정수기","https://rentre.kr/product/4090101/%EC%98%B4%EB%8B%88%ED%94%8C%EB%9F%AC%EC%8A%A4-%EB%83%89%EC%98%A8%EC%A0%95-%EC%96%BC%EC%9D%8C%EC%A0%95%EC%88%98%EA%B8%B0"
"matched","cuckoo-cp-ajs821sw","쿠쿠","CP-AJS821SW","쿠쿠","CP-AJS821SW","정수기","https://rentre.kr/product/1600007241/%EB%8C%80%EC%9A%A9%EB%9F%89-PLUS-%EB%83%89%EC%98%A8%EC%A0%95-%EC%96%BC%EC%9D%8C%EC%A0%95%EC%88%98%EA%B8%B0-(%EC%8A%A4%ED%83%A0%EB%93%9C%ED%98%95)"
"unmatched_remote","","","","현대큐밍","HQP1830CW0","정수기","https://rentre.kr/product/1522012467/%EB%8D%94%ED%93%A8%EC%96%B4-%EB%B2%A0%EC%9D%B4%EC%A7%81-%EB%83%89%EC%98%A8-%EC%A0%95%EC%88%98%EA%B8%B0-(%EB%8D%B0%EC%8A%A4%ED%81%AC%ED%98%95)"
"unmatched_remote","","","","코웨이","CP-7211N_V2","정수기","https://rentre.kr/product/1600007463/%EC%95%84%EC%9D%B4%EC%BD%982-%EB%83%89%EC%A0%95-%EC%A0%95%EC%88%98%EA%B8%B0-(26%EB%85%84-%EC%B6%9C%EC%8B%9C)"
"unmatched_remote","","","","LG","WD525ACB","정수기","https://rentre.kr/product/1522012371/%ED%93%A8%EB%A6%AC%EC%BC%80%EC%96%B4-%EC%98%A4%EB%B8%8C%EC%A0%9C%EC%BB%AC%EB%A0%89%EC%85%98-%EC%83%81%ED%95%98%EC%A2%8C%EC%9A%B0-%EB%83%89%EC%98%A8%EC%A0%95-%EC%A0%95%EC%88%98%EA%B8%B0"
"matched","chungho-wp-30c9560bn","청호나이스","WP-30C9560BN","청호나이스","WP-30C9560BN","정수기","https://rentre.kr/product/1600008344/%EC%9E%90%EA%B0%80%EA%B4%80%EB%A6%AC-%EC%85%80%ED%94%84-%EB%83%89%EC%98%A8-%EC%A0%95%EC%88%98%EA%B8%B0-(%ED%99%94%EC%9D%B4%ED%8A%B8%2F%EC%8B%A4%EB%B2%84)"
"unmatched_remote","","","","LG","WD221MCB","정수기","https://rentre.kr/product/1522013588/%ED%93%A8%EB%A6%AC%EC%BC%80%EC%96%B4-%EC%98%A4%EB%B8%8C%EC%A0%9C%EC%BB%AC%EB%A0%89%EC%85%98-%EB%9D%BC%EC%9D%B4%ED%8A%B8%EC%98%A8-%EB%83%89%EC%98%A8%EC%A0%95-%EC%A0%95%EC%88%98%EA%B8%B0"
"unmatched_remote","","","","LG","WD524VCT","정수기","https://rentre.kr/product/1600004393/%ED%93%A8%EB%A6%AC%EC%BC%80%EC%96%B4-%EC%98%A4%EB%B8%8C%EC%A0%9C%EC%BB%AC%EB%A0%89%EC%85%98-%EB%83%89%EC%98%A8%EC%A0%95-%EC%A0%95%EC%88%98%EA%B8%B0(%EC%9D%8C%EC%84%B1%EC%9D%B8%EC%8B%9D%2C-%EB%A7%9E%EC%B6%A4%EC%B6%9C%EC%88%98)"
"unmatched_remote","","","","현대큐밍","HQPI73CG0E","정수기","https://rentre.kr/product/1522013511/%EB%94%9C%EB%9D%BC%EC%9D%B4%ED%8A%B8-%EC%95%84%EC%9D%B4%EC%8A%A4-%EC%96%BC%EC%9D%8C-%EB%83%89%EC%98%A8%EC%A0%95-%EC%A0%95%EC%88%98%EA%B8%B0-(%EB%B0%94%EB%94%94%EC%83%89-%EC%84%A0%ED%83%9D%EA%B0%80%EB%8A%A5)"
"unmatched_remote","","","","코웨이","CPI-7400N_V2","정수기","https://rentre.kr/product/1522013569/%EC%95%84%EC%9D%B4%EC%BD%98-%EB%83%89%EC%A0%95-%EC%96%BC%EC%9D%8C%EC%A0%95%EC%88%98%EA%B8%B0"
"matched","chungho-wi-80s9p510m","청호나이스","WI-80S9P510M","청호나이스","WI-80S9P510M","정수기","https://rentre.kr/product/1522012062/%EC%8A%88%ED%8D%BC%EC%95%84%EC%9D%B4%EC%8A%A4%ED%8A%B8%EB%A6%AC-%EB%83%89%EC%98%A8%EC%A0%95-%EC%96%BC%EC%9D%8C%EC%A0%95%EC%88%98%EA%B8%B0"
"matched","coway-chp-3140n","코웨이","CHP-3140N","코웨이","CHP-3140N","정수기","https://rentre.kr/product/3260201/%EB%85%B8%EB%B8%94-%EB%B9%8C%ED%8A%B8%EC%9D%B8-%EB%83%89%EC%98%A8%EC%A0%95-%EC%A0%95%EC%88%98%EA%B8%B0"
"unmatched_remote","","","","쿠쿠","CP-ABSC100GP","정수기","https://rentre.kr/product/1522012083/%EC%9D%B8%EC%8A%A4%ED%93%A8%EC%96%B4-%EC%8A%A4%ED%8C%80100-%EB%B0%94%EB%A6%AC%EC%8A%A4%ED%83%80-%EB%83%89%EC%98%A8%EC%A0%95-%EC%BB%A4%ED%94%BC%EC%A0%95%EC%88%98%EA%B8%B0"
"unmatched_remote","","","","LG","WD520MC","정수기","https://rentre.kr/product/1600008346/%ED%93%A8%EB%A6%AC%EC%BC%80%EC%96%B4-%EC%98%A4%EB%B8%8C%EC%A0%9C%EC%BB%AC%EB%A0%89%EC%85%98-%EB%83%89%EC%98%A8%EC%A0%95-%EC%A0%95%EC%88%98%EA%B8%B0(%EB%9D%BC%EC%9D%B4%ED%8A%B8%EC%98%A8%2C-26%EB%85%84-%EC%B6%9C%EC%8B%9C)"
"unmatched_remote","","","","쿠쿠","CP-SS100HGM","정수기","https://rentre.kr/product/1522011095/%EC%9D%B8%EC%8A%A4%ED%93%A8%EC%96%B4-%EC%A0%9C%EB%A1%9C%EB%B0%B1-%EB%81%93%EC%9D%B8%EB%AC%BC-%EB%83%89%EC%98%A8%EC%A0%95-%EC%96%BC%EC%9D%8C%EC%A0%95%EC%88%98%EA%B8%B0"
"matched","chungho-wi-36c90620n","청호나이스","WI-36C90620N","청호나이스","WI-36C90620N","정수기","https://rentre.kr/product/1522012478/%EB%89%B4%EC%95%84%EC%9D%B4%EC%8A%A4%ED%8A%B8%EB%A6%AC-%EC%A7%81%EC%88%98-%EB%83%89%EC%98%A8%EC%A0%95-%EC%96%BC%EC%9D%8C%EC%A0%95%EC%88%98%EA%B8%B0"
"unmatched_remote","","","","웰스","WT672NWA","정수기","https://rentre.kr/product/1600007662/%EC%9B%B0%EC%8A%A4-%EC%8A%88%ED%8D%BC%EC%BF%A8%EB%A7%812-%EB%83%89%EC%98%A8%EC%A0%95-%EC%A0%95%EC%88%98%EA%B8%B0"
"unmatched_remote","","","","쿠쿠","CP-DN2001S","정수기","https://rentre.kr/product/1522012002/%EC%97%85%EC%86%8C%EC%9A%A9-%EB%8C%80%EC%9A%A9%EB%9F%89-%EB%83%89%EC%98%A8%EC%A0%95-%EC%A0%95%EC%88%98%EA%B8%B0"
"matched","coway-p-350n","코웨이","P-350N","코웨이","P-350N","정수기","https://rentre.kr/product/1522011671/%EB%82%98%EB%85%B8%EC%A7%81%EC%88%98-%EC%A0%95%EC%88%98%EA%B8%B0-%EB%AF%B8%EB%8B%88"
"unmatched_remote","","","","쿠쿠","CP-AKS011GB(S)","정수기","https://rentre.kr/product/1600003822/%EC%8A%AC%EB%A6%BC-%EC%A0%95%EC%88%98%EC%A0%84%EC%9A%A9-%EC%A7%81%EC%88%98-%EC%A0%95%EC%88%98%EA%B8%B0"
"unmatched_remote","","","","청호나이스","WI-60C90521M","정수기","https://rentre.kr/product/1600007576/%EC%95%84%EC%9D%B4%EC%8A%A4%ED%8A%B8%EB%A6%AC-%ED%94%8C%EB%A6%AC-%EB%83%89%EC%98%A8%EC%A0%95-%EC%96%BC%EC%9D%8C%EC%A0%95%EC%88%98%EA%B8%B0"
"matched","cuckoo-cp-w602hw","쿠쿠","CP-W602HW","쿠쿠","CP-W602HW","정수기","https://rentre.kr/product/1522011278/%EC%9D%B8%EC%8A%A4%ED%93%A8%EC%96%B4-%EB%83%89%EC%98%A8-%EC%A0%95%EC%88%98%EA%B8%B0"
"matched","coway-chpi-620l","코웨이","CHPI-620L","코웨이","CHPI-620L","정수기","https://rentre.kr/product/3180101/%EC%95%84%EC%9D%B4%EC%8A%A4-%EC%8A%A4%ED%83%A0%EB%93%9C-1.0-%EB%83%89%EC%98%A8%EC%A0%95-%EC%96%BC%EC%9D%8C%EC%A0%95%EC%88%98%EA%B8%B0"
"unmatched_remote","","","","현대큐밍","HQPM11CE0C","정수기","https://rentre.kr/product/1522010131/%EB%8D%94%EC%8A%AC%EB%A6%BC-%EB%A7%88%EC%9D%B4%ED%95%8F-(%EB%83%89%EC%98%A8%EC%A0%95)"
"matched","coway-cpi-7410n","코웨이","CPI-7410N","코웨이","CPI-7410N","정수기","https://rentre.kr/product/1600005364/%EC%95%84%EC%9D%B4%EC%BD%98-%EC%8A%A4%ED%83%A0%EB%8B%A4%EB%93%9C-%EB%83%89%EC%A0%95-%EC%96%BC%EC%9D%8C%EC%A0%95%EC%88%98%EA%B8%B0"
"matched","coway-cpi-7410n-2","코웨이","CPI-7410N","코웨이","CPI-7410N","정수기","https://rentre.kr/product/1600005364/%EC%95%84%EC%9D%B4%EC%BD%98-%EC%8A%A4%ED%83%A0%EB%8B%A4%EB%93%9C-%EB%83%89%EC%A0%95-%EC%96%BC%EC%9D%8C%EC%A0%95%EC%88%98%EA%B8%B0"
"matched","cuckoo-cp-wr602hw","쿠쿠","CP-WR602HW","쿠쿠","CP-WR602HW","정수기","https://rentre.kr/product/1522011976/%EC%9D%B8%EC%8A%A4%ED%93%A8%EC%96%B4-%EC%A7%80%ED%95%98%EC%88%98-%EB%83%89%EC%98%A8-%EC%A0%95%EC%88%98%EA%B8%B0"
"unmatched_remote","","","","웰스","WS672MWA","정수기","https://rentre.kr/product/1600005617/%EC%8A%AC%EB%A6%BC%EC%9B%90-%EB%83%89%EC%98%A8%EC%A0%95-%EC%A0%95%EC%88%98%EA%B8%B0"
"unmatched_remote","","","","현대큐밍","HQPS11CG0E","정수기","https://rentre.kr/product/1522013113/%EB%94%9C%EB%9D%BC%EC%9D%B4%ED%8A%B8-%EC%A7%81%EC%88%98-%EB%83%89%EC%98%A8%EC%A0%95-%EC%A0%95%EC%88%98%EA%B8%B0-(%EB%B0%94%EB%94%94%EC%83%89-%EC%84%A0%ED%83%9D%EA%B0%80%EB%8A%A5)"
"unmatched_remote","","","","SK매직","WPUPBC204SWH","정수기","https://rentre.kr/product/1600001989/%EB%89%B4-%EB%AF%B8%EB%8B%88-%EC%A0%95%EC%88%98%EC%A0%84%EC%9A%A9-%EC%A0%95%EC%88%98%EA%B8%B0"
"matched","coway-chp-6340l","코웨이","CHP-6340L","코웨이","CHP-6340L","정수기","https://rentre.kr/product/1522011981/%EC%97%98%EB%A6%AC%ED%8A%B8-%EB%83%89%EC%98%A8%EC%A0%95-%EC%A0%95%EC%88%98%EA%B8%B0"
"matched","coway-chpi-5820l","코웨이","CHPI-5820L","코웨이","CHPI-5820L","정수기","https://rentre.kr/product/1600006902/%EC%95%84%EC%9D%B4%EC%8A%A4-%EC%8A%A4%ED%83%A0%EB%93%9C-3.0-%EB%83%89%EC%98%A8%EC%A0%95-%EC%96%BC%EC%9D%8C%EC%A0%95%EC%88%98%EA%B8%B0"
"matched","coway-chpi-5820l-2","코웨이","CHPI-5820L","코웨이","CHPI-5820L","정수기","https://rentre.kr/product/1600006902/%EC%95%84%EC%9D%B4%EC%8A%A4-%EC%8A%A4%ED%83%A0%EB%93%9C-3.0-%EB%83%89%EC%98%A8%EC%A0%95-%EC%96%BC%EC%9D%8C%EC%A0%95%EC%88%98%EA%B8%B0"
"unmatched_remote","","","","웰스","WT652NWA","정수기","https://rentre.kr/product/1600007661/%EC%9B%B0%EC%8A%A4-%EC%8A%88%ED%8D%BC%EC%BF%A8%EB%A7%812-%EB%83%89%EC%A0%95-%EC%A0%95%EC%88%98%EA%B8%B0"
"matched","chungho-wp-80s9p510m","청호나이스","WP-80S9P510M","청호나이스","WP-80S9P510M","정수기","https://rentre.kr/product/1522012503/%EC%8A%88%ED%8D%BC%ED%8A%B8%EB%A6%AC-%EB%83%89%EC%98%A8%EC%A0%95-%EC%A0%95%EC%88%98%EA%B8%B0"
"matched","chungho-wp-30s50010n","청호나이스","WP-30S50010N","청호나이스","WP-30S50010N","정수기","https://rentre.kr/product/1522010138/%EC%95%A0%EB%8B%88-%EB%83%89%EC%98%A8-%EC%A0%95%EC%88%98%EA%B8%B0"
"unmatched_remote","","","","SK매직","WPUJAC115PPN","정수기","https://rentre.kr/product/1600006590/PSG-%EC%B4%88%EC%86%8C%ED%98%95-%ED%94%8C%EB%9F%AC%EC%8A%A4-%EC%A7%81%EC%88%98-%EB%83%89%EC%98%A8%EC%A0%95-%EC%A0%95%EC%88%98%EA%B8%B0"
"unmatched_remote","","","","SK매직","WPUGBC102SCE","정수기","https://rentre.kr/product/2140101/%EC%97%90%EC%BD%94%EB%AF%B8%EB%8B%88-%EC%A0%95%EC%88%98%EC%A0%84%EC%9A%A9-%EC%A0%95%EC%88%98%EA%B8%B0-Green-41"
"unmatched_remote","","","","SK매직","WPUJAC104SWW","정수기","https://rentre.kr/product/1522013471/%EC%9C%84%EA%B8%80%EC%9C%84%EA%B8%80-%EC%B4%88%EC%86%8C%ED%98%95-%EC%A7%81%EC%88%98-%EB%83%89%EC%98%A8%EC%A0%95-%EC%A0%95%EC%88%98%EA%B8%B0-(24%EB%85%84-5%EC%9B%94-%EC%B6%9C%EC%8B%9C)"
"matched","coway-chp-5730l","코웨이","CHP-5730L","코웨이","CHP-5730L","정수기","https://rentre.kr/product/1600006048/%EC%9B%8C%ED%84%B0%EC%8A%A4%ED%83%A0%EB%93%9C-%ED%94%8C%EB%9F%AC%EC%8A%A4-%EB%83%89%EC%98%A8%EC%A0%95-%EC%A0%95%EC%88%98%EA%B8%B0-(%EC%A7%80%ED%95%98%EC%88%98)"
"unmatched_remote","","","","LG","WD525AS","정수기","https://rentre.kr/product/1522012369/%ED%93%A8%EB%A6%AC%EC%BC%80%EC%96%B4-%EC%83%81%ED%95%98%EC%A2%8C%EC%9A%B0-%EB%83%89%EC%98%A8%EC%A0%95-%EC%A0%95%EC%88%98%EA%B8%B0"
"matched","coway-chpi-7511l","코웨이","CHPI-7511L","코웨이","CHPI-7511L","정수기","https://rentre.kr/product/3010201/AIS(%EC%95%84%EC%9D%B4%EC%8A%A4)-3.0-%EB%83%89%EC%98%A8%EC%A0%95-%EC%96%BC%EC%9D%8C%EC%A0%95%EC%88%98%EA%B8%B0-IoCare"
"matched","coway-chpi-7511l-2","코웨이","CHPI-7511L","코웨이","CHPI-7511L","정수기","https://rentre.kr/product/3010201/AIS(%EC%95%84%EC%9D%B4%EC%8A%A4)-3.0-%EB%83%89%EC%98%A8%EC%A0%95-%EC%96%BC%EC%9D%8C%EC%A0%95%EC%88%98%EA%B8%B0-IoCare"
"matched","cuckoo-cp-ss101hw","쿠쿠","CP-SS101HW","쿠쿠","CP-SS101HW","정수기","https://rentre.kr/product/1522012942/%EC%9D%B8%EC%95%A4%EC%95%84%EC%9B%83-%EC%95%84%EC%9D%B4%EC%8A%A4-10'S-%EC%A0%95%EC%88%98%EA%B8%B0"
"matched","coway-chp-5700r","코웨이","CHP-5700R","코웨이","CHP-5700R","정수기","https://rentre.kr/product/3200101/RO-%EC%A7%81%EC%88%98-%EC%8A%A4%ED%83%A0%EB%93%9C-%EB%83%89%EC%98%A8%EC%A0%95-%EC%A0%95%EC%88%98%EA%B8%B0"
"matched","cuckoo-cp-w602sw","쿠쿠","CP-W602SW","쿠쿠","CP-W602SW","정수기","https://rentre.kr/product/1522011279/%EC%9D%B8%EC%8A%A4%ED%93%A8%EC%96%B4-%EC%8A%A4%ED%83%A0%EB%93%9C-%EB%83%89%EC%98%A8-%EC%A0%95%EC%88%98%EA%B8%B0"
"matched","coway-p-6320l","코웨이","P-6320L","코웨이","P-6320L","정수기","https://rentre.kr/product/3140101/%ED%94%84%EB%9D%BC%EC%9E%84-%EC%A0%95%EC%88%98%EA%B8%B0-%EB%B2%A0%EC%9D%B4%EC%A7%81"
"matched","lg-wd325as","LG","WD325AS","LG","WD325AS","정수기","https://rentre.kr/product/1522012395/%ED%93%A8%EB%A6%AC%EC%BC%80%EC%96%B4-%EC%83%81%ED%95%98%EC%A2%8C%EC%9A%B0-%EB%83%89%EC%A0%95-%EC%A0%95%EC%88%98%EA%B8%B0"
"unmatched_remote","","","","쿠쿠","CP-AJS801SW(S)","정수기","https://rentre.kr/product/1600003792/%EB%8C%80%EC%9A%A9%EB%9F%89-%EC%8A%A4%ED%83%A0%EB%93%9C%ED%98%95-%EC%96%BC%EC%9D%8C-%EC%A0%95%EC%88%98%EA%B8%B0"
"matched","coway-chp-5711l","코웨이","CHP-5711L","코웨이","CHP-5711L","정수기","https://rentre.kr/product/1600001609/%EC%9B%8C%ED%84%B0%EC%8A%A4%ED%83%A0%EB%93%9C2-%EB%83%89%EC%98%A8%EC%A0%95-%EC%A0%95%EC%88%98%EA%B8%B0"
"matched","cuckoo-cp-acs1610snw","쿠쿠","CP-ACS1610SNW","쿠쿠","CP-ACS1610SNW","정수기","https://rentre.kr/product/1600001772/%EB%8C%80%EC%9A%A9%EB%9F%89-%EC%B4%88%EA%B3%A0%EC%98%A8%EC%88%98-%EB%83%89%EC%98%A8%EC%A0%95-%EC%96%BC%EC%9D%8C%EC%A0%95%EC%88%98%EA%B8%B0-(%EC%8A%A4%ED%83%A0%EB%93%9C%ED%98%95%2C-%EB%82%98%EB%85%B8%ED%95%84%ED%84%B0)"
"unmatched_remote","","","","SK매직","WPUB600FREWH","정수기","https://rentre.kr/product/2110201/%EA%B7%B8%EB%9E%9C%EB%93%9C-%EB%83%89%EC%98%A8-%EC%A0%95%EC%88%98%EA%B8%B0-(%EB%82%98%EB%85%B8%ED%95%84%ED%84%B0)"
"unmatched_remote","","","","코웨이","CHPCI-8400N","정수기","https://rentre.kr/product/1600008342/%EC%B9%B4%ED%8E%98-%EB%83%89%EC%98%A8%EC%A0%95-%EC%96%BC%EC%9D%8C%EC%A0%95%EC%88%98%EA%B8%B0"
"unmatched_remote","","","","SK매직","WPUTDC104RNW","정수기","https://rentre.kr/product/1600004404/%EB%89%B4%EC%8A%AC%EB%A6%BC-%ED%94%8C%EB%9F%AC%EC%8A%A4-%EB%83%89%EC%98%A8%EC%A0%95-%EC%A0%95%EC%88%98%EA%B8%B0-(UF%ED%95%84%ED%84%B0)"
"matched","chungho-wi-53c8600m","청호나이스","WI-53C8600M","청호나이스","WI-53C8600M","정수기","https://rentre.kr/product/4090201/%EC%98%B4%EB%8B%88%ED%94%8C%EB%9F%AC%EC%8A%A4-%EB%83%89%EC%A0%95-%EC%96%BC%EC%9D%8C%EC%A0%95%EC%88%98%EA%B8%B0"
"unmatched_remote","","","","현대큐밍","HQP1830SW0","정수기","https://rentre.kr/product/1522012465/%EB%8D%94%ED%93%A8%EC%96%B4-%EB%B2%A0%EC%9D%B4%EC%A7%81-%EB%83%89%EC%98%A8-%EC%A0%95%EC%88%98%EA%B8%B0-(%EC%8A%A4%ED%83%A0%EB%93%9C%ED%98%95)"
"matched","coway-cpi-7511l","코웨이","CPI-7511L","코웨이","CPI-7511L","정수기","https://rentre.kr/product/3010101/AIS(%EC%95%84%EC%9D%B4%EC%8A%A4)-3.0-%EB%83%89%EC%A0%95-%EC%96%BC%EC%9D%8C%EC%A0%95%EC%88%98%EA%B8%B0-IoCare"
"matched","coway-cpi-7511l-2","코웨이","CPI-7511L","코웨이","CPI-7511L","정수기","https://rentre.kr/product/3010101/AIS(%EC%95%84%EC%9D%B4%EC%8A%A4)-3.0-%EB%83%89%EC%A0%95-%EC%96%BC%EC%9D%8C%EC%A0%95%EC%88%98%EA%B8%B0-IoCare"
"matched","chungho-wp-30c8460n","청호나이스","WP-30C8460N","청호나이스","WP-30C8460N ","정수기","https://rentre.kr/product/1600003846/%EC%9E%90%EA%B0%80%EA%B4%80%EB%A6%AC-%EC%85%80%ED%94%84-%EB%83%89%EC%A0%95-%EC%A0%95%EC%88%98%EA%B8%B0"
"matched","coway-cpsi-8510l","코웨이","CPSI-8510L","코웨이","CPSI-8510L","정수기","https://rentre.kr/product/3010301/AIS(%EC%95%84%EC%9D%B4%EC%8A%A4)-3.0-%EC%8A%A4%ED%8C%8C%ED%81%B4%EB%A7%81-%EB%83%89%EC%A0%95-%EC%96%BC%EC%9D%8C%EC%A0%95%EC%88%98%EA%B8%B0"
"matched","coway-cpsi-8510l-2","코웨이","CPSI-8510L","코웨이","CPSI-8510L","정수기","https://rentre.kr/product/3010301/AIS(%EC%95%84%EC%9D%B4%EC%8A%A4)-3.0-%EC%8A%A4%ED%8C%8C%ED%81%B4%EB%A7%81-%EB%83%89%EC%A0%95-%EC%96%BC%EC%9D%8C%EC%A0%95%EC%88%98%EA%B8%B0"
"matched","coway-chpi-5810l","코웨이","CHPI-5810L","코웨이","CHPI-5810L","정수기","https://rentre.kr/product/1522010471/%EC%95%84%EC%9D%B4%EC%8A%A4-%EC%8A%A4%ED%83%A0%EB%93%9C-3.8-%EB%83%89%EC%98%A8%EC%A0%95-%EC%96%BC%EC%9D%8C%EC%A0%95%EC%88%98%EA%B8%B0"
"unmatched_remote","","","","SK매직","WPUTDF104RNW","정수기","https://rentre.kr/product/1600004405/%EB%89%B4%EC%8A%AC%EB%A6%BC-%ED%94%8C%EB%9F%AC%EC%8A%A4-%EB%83%89%EC%98%A8%EC%A0%95-%EC%8A%A4%ED%83%A0%EB%93%9C-%EC%A0%95%EC%88%98%EA%B8%B0-(UF%ED%95%84%ED%84%B0)"
"matched","lg-ws511sh","LG","WS511SH","LG","WS511SH","정수기","https://rentre.kr/product/1600006268/%ED%93%A8%EB%A6%AC%EC%BC%80%EC%96%B4-%EC%98%A4%EB%B8%8C%EC%A0%9C%EC%BB%AC%EB%A0%89%EC%85%98-%EC%8A%AC%EB%A6%BC%EC%8A%A4%ED%83%A0%EB%93%9C-%EB%83%89%EC%98%A8%EC%A0%95-%EC%A0%95%EC%88%98%EA%B8%B0"
"matched","chungho-wf-60c90521m","청호나이스","WF-60C90521M","청호나이스","WF-60C90521M","정수기","https://rentre.kr/product/1600007501/%EC%97%90%EC%8A%A4%ED%94%84%EB%A0%88%EC%B9%B4%ED%8E%98-%EB%B8%94%EB%9E%99%EC%97%90%EB%94%94%EC%85%98-%EC%BB%A4%ED%94%BC-%EC%96%BC%EC%9D%8C%EC%A0%95%EC%88%98%EA%B8%B0"
"unmatched_remote","","","","SK매직","WPUTDC114RNW","정수기","https://rentre.kr/product/1600004402/%EB%89%B4%EC%8A%AC%EB%A6%BC-%ED%94%8C%EB%9F%AC%EC%8A%A4-%EB%83%89%EC%98%A8%EC%A0%95-%EC%A0%95%EC%88%98%EA%B8%B0-(%EB%82%98%EB%85%B8%ED%95%84%ED%84%B0)"
"unmatched_remote","","","","SK매직","WPUIAC425PNS","정수기","https://rentre.kr/product/1600006591/PSG-%EC%9B%90%EC%BD%94%ED%81%AC-%ED%94%8C%EB%9F%AC%EC%8A%A4-%EC%96%BC%EC%9D%8C%EB%AC%BC-%EC%A0%95%EC%88%98%EA%B8%B0-(25%EB%85%84-%EC%B6%9C%EC%8B%9C)"
"matched","chungho-wi-70s90010m","청호나이스","WI-70S90010M","청호나이스","WI-70S90010M","정수기","https://rentre.kr/product/1522012482/NEW-700-%EB%83%89%EC%98%A8%EC%A0%95-%EC%96%BC%EC%9D%8C%EC%A0%95%EC%88%98%EA%B8%B0"
"matched","chungho-wp-50s90010m","청호나이스","WP-50S90010M","청호나이스","WP-50S90010M","정수기","https://rentre.kr/product/1522012501/%ED%86%A0%ED%83%80-R-%EB%83%89%EC%98%A8%EC%A0%95-%EC%A0%95%EC%88%98%EA%B8%B0"
"matched","lg-wu823as","LG","WU823AS","LG","WU823AS","정수기","https://rentre.kr/product/1522012117/%ED%93%A8%EB%A6%AC%EC%BC%80%EC%96%B4-%EB%93%80%EC%96%BC-%EB%83%89%EC%A0%95-%EC%A0%95%EC%88%98%EA%B8%B0"
"matched","cuckoo-cp-ad011ugw","쿠쿠","CP-AD011UGW","쿠쿠","CP-AD011UGW","정수기","https://rentre.kr/product/1522012436/%EC%9D%B8%EC%8A%A4%ED%93%A8%EC%96%B4-%EC%A7%81%EC%88%98-%EC%96%B8%EB%8D%94%EC%8B%B1%ED%81%AC-%EC%A0%95%EC%88%98%EA%B8%B0"
"matched","chungho-wi-55s90510m","청호나이스","WI-55S90510M","청호나이스","WI-55S90510M","정수기","https://rentre.kr/product/1600001766/550-%EB%83%89%EC%98%A8%EC%A0%95-%EC%96%BC%EC%9D%8C%EC%A0%95%EC%88%98%EA%B8%B0"
"matched","coway-chp-8310l","코웨이","CHP-8310L","코웨이","CHP-8310L","정수기","https://rentre.kr/product/3280201/%EB%85%B8%EB%B8%94-%EB%83%89%EC%98%A8%EC%A0%95-%EC%A0%95%EC%88%98%EA%B8%B0-RO"
"matched","cuckoo-cp-ws601hw","쿠쿠","CP-WS601HW","쿠쿠","CP-WS601HW","정수기","https://rentre.kr/product/5130101/%EC%9D%B8%EC%8A%A4%ED%93%A8%EC%96%B4-%EC%BD%94%ED%81%AC%EC%82%B4%EA%B7%A0-%EB%83%89%EC%98%A8%EC%A0%95-%EC%A0%95%EC%88%98%EA%B8%B0"
"unmatched_remote","","","","SK매직","WPUIC110FRSL","정수기","https://rentre.kr/product/1600001885/FS%EC%A7%81%EC%88%98-%EB%83%89%EC%98%A8%EC%A0%95-%EC%96%BC%EC%9D%8C%EC%A0%95%EC%88%98%EA%B8%B0"
"unmatched_remote","","","","웰스","WR872MWA","정수기","https://rentre.kr/product/1600005021/%EC%95%84%EC%9D%B4%EC%8A%A4%EC%9B%90-%EC%96%BC%EC%9D%8C%EC%A0%95%EC%88%98%EA%B8%B0"
"matched","coway-chp-8200n","코웨이","CHP-8200N","코웨이","CHP-8200N","정수기","https://rentre.kr/product/3250201/%EB%85%B8%EB%B8%94-%EB%83%89%EC%98%A8%EC%A0%95-%EC%A0%95%EC%88%98%EA%B8%B0-%EC%84%B8%EB%A1%9C"
"matched","chungho-wp-60c90520m","청호나이스","WP-60C90520M","청호나이스","WP-60C90520M","정수기","https://rentre.kr/product/1600007481/%EC%84%B8%EB%8B%88%ED%83%80-%EB%83%89%EC%98%A8%EC%A0%95-%EC%A0%95%EC%88%98%EA%B8%B0"
"matched","chungho-wp-60c90520m-2","청호나이스","WP-60C90520M","청호나이스","WP-60C90520M","정수기","https://rentre.kr/product/1600007481/%EC%84%B8%EB%8B%88%ED%83%80-%EB%83%89%EC%98%A8%EC%A0%95-%EC%A0%95%EC%88%98%EA%B8%B0"
"matched","coway-chpi-5830l","코웨이","CHPI-5830L","코웨이","CHPI-5830L","정수기","https://rentre.kr/product/1600006587/%EC%95%84%EC%9D%B4%EC%8A%A4-%EC%8A%A4%ED%83%A0%EB%93%9C-5.2-%EB%83%89%EC%98%A8%EC%A0%95-%EC%96%BC%EC%9D%8C%EC%A0%95%EC%88%98%EA%B8%B0"
"matched","cuckoo-cp-wrp602sw","쿠쿠","CP-WRP602SW","쿠쿠","CP-WRP602SW","정수기","https://rentre.kr/product/1522011977/%EC%9D%B8%EC%8A%A4%ED%93%A8%EC%96%B4-%EC%A7%80%ED%95%98%EC%88%98-%EC%8A%A4%ED%83%A0%EB%93%9C-%EB%83%89%EC%98%A8%EC%A0%95-%EC%A0%95%EC%88%98%EA%B8%B0"
"unmatched_remote","","","","쿠쿠","CP-FN603SW","정수기","https://rentre.kr/product/1600006357/%EB%82%B4%EC%B6%94%EB%9F%B4%EC%9B%8C%ED%84%B0-%EB%83%89%EC%98%A8-%EC%A0%95%EC%88%98%EA%B8%B0-(%EC%8A%A4%ED%83%A0%EB%93%9C%ED%98%95%2C-%EB%82%98%EB%85%B8%ED%95%84%ED%84%B0)"
"matched","coway-chp-8210n","코웨이","CHP-8210N","코웨이","CHP-8210N","정수기","https://rentre.kr/product/3240203/%EB%85%B8%EB%B8%94-%EB%83%89%EC%98%A8%EC%A0%95-%EC%A0%95%EC%88%98%EA%B8%B0-%EA%B0%80%EB%A1%9C"
"matched","cuckoo-cp-w601hw","쿠쿠","CP-W601HW","쿠쿠","CP-W601HW","정수기","https://rentre.kr/product/1522012346/%EC%9D%B8%EC%8A%A4%ED%93%A8%EC%96%B4-%EB%83%89%EC%98%A8%EC%A0%95-%EC%A0%95%EC%88%98%EA%B8%B0-(22%EB%85%84-%EC%B6%9C%EC%8B%9C)"
"matched","coway-cp-6340l","코웨이","CP-6340L","코웨이","CP-6340L","정수기","https://rentre.kr/product/1522011980/%EC%97%98%EB%A6%AC%ED%8A%B8-%EB%83%89%EC%A0%95-%EC%A0%95%EC%88%98%EA%B8%B0"
"matched","chungho-wp-45c90020m","청호나이스","WP-45C90020M","청호나이스","WP-45C90020M","정수기","https://rentre.kr/product/1600006763/450-L-%EB%83%89%EC%98%A8%EC%A0%95-%EC%A0%95%EC%88%98%EA%B8%B0"
"unmatched_remote","","","","웰스","WP67L","정수기","https://rentre.kr/product/1600003502/%EB%93%80%EC%98%A4-%EB%83%89%EC%98%A8%EC%A0%95-%EC%A0%95%EC%88%98%EA%B8%B0-(%EB%8D%B0%EC%8A%A4%ED%81%AC%ED%98%95)"
"matched","chungho-wp-40c60000m","청호나이스","WP-40C60000M","청호나이스","WP-40C60000M","정수기","https://rentre.kr/product/1522012499/%EC%A0%95%EC%88%98%EC%A0%84%EC%9A%A9-%EC%9D%BC%EB%B0%98%EC%A0%95%EC%88%98%EA%B8%B0-S"
"matched","cuckoo-cp-dn1201s","쿠쿠","CP-DN1201S","쿠쿠","CP-DN1201S","정수기","https://rentre.kr/product/1522011653/%EB%82%98%EB%85%B8%ED%8F%AC%EC%A7%80%ED%8B%B0%EB%B8%8C%ED%95%84%ED%84%B0-%EC%8A%A4%ED%83%A0%EB%93%9C-%EB%83%89%EC%98%A8%EC%A0%95-%EC%A0%95%EC%88%98%EA%B8%B0"
"matched","chungho-wi-55s9p510m","청호나이스","WI-55S9P510M","청호나이스","WI-55S9P510M","정수기","https://rentre.kr/product/1600001767/550-P-%EB%83%89%EC%98%A8%EC%A0%95-%EC%96%BC%EC%9D%8C%EC%A0%95%EC%88%98%EA%B8%B0-(%ED%8E%8C%ED%94%84%ED%98%95)"
"unmatched_remote","","","","웰스","WS674MWA","정수기","https://rentre.kr/product/1600006051/%EC%8A%AC%EB%A6%BC%EC%9B%90-%EB%83%89%EC%98%A8%EC%A0%95-%EC%A0%95%EC%88%98%EA%B8%B0-(%EC%82%B4%EA%B7%A0%2B)"
"matched","cuckoo-cp-qn3002s","쿠쿠","CP-QN3002S","쿠쿠","CP-QN3002S","정수기","https://rentre.kr/product/1600003626/%EC%9D%B8%EC%8A%A4%ED%93%A8%EC%96%B4-%EB%8C%80%EC%9A%A9%EB%9F%89-%EB%83%89%EC%98%A8%EC%A0%95-%EC%A0%95%EC%88%98%EA%B8%B0"
"matched","coway-chpi-5801l","코웨이","CHPI-5801L","코웨이","CHPI-5801L","정수기","https://rentre.kr/product/3170101/%EC%95%84%EC%9D%B4%EC%8A%A4-%EC%8A%A4%ED%83%A0%EB%93%9C-%EB%83%89%EC%98%A8%EC%A0%95-%EC%96%BC%EC%9D%8C%EC%A0%95%EC%88%98%EA%B8%B0"
"matched","coway-chpi-5801l-2","코웨이","CHPI-5801L","코웨이","CHPI-5801L","정수기","https://rentre.kr/product/3170101/%EC%95%84%EC%9D%B4%EC%8A%A4-%EC%8A%A4%ED%83%A0%EB%93%9C-%EB%83%89%EC%98%A8%EC%A0%95-%EC%96%BC%EC%9D%8C%EC%A0%95%EC%88%98%EA%B8%B0"
"matched","coway-chp-5720l","코웨이","CHP-5720L","코웨이","CHP-5720L","정수기","https://rentre.kr/product/1522011417/%ED%94%84%EB%9D%BC%EC%9E%84-%EC%8A%A4%ED%83%A0%EB%93%9C-%EB%83%89%EC%98%A8%EC%A0%95-%EC%A0%95%EC%88%98%EA%B8%B0"
"unmatched_remote","","","","쿠쿠","CP-AF1601SW(S)","정수기","https://rentre.kr/product/1600003821/%EC%9D%B8%EC%8A%A4%ED%93%A8%EC%96%B4-%EB%83%89%EC%98%A8-%EC%8A%A4%ED%83%A0%EB%93%9C-%EC%A0%95%EC%88%98%EA%B8%B0"
"matched","coway-p-2210n","코웨이","P-2210N","코웨이","P-2210N","정수기","https://rentre.kr/product/1600006044/%EC%8A%A4%EC%9C%84%EC%B9%98-%EB%B9%8C%ED%8A%B8%EC%9D%B8-%EC%A0%95%EC%88%98%EA%B8%B0"
"matched","chungho-wp-60c90511m","청호나이스","WP-60C90511M","청호나이스","WP-60C90511M","정수기","https://rentre.kr/product/1600001762/%EC%95%84%EC%9D%B4%EC%8A%A4%ED%8A%B8%EB%A6%AC-%ED%94%8C%EB%A6%AC-%EB%83%89%EC%98%A8%EC%A0%95-%EC%A0%95%EC%88%98%EA%B8%B0"
"matched","cuckoo-cp-acsr1620sw","쿠쿠","CP-ACSR1620SW","쿠쿠","CP-ACSR1620SW","정수기","https://rentre.kr/product/1600002246/%EB%8C%80%EC%9A%A9%EB%9F%89-%EC%B4%88%EA%B3%A0%EC%98%A8%EC%88%98-%EB%83%89%EC%98%A8%EC%A0%95-%EC%96%BC%EC%9D%8C%EC%A0%95%EC%88%98%EA%B8%B0-(%EC%8A%A4%ED%83%A0%EB%93%9C%ED%98%95%2C-%EC%97%AD%EC%82%BC%ED%88%AC%EC%95%95%ED%95%84%ED%84%B0)"
"unmatched_remote","","","","SK매직","WPUMAC306SWH","정수기","https://rentre.kr/product/1600007047/%ED%88%AC%EC%9B%8C%ED%84%B0-%EC%A7%81%EC%88%98-%EB%83%89%EC%98%A8%EC%A0%95-%EC%A0%95%EC%88%98%EA%B8%B0"
"matched","chungho-wp-35c90010n","청호나이스","WP-35C90010N","청호나이스","WP-35C90010N","정수기","https://rentre.kr/product/1522011393/%EC%95%A0%EB%8B%88%ED%94%8C%EB%9F%AC%EC%8A%A4-%EB%83%89%EC%98%A8%EC%A0%95-%EC%A0%95%EC%88%98%EA%B8%B0"
"matched","coway-chp-264l","코웨이","CHP-264L","코웨이","CHP-264L","정수기","https://rentre.kr/product/3120101/%ED%94%84%EB%9D%BC%EC%9E%84-1.0-%EC%A0%95%EC%88%98%EA%B8%B0"
"unmatched_remote","","","","현대큐밍","HQP1815CB0","정수기","https://rentre.kr/product/1522012469/%EB%8D%94%EC%8A%AC%EB%A6%BC-%EB%AF%B8%EB%8B%88"
"matched","hyundai-hqpd11cc0g","현대큐밍","HQPD11CC0G","현대큐밍","HQPD11CC0G","정수기","https://rentre.kr/product/1600007509/%EB%94%9C%EB%9D%BC%EC%9D%B4%ED%8A%B8-2-%EC%A7%81%EC%88%98-%EB%83%89%EC%98%A8%EC%A0%95-%EC%A0%95%EC%88%98%EA%B8%B0"
"unmatched_remote","","","","현대큐밍","HQPA50CE0B","정수기","https://rentre.kr/product/1522012456/%EB%8D%94%ED%93%A8%EC%96%B4-%EC%95%8C%ED%8C%8C-%EB%83%89%EC%98%A8%EC%A0%95-%EC%A0%95%EC%88%98%EA%B8%B0-(%EB%8D%B0%EC%8A%A4%ED%81%AC%ED%98%95)"
"unmatched_remote","","","","현대큐밍","HQPM14CW2D","정수기","https://rentre.kr/product/1522012446/%EB%8D%94%EC%8A%AC%EB%A6%BC-%EB%A7%88%EC%9D%B4%ED%95%8F-(%EB%83%89%EC%A0%95)"
"unmatched_remote","","","","현대큐밍","HQPM50SW0C","정수기","https://rentre.kr/product/1522011436/%EB%8D%94%ED%93%A8%EC%96%B4-%EB%A7%88%ED%81%AC%EC%97%85-%EC%A4%91%EC%9A%A9%EB%9F%89"
"unmatched_remote","","","","현대큐밍","HQP1931CS0","정수기","https://rentre.kr/product/1522012461/%EB%8D%94%ED%93%A8%EC%96%B4-%ED%94%8C%EB%9F%AC%EC%8A%A4-%EC%82%B4%EA%B7%A0-(%EB%8D%B0%EC%8A%A4%ED%81%AC%ED%98%95)"
"matched","cuckoo-cp-x501sw","쿠쿠","CP-X501SW","쿠쿠","CP-X501SW","정수기","https://rentre.kr/product/5080101/%EC%9D%B8%EC%8A%A4%ED%93%A8%EC%96%B4-%EC%8A%AC%EB%A6%BC-%EC%8A%A4%ED%83%A0%EB%93%9C-%EB%83%89%EC%98%A8%EC%A0%95-%EC%A0%95%EC%88%98%EA%B8%B0"
"matched","cuckoo-cp-ws601sw","쿠쿠","CP-WS601SW","쿠쿠","CP-WS601SW","정수기","https://rentre.kr/product/1522012437/%EC%9D%B8%EC%8A%A4%ED%93%A8%EC%96%B4-%EC%BD%94%ED%81%AC%EC%82%B4%EA%B7%A0-%EC%8A%A4%ED%83%A0%EB%93%9C-%EB%83%89%EC%98%A8%EC%A0%95-%EC%A0%95%EC%88%98%EA%B8%B0"
"unmatched_remote","","","","SK매직","WPUTDF114RNW","정수기","https://rentre.kr/product/1600004406/%EB%89%B4%EC%8A%AC%EB%A6%BC-%ED%94%8C%EB%9F%AC%EC%8A%A4-%EB%83%89%EC%98%A8%EC%A0%95-%EC%8A%A4%ED%83%A0%EB%93%9C-%EC%A0%95%EC%88%98%EA%B8%B0-(%EB%82%98%EB%85%B8%ED%95%84%ED%84%B0)"
"matched","chungho-wi-70s9p010m","청호나이스","WI-70S9P010M","청호나이스","WI-70S9P010M","정수기","https://rentre.kr/product/1600001770/NEW-700-P-%EB%83%89%EC%98%A8%EC%A0%95-%EC%96%BC%EC%9D%8C%EC%A0%95%EC%88%98%EA%B8%B0-(%ED%8E%8C%ED%94%84%ED%98%95)"
"matched","chungho-wp-30b90620n","청호나이스","WP-30B90620N","청호나이스","WP-30B90620N","정수기","https://rentre.kr/product/1600004410/%EB%B9%8C%ED%8A%B8%EC%9D%B8-%EB%83%89%EC%98%A8%EC%A0%95-%EC%A0%95%EC%88%98%EA%B8%B0-%EB%B8%94%EB%A6%AC%EC%8A%A4"
"unmatched_remote","","","","현대큐밍","HQP1770SS0","정수기","https://rentre.kr/product/1522012450/%EB%8D%94%ED%93%A8%EC%96%B4-%ED%94%84%EB%A6%AC%EB%AF%B8%EC%97%84-RO-%EB%83%89%EC%98%A8%EC%A0%95-%EC%A0%95%EC%88%98%EA%B8%B0-(%EC%8A%A4%ED%83%A0%EB%93%9C%ED%98%95)"
"unmatched_remote","","","","현대큐밍","HQP1931SS0","정수기","https://rentre.kr/product/1522012460/%EB%8D%94%ED%93%A8%EC%96%B4-%ED%94%8C%EB%9F%AC%EC%8A%A4-%EC%82%B4%EA%B7%A0-(%EC%8A%A4%ED%83%A0%EB%93%9C%ED%98%95)"
"unmatched_remote","","","","청호나이스","WI-60C80521M","정수기","https://rentre.kr/product/1600007939/%EC%95%84%EC%9D%B4%EC%8A%A4%ED%8A%B8%EB%A6%AC-%ED%94%8C%EB%A6%AC-%EB%83%89%EC%A0%95-%EC%96%BC%EC%9D%8C%EC%A0%95%EC%88%98%EA%B8%B0"
"matched","chungho-wp-60c80511m","청호나이스","WP-60C80511M","청호나이스","WP-60C80511M","정수기","https://rentre.kr/product/1600001764/%EC%95%84%EC%9D%B4%EC%8A%A4%ED%8A%B8%EB%A6%AC-%ED%94%8C%EB%A6%AC-%EB%83%89%EC%A0%95-%EC%A0%95%EC%88%98%EA%B8%B0"
"unmatched_remote","","","","SK매직","WPU9100CREWH","정수기","https://rentre.kr/product/2070101/%EB%A7%A4%EC%A7%81-%EC%96%B8%EB%8D%94%EC%8B%B1%ED%81%AC-%EC%A0%95%EC%88%98%EA%B8%B0"
"unmatched_remote","","","","SK매직","WPUB700FRENW","정수기","https://rentre.kr/product/1600006405/%EB%89%B4%EA%B7%B8%EB%9E%9C%EB%93%9C-%ED%94%84%EB%A6%AC%EC%8A%A4%ED%83%A0%EB%94%A9-%EB%83%89%EC%98%A8-%EC%A0%95%EC%88%98%EA%B8%B0-(%EB%82%98%EB%85%B8%ED%95%84%ED%84%B0)"
"unmatched_remote","","","","SK매직","WPUTDC10RRNW","정수기","https://rentre.kr/product/1600004403/%EB%89%B4%EC%8A%AC%EB%A6%BC-%ED%94%8C%EB%9F%AC%EC%8A%A4-%EB%83%89%EC%98%A8%EC%A0%95-%EC%A0%95%EC%88%98%EA%B8%B0-(RO%ED%95%84%ED%84%B0)"
"unmatched_remote","","","","현대큐밍","HQPA52SE0B","정수기","https://rentre.kr/product/1522012453/%EB%8D%94%ED%93%A8%EC%96%B4-%EC%95%8C%ED%8C%8CUV-%EB%83%89%EC%98%A8%EC%A0%95-%EC%A0%95%EC%88%98%EA%B8%B0-(%EC%8A%A4%ED%83%A0%EB%93%9C%ED%98%95)"
"unmatched_remote","","","","현대큐밍","HQPM50SW1C","정수기","https://rentre.kr/product/1522011437/%EB%8D%94%ED%93%A8%EC%96%B4-%EB%A7%88%ED%81%AC%EC%97%85-%EB%8C%80%EC%9A%A9%EB%9F%89-%EC%A0%95%EC%88%98%EA%B8%B0"
"matched","cuckoo-cp-w601sw","쿠쿠","CP-W601SW","쿠쿠","CP-W601SW","정수기","https://rentre.kr/product/1600006358/%EC%9D%B8%EC%8A%A4%ED%93%A8%EC%96%B4-%EB%83%89%EC%98%A8%EC%A0%95-%EC%A0%95%EC%88%98%EA%B8%B0-(%EC%8A%A4%ED%83%A0%EB%93%9C%ED%98%95)"
"matched","chungho-wp-46s90510m","청호나이스","WP-46S90510M","청호나이스","WP-46S90510M","정수기","https://rentre.kr/product/1522012491/%EB%A9%94%ED%83%80-%EB%94%94%EC%A7%80%ED%84%B8-%EB%83%89%EC%98%A8%EC%A0%95-%EC%A0%95%EC%88%98%EA%B8%B0"
"matched","coway-chp-700l","코웨이","CHP-700L","코웨이","CHP-700L","정수기","https://rentre.kr/product/3220101/%EC%8A%A4%ED%83%A0%EB%93%9C-%EB%83%89%EC%98%A8%EC%A0%95-%EC%A0%95%EC%88%98%EA%B8%B0"
"unmatched_remote","","","","웰스","WP65L","정수기","https://rentre.kr/product/1600003499/%EB%93%80%EC%98%A4-%EB%83%89%EC%A0%95-%EC%A0%95%EC%88%98%EA%B8%B0-(%EB%8D%B0%EC%8A%A4%ED%81%AC%ED%98%95)"
"matched","lg-ws513sh","LG","WS513SH","LG","WS513SH","정수기","https://rentre.kr/product/1600006267/%ED%93%A8%EB%A6%AC%EC%BC%80%EC%96%B4-%EC%98%A4%EB%B8%8C%EC%A0%9C%EC%BB%AC%EB%A0%89%EC%85%98-%EC%8A%A4%ED%83%A0%EB%93%9C-%EB%83%89%EC%98%A8%EC%A0%95-%EC%A0%95%EC%88%98%EA%B8%B0"
"unmatched_remote","","","","SK매직","WPUB610FREWH","정수기","https://rentre.kr/product/2110101/%EA%B7%B8%EB%9E%9C%EB%93%9C-%EB%83%89%EC%98%A8-%EC%A0%95%EC%88%98%EA%B8%B0-(%EC%97%AD%EC%82%BC%ED%88%AC%EC%95%95%ED%95%84%ED%84%B0)"
"unmatched_remote","","","","웰스","WQ171UWA","정수기","https://rentre.kr/product/1600003503/%EB%AF%B8%EB%84%A4%EB%9E%84-%EB%83%89%EC%98%A8%EC%A0%95-%EC%A0%95%EC%88%98%EA%B8%B0-(%EB%8D%B0%EC%8A%A4%ED%81%AC%ED%98%95)"
"matched","chungho-wp-31s90010n","청호나이스","WP-31S90010N","청호나이스","WP-31S90010N","정수기","https://rentre.kr/product/1600006665/TOTA-MAX-%EB%83%89%EC%98%A8-%EC%A0%95%EC%88%98%EA%B8%B0"
"unmatched_remote","","","","쿠쿠","CP-AR011W","정수기","https://rentre.kr/product/1600008352/%EC%98%AC%EC%9D%B8%EC%9B%90-%EC%8A%AC%EB%A6%BC-%EB%AC%B4%EC%A0%84%EC%9B%90-%EC%8A%A4%ED%80%98%EC%96%B4-%EC%A7%81%EC%88%98-%EC%A0%95%EC%88%98%EA%B8%B0"
"unmatched_remote","","","","현대큐밍","HQPR11CCOG","정수기","https://rentre.kr/product/1600008624/%EB%94%9C%EB%9D%BC%EC%9D%B4%ED%8A%B81-%EC%A7%81%EC%88%98-%EB%83%89%EC%98%A8%EC%A0%95-%EC%A0%95%EC%88%98%EA%B8%B0-(%EB%B0%94%EB%94%94%EC%83%89-%EC%84%A0%ED%83%9D%EA%B0%80%EB%8A%A5)"
"unmatched_remote","","","","현대큐밍","HQPM40SW0C","정수기","https://rentre.kr/product/1522011435/%EB%8D%94%ED%93%A8%EC%96%B4-%EB%A7%88%ED%81%AC%EC%97%85-RO-%EC%A0%95%EC%88%98%EA%B8%B0"
"matched","chungho-wp-50c80621n","청호나이스","WP-50C80621N","청호나이스","WP-50C80621N","정수기","https://rentre.kr/product/1600003475/%EB%89%B4-%EB%9F%AC%EB%B8%94%EB%A6%AC%ED%8A%B8%EB%A6%AC-%EB%83%89%EC%A0%95-%EC%A0%95%EC%88%98%EA%B8%B0"
"matched","chungho-wp-43c60000m","청호나이스","WP-43C60000M","청호나이스","WP-43C60000M","정수기","https://rentre.kr/product/1522012497/%EC%A0%95%EC%88%98%EC%A0%84%EC%9A%A9-%EC%9D%BC%EB%B0%98%EC%A0%95%EC%88%98%EA%B8%B0-TIDY"
"matched","coway-chp-5711r","코웨이","CHP-5711R","코웨이","CHP-5711R","정수기","https://rentre.kr/product/1600006437/%EC%9B%8C%ED%84%B0%EC%8A%A4%ED%83%A0%EB%93%9C2-%EB%83%89%EC%98%A8%EC%A0%95-%EC%A0%95%EC%88%98%EA%B8%B0(%ED%8E%8C%ED%94%84%ED%98%95)"
"matched","chungho-wp-45s9p010m","청호나이스","WP-45S9P010M","청호나이스","WP-45S9P010M","정수기","https://rentre.kr/product/1522012500/%EB%89%B4-%EB%94%94%EC%A7%80%ED%84%B8-%EB%83%89%EC%98%A8%EC%A0%95-%EC%A0%95%EC%88%98%EA%B8%B0"
"unmatched_remote","","","","현대큐밍","HQPA52CE0B","정수기","https://rentre.kr/product/1522012454/%EB%8D%94%ED%93%A8%EC%96%B4-%EC%95%8C%ED%8C%8CUV-%EB%83%89%EC%98%A8%EC%A0%95-%EC%A0%95%EC%88%98%EA%B8%B0-(%EB%8D%B0%EC%8A%A4%ED%81%AC%ED%98%95)"
"matched","cuckoo-cp-qrp3002s","쿠쿠","CP-QRP3002S","쿠쿠","CP-QRP3002S","정수기","https://rentre.kr/product/1600003627/%EC%9D%B8%EC%8A%A4%ED%93%A8%EC%96%B4-%EB%8C%80%EC%9A%A9%EB%9F%89-%EC%A0%95%EC%88%98%EA%B8%B0(%EC%A7%80%ED%95%98%EC%88%98%EC%9A%A9)"
"matched","coway-chp-5730r","코웨이","CHP-5730R","코웨이","CHP-5730R","정수기","https://rentre.kr/product/1600008098/%EC%9B%8C%ED%84%B0%EC%8A%A4%ED%83%A0%EB%93%9C-%ED%94%8C%EB%9F%AC%EC%8A%A4-%EB%83%89%EC%98%A8%EC%A0%95-%EC%A0%95%EC%88%98%EA%B8%B0-(%EC%A7%80%ED%95%98%EC%88%98%2C-%ED%8E%8C%ED%94%84%ED%98%95)"
"matched","hyundai-hqpa70sw0g","현대큐밍","HQPA70SW0G","현대큐밍","HQPA70SW0G","정수기","https://rentre.kr/product/1600007015/%EB%8D%94%ED%93%A8%EC%96%B4-%EC%95%84%EC%9D%B4%EC%8A%A4-%ED%94%8C%EB%A1%9C-%EB%83%89%EC%98%A8%EC%A0%95-%EC%96%BC%EC%9D%8C-%EC%A0%95%EC%88%98%EA%B8%B0"
"unmatched_remote","","","","현대큐밍","HQP1770CS0","정수기","https://rentre.kr/product/1522012451/%EB%8D%94%ED%93%A8%EC%96%B4-%ED%94%84%EB%A6%AC%EB%AF%B8%EC%97%84-RO-%EB%83%89%EC%98%A8%EC%A0%95-%EC%A0%95%EC%88%98%EA%B8%B0-(%EB%8D%B0%EC%8A%A4%ED%81%AC%ED%98%95)"
"unmatched_remote","","","","SK매직","WPUB710FRENW","정수기","https://rentre.kr/product/1600006406/%EB%89%B4%EA%B7%B8%EB%9E%9C%EB%93%9C-%ED%94%84%EB%A6%AC%EC%8A%A4%ED%83%A0%EB%94%A9-%EB%83%89%EC%98%A8-%EC%A0%95%EC%88%98%EA%B8%B0-(%EC%A7%80%ED%95%98%EC%88%98)"
"unmatched_remote","","","","웰스","WM071RWA","정수기","https://rentre.kr/product/6060101/RO-%EB%83%89%EC%98%A8%EC%A0%95-%EC%A0%95%EC%88%98%EA%B8%B0-(%EB%8D%B0%EC%8A%A4%ED%81%AC%ED%98%95)"
"matched","chungho-wp-46s9p510m","청호나이스","WP-46S9P510M","청호나이스","WP-46S9P510M","정수기","https://rentre.kr/product/1522012488/%EB%A9%94%ED%83%80-%EB%94%94%EC%A7%80%ED%84%B8-P-%EB%83%89%EC%98%A8%EC%A0%95-%EC%A0%95%EC%88%98%EA%B8%B0"
"unmatched_remote","","","","웰스","WP270UWA","정수기","https://rentre.kr/product/1600003501/%EB%AF%B8%EB%84%A4%EB%9E%84-%ED%94%8C%EB%9F%AC%EC%8A%A4-%EC%A4%91%ED%98%95-%EB%83%89%EC%98%A8%EC%A0%95-%EC%A0%95%EC%88%98%EA%B8%B0-(%EC%8A%A4%ED%83%A0%EB%93%9C%ED%98%95)"
"unmatched_remote","","","","웰스","WK370UWA","정수기","https://rentre.kr/product/6100101/%EB%AF%B8%EB%84%A4%EB%9E%84-%EC%A4%91%EB%8C%80%ED%98%95-%EB%83%89%EC%98%A8%EC%A0%95-%EC%A0%95%EC%88%98%EA%B8%B0-(%EC%8A%A4%ED%83%A0%EB%93%9C%ED%98%95)"
"unmatched_remote","","","","웰스","WK470UWA","정수기","https://rentre.kr/product/6110101/%EB%AF%B8%EB%84%A4%EB%9E%84-%EB%8C%80%ED%98%95-%EB%83%89%EC%98%A8%EC%A0%95-%EC%A0%95%EC%88%98%EA%B8%B0-(%EC%8A%A4%ED%83%A0%EB%93%9C%ED%98%95)"
"unmatched_remote","","","","웰스","WQ271UWA","정수기","https://rentre.kr/product/1600007664/%EC%9B%B0%EC%8A%A4-%EB%AF%B8%EB%84%A4%EB%9E%84-%EB%83%89%EC%98%A8%EC%A0%95-%EC%8A%A4%ED%83%A0%EB%93%9C-%EC%A0%95%EC%88%98%EA%B8%B0"
"unmatched_remote","","","","현대큐밍","HQPM15C60G","정수기","https://rentre.kr/product/1600008622/%EB%94%9C%EB%9D%BC%EC%9D%B4%ED%8A%B8-%EC%95%84%EC%9D%B4-%EC%A7%81%EC%88%98-%EB%AC%B4%EC%A0%84%EC%9B%90-%EC%A0%95%EC%88%98%EC%A0%84%EC%9A%A9-%EC%A0%95%EC%88%98%EA%B8%B0-(26%EB%85%84-%EC%B6%9C%EC%8B%9C)"
"matched","coway-ap-2023k","코웨이","AP-2023K","코웨이","AP-2023K","공기청정기","https://rentre.kr/product/1522012103/%EB%85%B8%EB%B8%942-%EA%B3%B5%EA%B8%B0%EC%B2%AD%EC%A0%95%EA%B8%B0-20%ED%8F%89%ED%98%95"
"unmatched_remote","","","","쿠쿠","AC-28AH10FNW(S)","공기청정기","https://rentre.kr/product/1600003438/%EC%9D%B8%EC%8A%A4%ED%93%A8%EC%96%B4-%EA%B3%B5%EA%B8%B0%EC%B2%AD%EC%A0%95%EA%B8%B0-28%ED%8F%89%ED%98%95"
"matched","coway-apd-1025e","코웨이","APD-1025E","코웨이","APD-1025E","공기청정기","https://rentre.kr/product/1600005018/%EB%85%B8%EB%B8%94-%EC%A0%9C%EC%8A%B5%EA%B3%B5%EA%B8%B0%EC%B2%AD%EC%A0%95%EA%B8%B0-10%ED%8F%89%ED%98%95"
"unmatched_remote","","","","웰스","AR107CBA","공기청정기","https://rentre.kr/product/1600003511/%EB%AF%B8%EB%8B%88%EB%A7%A5%EC%8A%A4-%EA%B3%B5%EA%B8%B0%EC%B2%AD%EC%A0%95%EA%B8%B0-7%ED%8F%89%ED%98%95"
"matched","coway-ap-1125g","코웨이","AP-1125G","코웨이","AP-1125G","공기청정기","https://rentre.kr/product/1600005672/%EC%8A%A4%ED%80%98%EC%96%B4%ED%95%8F-%EA%B3%B5%EA%B8%B0%EC%B2%AD%EC%A0%95%EA%B8%B0-11%ED%8F%89%ED%98%95"
"matched","chungho-ap-25h8150","청호나이스","AP-25H8150","청호나이스","AP-25H8150","공기청정기","https://rentre.kr/product/1600006857/%EC%84%9C%EB%B0%8B-%ED%83%80%EC%9B%8C-%EA%B3%B5%EA%B8%B0%EC%B2%AD%EC%A0%95%EA%B8%B0-25%ED%8F%89%ED%98%95"
"matched","lg-as305dwwam","LG","AS305DWWAM","LG","AS305DWWAM","공기청정기","https://rentre.kr/product/1600003650/%ED%93%A8%EB%A6%AC%EC%BC%80%EC%96%B4-AI-360%CB%9A-%ED%94%8C%EB%9F%AC%EC%8A%A4-%EA%B3%B5%EA%B8%B0%EC%B2%AD%EC%A0%95%EA%B8%B0-30%ED%8F%89%ED%98%95-%2B-%EB%AC%B4%EB%B9%99%ED%9C%A0%EC%84%B8%ED%8A%B8"
"matched","lg-as305dwwam-2","LG","AS305DWWAM","LG","AS305DWWAM","공기청정기","https://rentre.kr/product/1600003650/%ED%93%A8%EB%A6%AC%EC%BC%80%EC%96%B4-AI-360%CB%9A-%ED%94%8C%EB%9F%AC%EC%8A%A4-%EA%B3%B5%EA%B8%B0%EC%B2%AD%EC%A0%95%EA%B8%B0-30%ED%8F%89%ED%98%95-%2B-%EB%AC%B4%EB%B9%99%ED%9C%A0%EC%84%B8%ED%8A%B8"
"matched","coway-ap-1623m","코웨이","AP-1623M","코웨이","AP-1623M","공기청정기","https://rentre.kr/product/1522012053/%EB%85%B8%EB%B8%942-%EA%B3%B5%EA%B8%B0%EC%B2%AD%EC%A0%95%EA%B8%B0-16%ED%8F%89%ED%98%95"
"matched","lg-as322dsfam","LG","AS322DSFAM","LG","AS322DSFAM","공기청정기","https://rentre.kr/product/1522010729/%ED%93%A8%EB%A6%AC%EC%BC%80%EC%96%B4-%EC%98%A4%EB%B8%8C%EC%A0%9C%EC%BB%AC%EB%A0%89%EC%85%98-360%EB%8F%84-%EA%B3%B5%EA%B8%B0%EC%B2%AD%EC%A0%95%EA%B8%B0-32%ED%8F%89%ED%98%95"
"matched","coway-apd-1023a","코웨이","APD-1023A","코웨이","APD-1023A","공기청정기","https://rentre.kr/product/1522011876/%EB%93%80%EC%96%BC%ED%81%B4%EB%A6%B0-%EC%A0%9C%EC%8A%B5%EA%B3%B5%EA%B8%B0%EC%B2%AD%EC%A0%95%EA%B8%B0-9%ED%8F%89%ED%98%95"
"matched","coway-ap-3024h","코웨이","AP-3024H","코웨이","AP-3024H","공기청정기","https://rentre.kr/product/1600003898/%EB%85%B8%EB%B8%94-%EA%B3%B5%EA%B8%B0%EC%B2%AD%EC%A0%95%EA%B8%B02-30%ED%8F%89%ED%98%95"
"matched","coway-ap-2425h","코웨이","AP-2425H","코웨이","AP-2425H","공기청정기","https://rentre.kr/product/1600005676/%EC%8A%A4%ED%80%98%EC%96%B4%ED%95%8F-%EA%B3%B5%EA%B8%B0%EC%B2%AD%EC%A0%95%EA%B8%B0-24%ED%8F%89%ED%98%95"
"unmatched_remote","","","","LG","AS356NSMAM","공기청정기","https://rentre.kr/product/1600007118/%ED%93%A8%EB%A6%AC%EC%BC%80%EC%96%B4-AI-%EC%98%A4%EB%B8%8C%EC%A0%9C%EC%BB%AC%EB%A0%89%EC%85%98-360%CB%9A-M7-%EA%B3%B5%EA%B8%B0%EC%B2%AD%EC%A0%95%EA%B8%B0-34%ED%8F%89%ED%98%95-%2B-%EB%AC%B4%EB%B9%99%ED%9C%A0-%EC%84%B8%ED%8A%B8"
"matched","cuckoo-ac-25w10fws","쿠쿠","AC-25W10FWS","쿠쿠","AC-25W10FWS","공기청정기","https://rentre.kr/product/1522010884/W8200-%ED%83%80%EC%9B%8C%ED%98%95-%EA%B3%B5%EA%B8%B0%EC%B2%AD%EC%A0%95%EA%B8%B0-25%ED%8F%89%ED%98%95-(%EC%9D%8C%EC%84%B1%EC%95%8C%EB%A6%BC)"
"matched","coway-ap-3021d","코웨이","AP-3021D","코웨이","AP-3021D","공기청정기","https://rentre.kr/product/103010301/%EB%85%B8%EB%B8%94-%EA%B3%B5%EA%B8%B0%EC%B2%AD%EC%A0%95%EA%B8%B0-30%ED%8F%89%ED%98%95"
"unmatched_remote","","","","SK매직","ACL22P1CSKSL","공기청정기","https://rentre.kr/product/1522012382/%EC%98%AC%ED%81%B4%EB%A6%B0-%EB%94%94%EC%95%84%ED%8A%B8-%ED%8E%AB-%EA%B3%B5%EA%B8%B0%EC%B2%AD%EC%A0%95%EA%B8%B0-22%ED%8F%89%ED%98%95"
"unmatched_remote","","","","코웨이","APMS-1020A","공기청정기","https://rentre.kr/product/103020101/%EB%93%80%EC%96%BC%ED%81%B4%EB%A6%B0-%EA%B0%80%EC%8A%B5%EA%B3%B5%EA%B8%B0%EC%B2%AD%EC%A0%95%EA%B8%B0-12%ED%8F%89%ED%98%95"
"matched","lg-as192dsfam","LG","AS192DSFAM","LG","AS192DSFAM","공기청정기","https://rentre.kr/product/1522010730/%ED%93%A8%EB%A6%AC%EC%BC%80%EC%96%B4-%EC%98%A4%EB%B8%8C%EC%A0%9C%EC%BB%AC%EB%A0%89%EC%85%98-360%EB%8F%84-%EA%B3%B5%EA%B8%B0%EC%B2%AD%EC%A0%95%EA%B8%B0-19%ED%8F%89%ED%98%95"
"matched","coway-ap-1023f","코웨이","AP-1023F","코웨이","AP-1023F","공기청정기","https://rentre.kr/product/1522011717/%EC%8B%B1%EA%B8%80%ED%8C%8C%EC%9B%8C-%EA%B3%B5%EA%B8%B0%EC%B2%AD%EC%A0%95%EA%B8%B0-10%ED%8F%89%ED%98%95"
"unmatched_remote","","","","SK매직","ACL22C1ASKOB","공기청정기","https://rentre.kr/product/1522012380/%EC%98%AC%ED%81%B4%EB%A6%B0-%EB%94%94%EC%95%84%ED%8A%B8-%EA%B3%B5%EA%B8%B0%EC%B2%AD%EC%A0%95%EA%B8%B0-22%ED%8F%89%ED%98%95"
"matched","cuckoo-ac-09aa10fwh","쿠쿠","AC-09AA10FWH","쿠쿠","AC-09AA10FWH","공기청정기","https://rentre.kr/product/1522013400/%EC%B4%88%EC%8A%AC%EB%A6%BC-%EB%B2%BD%EA%B1%B8%EC%9D%B4-%EA%B3%B5%EA%B8%B0%EC%B2%AD%EC%A0%95%EA%B8%B0-9%ED%8F%89%ED%98%95"
"matched","coway-ap-1526a","코웨이","AP-1526A","코웨이","AP-1526A","공기청정기","https://rentre.kr/product/1600007112/%EC%8A%A4%ED%80%98%EC%96%B4%ED%95%8F-%EA%B3%B5%EA%B8%B0%EC%B2%AD%EC%A0%95%EA%B8%B0-15%ED%8F%89%ED%98%95"
"matched","coway-aph-0525f","코웨이","APH-0525F","코웨이","APH-0525F","공기청정기","https://rentre.kr/product/1600006454/%ED%9E%88%ED%8B%B0%EB%B8%8C-%EC%98%A8%ED%92%8D%EA%B3%B5%EA%B8%B0%EC%B2%AD%EC%A0%95%EA%B8%B0-5%ED%8F%89%ED%98%95"
"unmatched_remote","","","","쿠쿠","AC-N25W10FWS","공기청정기","https://rentre.kr/product/1522010882/W8200-%ED%83%80%EC%9B%8C%ED%98%95-%EA%B3%B5%EA%B8%B0%EC%B2%AD%EC%A0%95%EA%B8%B0-25%ED%8F%89%ED%98%95"
"matched","lg-as195dwwam","LG","AS195DWWAM","LG","AS195DWWAM","공기청정기","https://rentre.kr/product/1600003722/%ED%93%A8%EB%A6%AC%EC%BC%80%EC%96%B4-360%CB%9A-%ED%94%8C%EB%9F%AC%EC%8A%A4-%EA%B3%B5%EA%B8%B0%EC%B2%AD%EC%A0%95%EA%B8%B0-19%ED%8F%89%ED%98%95-%2B-%EB%AC%B4%EB%B9%99%ED%9C%A0%EC%84%B8%ED%8A%B8"
"matched","lg-as195dwwam-2","LG","AS195DWWAM","LG","AS195DWWAM","공기청정기","https://rentre.kr/product/1600003722/%ED%93%A8%EB%A6%AC%EC%BC%80%EC%96%B4-360%CB%9A-%ED%94%8C%EB%9F%AC%EC%8A%A4-%EA%B3%B5%EA%B8%B0%EC%B2%AD%EC%A0%95%EA%B8%B0-19%ED%8F%89%ED%98%95-%2B-%EB%AC%B4%EB%B9%99%ED%9C%A0%EC%84%B8%ED%8A%B8"
"unmatched_remote","","","","쿠쿠","AC-30AH30FEDG(S)","공기청정기","https://rentre.kr/product/1600005998/%EC%9D%B8%EC%8A%A4%ED%93%A8%EC%96%B4-%ED%97%A4%EB%A6%AC%ED%8B%B0%EC%A7%80-%EA%B3%B5%EA%B8%B0%EC%B2%AD%EC%A0%95%EA%B8%B0-30%ED%8F%89%ED%98%95"
"matched","cuckoo-ac-35u10fws","쿠쿠","AC-35U10FWS","쿠쿠","AC-35U10FWS","공기청정기","https://rentre.kr/product/1522011434/%EC%9D%B8%EC%8A%A4%ED%93%A8%EC%96%B4-ULTRA-12000-%EA%B3%B5%EA%B8%B0%EC%B2%AD%EC%A0%95%EA%B8%B0-35%ED%8F%89%ED%98%95"
"unmatched_remote","","","","SK매직","ACL20C1AS","공기청정기","https://rentre.kr/product/102010301/%EC%98%AC%ED%81%B4%EB%A6%B0-%EA%B3%B5%EA%B8%B0%EC%B2%AD%EC%A0%95%EA%B8%B0-20%ED%8F%89%ED%98%95"
"unmatched_remote","","","","SK매직","ACL25C1AS","공기청정기","https://rentre.kr/product/102010101/%EC%98%AC%ED%81%B4%EB%A6%B0-%EA%B3%B5%EA%B8%B0%EC%B2%AD%EC%A0%95%EA%B8%B0-25%ED%8F%89%ED%98%95"
"unmatched_remote","","","","LG","AS356NGMAM","공기청정기","https://rentre.kr/product/1600007259/%ED%93%A8%EB%A6%AC%EC%BC%80%EC%96%B4-AI-%EC%98%A4%EB%B8%8C%EC%A0%9C%EC%BB%AC%EB%A0%89%EC%85%98-360%CB%9A-M7-%EA%B3%B5%EA%B8%B0%EC%B2%AD%EC%A0%95%EA%B8%B0-34%ED%8F%89%ED%98%95-%2B-%EB%AC%B4%EB%B9%99%ED%9C%A0-%EC%84%B8%ED%8A%B8-(%EA%B0%95%EB%A0%A5%ED%83%88%EC%B7%A8%EC%B2%AD%EC%A0%95)"
"matched","coway-ap-1019d","코웨이","AP-1019D","코웨이","AP-1019D","공기청정기","https://rentre.kr/product/103050102/%EC%95%84%EC%9D%B4%EC%BD%98-%EA%B3%B5%EA%B8%B0%EC%B2%AD%EC%A0%95%EA%B8%B0-10%ED%8F%89%ED%98%95"
"unmatched_remote","","","","LG","AS205NGJAM","공기청정기","https://rentre.kr/product/1600003654/%ED%93%A8%EB%A6%AC%EC%BC%80%EC%96%B4-%EC%98%A4%EB%B8%8C%EC%A0%9C%EC%BB%AC%EB%A0%89%EC%85%98-AI-360%CB%9A-%EA%B3%B5%EA%B8%B0%EC%B2%AD%EC%A0%95%EA%B8%B0-20%ED%8F%89%ED%98%95-(%EB%AC%B4%EB%B9%99%ED%9C%A0%EC%84%B8%ED%8A%B8%2C-G-%ED%95%84%ED%84%B0)"
"matched","cuckoo-ac-17t10fwh","쿠쿠","AC-17T10FWH","쿠쿠","AC-17T10FWH","공기청정기","https://rentre.kr/product/105010101/%EC%9D%B8%EC%8A%A4%ED%93%A8%EC%96%B4-T8700-%EA%B3%B5%EA%B8%B0%EC%B2%AD%EC%A0%95%EA%B8%B0-16%ED%8F%89%ED%98%95"
"unmatched_remote","","","","LG","AS355NGNAM","공기청정기","https://rentre.kr/product/1600003657/%ED%93%A8%EB%A6%AC%EC%BC%80%EC%96%B4-%EC%98%A4%EB%B8%8C%EC%A0%9C%EC%BB%AC%EB%A0%89%EC%85%98-AI%2B-360%CB%9A-%EA%B3%B5%EA%B8%B0%EC%B2%AD%EC%A0%95%EA%B8%B0-35%ED%8F%89%ED%98%95-(%EB%AC%B4%EB%B9%99%ED%9C%A0-%EC%84%B8%ED%8A%B8%2C-M-%ED%95%84%ED%84%B0)"
"matched","cuckoo-ac-14l10few","쿠쿠","AC-14L10FEW","쿠쿠","AC-14L10FEW","공기청정기","https://rentre.kr/product/1600006910/%EC%9D%B8%EC%8A%A4%ED%93%A8%EC%96%B4-%EB%B8%8C%EB%A6%AD2-%EA%B3%B5%EA%B8%B0%EC%B2%AD%EC%A0%95%EA%B8%B0-14%ED%8F%89%ED%98%95"
"matched","coway-apm-1226h","코웨이","APM-1226H","코웨이","APM-1226H","공기청정기","https://rentre.kr/product/1600007462/%EB%93%80%EC%96%BC%ED%81%B4%EB%A6%B0-%EA%B0%80%EC%8A%B5%EA%B3%B5%EA%B8%B0%EC%B2%AD%EC%A0%95%EA%B8%B02-12%ED%8F%89%ED%98%95"
"matched","coway-ap-2026b","코웨이","AP-2026B","코웨이","AP-2026B","공기청정기","https://rentre.kr/product/1600007041/%EC%8A%A4%ED%80%98%EC%96%B4%ED%95%8F-%EA%B3%B5%EA%B8%B0%EC%B2%AD%EC%A0%95%EA%B8%B0-20%ED%8F%89%ED%98%95"
"matched","hyundai-hqav10340f","현대큐밍","HQAV10340F","현대큐밍","HQAV10340F","공기청정기","https://rentre.kr/product/1600005771/%EB%8D%94%EC%BC%80%EC%96%B4-%ED%83%80%EC%9B%8C-%EC%97%90%EC%96%B4%EB%A0%8C-%EA%B3%B5%EA%B8%B0%EC%B2%AD%EC%A0%95%EA%B8%B0-12%ED%8F%89%ED%98%95"
"matched","cuckoo-ac-28w10fws","쿠쿠","AC-28W10FWS","쿠쿠","AC-28W10FWS","공기청정기","https://rentre.kr/product/105050101/W8300-%EA%B3%B5%EA%B8%B0%EC%B2%AD%EC%A0%95%EA%B8%B0-29%ED%8F%89%ED%98%95"
"unmatched_remote","","","","SK매직","ACL16C2ASKZG","공기청정기","https://rentre.kr/product/1522012379/%EC%98%AC%ED%81%B4%EB%A6%B0-%EB%94%94%EC%95%84%ED%8A%B8-%EA%B3%B5%EA%B8%B0%EC%B2%AD%EC%A0%95%EA%B8%B0-16%ED%8F%89%ED%98%95"
"matched","cuckoo-ac-23ah10fnw","쿠쿠","AC-23AH10FNW","쿠쿠","AC-23AH10FNW","공기청정기","https://rentre.kr/product/1600006622/%EC%9D%B8%EC%8A%A4%ED%93%A8%EC%96%B4-%ED%97%A4%EB%A6%AC%ED%8B%B0%EC%A7%80-%EA%B3%B5%EA%B8%B0%EC%B2%AD%EC%A0%95%EA%B8%B0-23%ED%8F%89%ED%98%95"
"matched","coway-ap-4025d","코웨이","AP-4025D","코웨이","AP-4025D","공기청정기","https://rentre.kr/product/1600003712/%EB%85%B8%EB%B8%94-%EA%B3%B5%EA%B8%B0%EC%B2%AD%EC%A0%95%EA%B8%B02-40%ED%8F%89%ED%98%95"
"unmatched_remote","","","","LG","AS206NSHAM","공기청정기","https://rentre.kr/product/1600006885/%ED%93%A8%EB%A6%AC%EC%BC%80%EC%96%B4-AI-%EC%98%A4%EB%B8%8C%EC%A0%9C%EC%BB%AC%EB%A0%89%EC%85%98-360%CB%9A-M5-%EA%B3%B5%EA%B8%B0%EC%B2%AD%EC%A0%95%EA%B8%B0-20%ED%8F%89%ED%98%95-%2B-%EB%AC%B4%EB%B9%99%ED%9C%A0-%EC%84%B8%ED%8A%B8"
"matched","cuckoo-ac-12r10fnw","쿠쿠","AC-12R10FNW","쿠쿠","AC-12R10FNW","공기청정기","https://rentre.kr/product/1522012120/%EC%9D%B8%EC%8A%A4%ED%93%A8%EC%96%B4-%ED%94%84%EB%A6%AC%EB%AF%B8%EC%97%84-%EB%B8%8C%EB%A6%AD-%EA%B3%B5%EA%B8%B0%EC%B2%AD%EC%A0%95%EA%B8%B0-12%ED%8F%89%ED%98%95"
"unmatched_remote","","","","SK매직","ACL300VASKWH","공기청정기","https://rentre.kr/product/102070101/AI-%EA%B3%B5%EA%B8%B0%EC%B2%AD%EC%A0%95%EA%B8%B0-30%ED%8F%89%ED%98%95"
"matched","chungho-ap-40h8220","청호나이스","AP-40H8220","청호나이스","AP-40H8220","공기청정기","https://rentre.kr/product/1522010188/%ED%95%98%EC%9D%B4%EB%A7%88%EC%9A%B4%ED%8B%B4-%EA%B3%B5%EA%B8%B0%EC%B2%AD%EC%A0%95%EA%B8%B0-48%ED%8F%89%ED%98%95"
"unmatched_remote","","","","청호나이스","AP-11H5560","공기청정기","https://rentre.kr/product/104160101/%ED%8E%AB-%EA%B3%B5%EA%B8%B0%EC%B2%AD%EC%A0%95%EA%B8%B0-11%ED%8F%89%ED%98%95"
"unmatched_remote","","","","SK매직","ACL15C1AS","공기청정기","https://rentre.kr/product/102010401/%EC%98%AC%ED%81%B4%EB%A6%B0-%EA%B3%B5%EA%B8%B0%EC%B2%AD%EC%A0%95%EA%B8%B0-15%ED%8F%89%ED%98%95"
"matched","chungho-chdh-120ja","청호나이스","CHDH-120JA","청호나이스","CHDH-120JA","공기청정기","https://rentre.kr/product/104250101/%EC%A0%9C%EC%8A%B5%EA%B3%B5%EA%B8%B0%EC%B2%AD%EC%A0%95%EA%B8%B0-%EB%A6%B4%EB%A6%AC-5%ED%8F%89%ED%98%95"
"matched","coway-ap-3525i","코웨이","AP-3525I","코웨이","AP-3525I","공기청정기","https://rentre.kr/product/1600004315/%ED%8C%8C%EC%9B%8C%EC%97%85-%EA%B3%B5%EA%B8%B0%EC%B2%AD%EC%A0%95%EA%B8%B02-35%ED%8F%89%ED%98%95"
"unmatched_remote","","","","웰스","AS524CWA","공기청정기","https://rentre.kr/product/1600006859/%EC%97%90%EC%96%B4%EA%B0%80%EB%93%A0-Lite-%EA%B3%B5%EA%B8%B0%EC%B2%AD%EC%A0%95%EA%B8%B0-24%ED%8F%89%ED%98%95"
"unmatched_remote","","","","SK매직","ACL131T0CJDG","공기청정기","https://rentre.kr/product/1600003477/%EC%BD%94%EC%96%B4-360%EB%8F%84-%EA%B3%B5%EA%B8%B0%EC%B2%AD%EC%A0%95%EA%B8%B0-13%ED%8F%89%ED%98%95"
"matched","chungho-ap-30h8220","청호나이스","AP-30H8220","청호나이스","AP-30H8220","공기청정기","https://rentre.kr/product/1522010189/%ED%95%98%EC%9D%B4%EB%A7%88%EC%9A%B4%ED%8B%B4-%EA%B3%B5%EA%B8%B0%EC%B2%AD%EC%A0%95%EA%B8%B0-33%ED%8F%89%ED%98%95"
"unmatched_remote","","","","쿠쿠","AC-40AB10FNW(S)","공기청정기","https://rentre.kr/product/1600003439/%EB%8C%80%EC%9A%A9%EB%9F%89-%EA%B3%B5%EA%B8%B0%EC%B2%AD%EC%A0%95%EA%B8%B0-41%ED%8F%89%ED%98%95"
"unmatched_remote","","","","LG","AS285DWWCM","공기청정기","https://rentre.kr/product/1600006843/%ED%93%A8%EB%A6%AC%EC%BC%80%EC%96%B4-360%CB%9A-%EA%B3%B5%EA%B8%B0%EC%B2%AD%EC%A0%95%EA%B8%B0-%ED%94%8C%EB%9F%AC%EC%8A%A4-30%ED%8F%89%ED%98%95-%2B-%EB%AC%B4%EB%B9%99%ED%9C%A0"
"matched","lg-as336nslcm","LG","AS336NSLCM","LG","AS336NSLCM","공기청정기","https://rentre.kr/product/1600007246/%ED%93%A8%EB%A6%AC%EC%BC%80%EC%96%B4-AI-%EC%98%A4%EB%B8%8C%EC%A0%9C%EC%BB%AC%EB%A0%89%EC%85%98-360%CB%9A-M5-%EA%B3%B5%EA%B8%B0%EC%B2%AD%EC%A0%95%EA%B8%B0-33%ED%8F%89%ED%98%95-%2B-%EB%AC%B4%EB%B9%99%ED%9C%A0-%EC%84%B8%ED%8A%B8"
"matched","lg-as336nslcm-2","LG","AS336NSLCM","LG","AS336NSLCM","공기청정기","https://rentre.kr/product/1600007246/%ED%93%A8%EB%A6%AC%EC%BC%80%EC%96%B4-AI-%EC%98%A4%EB%B8%8C%EC%A0%9C%EC%BB%AC%EB%A0%89%EC%85%98-360%CB%9A-M5-%EA%B3%B5%EA%B8%B0%EC%B2%AD%EC%A0%95%EA%B8%B0-33%ED%8F%89%ED%98%95-%2B-%EB%AC%B4%EB%B9%99%ED%9C%A0-%EC%84%B8%ED%8A%B8"
"unmatched_remote","","","","LG","AS235DWSA","공기청정기","https://rentre.kr/product/1600006189/%ED%93%A8%EB%A6%AC%EC%BC%80%EC%96%B4-AI-360%CB%9A-%ED%94%8C%EB%9F%AC%EC%8A%A4-%EA%B3%B5%EA%B8%B0%EC%B2%AD%EC%A0%95%EA%B8%B0-22%ED%8F%89%ED%98%95"
"matched","chungho-ap-20h7560","청호나이스","AP-20H7560","청호나이스","AP-20H7560","공기청정기","https://rentre.kr/product/1522013412/NEW-HERO-2-%EA%B3%B5%EA%B8%B0%EC%B2%AD%EC%A0%95%EA%B8%B0-21%ED%8F%89%ED%98%95"
"matched","coway-ap-1523d","코웨이","AP-1523D","코웨이","AP-1523D","공기청정기","https://rentre.kr/product/1522012517/%EB%A9%80%ED%8B%B0%EC%95%A1%EC%85%982-%EA%B3%B5%EA%B8%B0%EC%B2%AD%EC%A0%95%EA%B8%B0"
"unmatched_remote","","","","LG","FS065PSJCM","공기청정기","https://rentre.kr/product/1600006354/%ED%93%A8%EB%A6%AC%EC%BC%80%EC%96%B4-%EC%98%A4%EB%B8%8C%EC%A0%9C%EC%BB%AC%EB%A0%89%EC%85%98-%EC%97%90%EC%96%B4%EB%A1%9C%ED%83%80%EC%9B%8C-Hit-%EA%B3%B5%EA%B8%B0%EC%B2%AD%EC%A0%95%EA%B8%B0-6%ED%8F%89%ED%98%95-(%EC%98%A8%ED%92%8D-%EA%B2%B8%EC%9A%A9%2C-%EB%AC%B4%EB%B9%99%ED%9C%A0-%EC%84%B8%ED%8A%B8-%ED%8F%AC%ED%95%A8)"
"matched","chungho-ap-30h8350","청호나이스","AP-30H8350","청호나이스","AP-30H8350","공기청정기","https://rentre.kr/product/1600006566/%ED%81%B4%EB%A6%B0%EC%97%85-%EA%B3%B5%EA%B8%B0%EC%B2%AD%EC%A0%95%EA%B8%B0-30%ED%8F%89%ED%98%95"
"matched","cuckoo-ac-14r10fnw","쿠쿠","AC-14R10FNW","쿠쿠","AC-14R10FNW","공기청정기","https://rentre.kr/product/1522010728/%EC%9D%B8%EC%8A%A4%ED%93%A8%EC%96%B4-%ED%94%84%EB%A6%AC%EB%AF%B8%EC%97%84-%EB%B8%8C%EB%A6%AD-%EA%B3%B5%EA%B8%B0%EC%B2%AD%EC%A0%95%EA%B8%B0-14%ED%8F%89%ED%98%95"
"unmatched_remote","","","","현대큐밍","HQAT12DW0B_SET","공기청정기","https://rentre.kr/product/107020201/%EB%8D%94%EC%BC%80%EC%96%B4-%ED%83%80%EC%9B%8C-%ED%94%84%EB%A6%AC%EB%AF%B8%EC%97%84-%ED%95%AD%EA%B7%A0-%EA%B3%B5%EA%B8%B0%EC%B2%AD%EC%A0%95%EA%B8%B0-%EC%84%B8%ED%8A%B8-13%ED%8F%89%ED%98%95%2B10%ED%8F%89%ED%98%95"
"unmatched_remote","","","","현대큐밍","HQA19100W0","공기청정기","https://rentre.kr/product/107070101/%EB%8D%94%EC%BC%80%EC%96%B4-%ED%81%90%EB%B8%8C-%EA%B3%B5%EA%B8%B0%EC%B2%AD%EC%A0%95%EA%B8%B0-11%ED%8F%89%ED%98%95"
"matched","lg-as235dwsam","LG","AS235DWSAM","LG","AS235DWSAM","공기청정기","https://rentre.kr/product/1600006852/%ED%93%A8%EB%A6%AC%EC%BC%80%EC%96%B4-AI-360%CB%9A-%ED%94%8C%EB%9F%AC%EC%8A%A4-%EA%B3%B5%EA%B8%B0%EC%B2%AD%EC%A0%95%EA%B8%B0-22%ED%8F%89%ED%98%95-%2B-%EB%AC%B4%EB%B9%99%ED%9C%A0"
"matched","lg-as235dwsam-2","LG","AS235DWSAM","LG","AS235DWSAM","공기청정기","https://rentre.kr/product/1600006852/%ED%93%A8%EB%A6%AC%EC%BC%80%EC%96%B4-AI-360%CB%9A-%ED%94%8C%EB%9F%AC%EC%8A%A4-%EA%B3%B5%EA%B8%B0%EC%B2%AD%EC%A0%95%EA%B8%B0-22%ED%8F%89%ED%98%95-%2B-%EB%AC%B4%EB%B9%99%ED%9C%A0"
"matched","coway-ap-3018b","코웨이","AP-3018B","코웨이","AP-3018B","공기청정기","https://rentre.kr/product/103090101/%EC%BD%B0%ED%8A%B8%EB%A1%9C%ED%8C%8C%EC%9B%8C-%EA%B3%B5%EA%B8%B0%EC%B2%AD%EC%A0%95%EA%B8%B0-30%ED%8F%89%ED%98%95"
"matched","lg-as285dwwam","LG","AS285DWWAM","LG","AS285DWWAM","공기청정기","https://rentre.kr/product/1600005732/%ED%93%A8%EB%A6%AC%EC%BC%80%EC%96%B4-AI-360%CB%9A-%ED%94%8C%EB%9F%AC%EC%8A%A4-%EA%B3%B5%EA%B8%B0%EC%B2%AD%EC%A0%95%EA%B8%B0-30%ED%8F%89%ED%98%95-%2B-%EB%AC%B4%EB%B9%99%ED%9C%A0-%EC%84%B8%ED%8A%B8"
"matched","lg-as285dwwam-2","LG","AS285DWWAM","LG","AS285DWWAM","공기청정기","https://rentre.kr/product/1600005732/%ED%93%A8%EB%A6%AC%EC%BC%80%EC%96%B4-AI-360%CB%9A-%ED%94%8C%EB%9F%AC%EC%8A%A4-%EA%B3%B5%EA%B8%B0%EC%B2%AD%EC%A0%95%EA%B8%B0-30%ED%8F%89%ED%98%95-%2B-%EB%AC%B4%EB%B9%99%ED%9C%A0-%EC%84%B8%ED%8A%B8"
"matched","chungho-ap-15h5174","청호나이스","AP-15H5174","청호나이스","AP-15H5174","공기청정기","https://rentre.kr/product/1600004321/%ED%95%AD%EA%B7%A0-%EA%B3%B5%EA%B8%B0%EC%B2%AD%EC%A0%95%EA%B8%B0-%EB%94%94%EC%98%A4-19%ED%8F%89%ED%98%95"
"unmatched_remote","","","","웰스","AP520VWA","공기청정기","https://rentre.kr/product/1600003506/%EC%95%88%ED%8B%B0%EB%B0%94%EC%9D%B4%EB%9F%AC%EC%8A%A4-%ED%86%A0%EB%84%A4%EC%9D%B4%EB%8F%84-%EA%B3%B5%EA%B8%B0%EC%B2%AD%EC%A0%95%EA%B8%B0-22%ED%8F%89%ED%98%95"
"unmatched_remote","","","","웰스","AN734CWB","공기청정기","https://rentre.kr/product/106080401/%ED%86%A0%EB%84%A4%EC%9D%B4%EB%8F%84-%EA%B3%B5%EA%B8%B0%EC%B2%AD%EC%A0%95%EA%B8%B0-34%ED%8F%89%ED%98%95"
"matched","cuckoo-ac-28ah10gnw","쿠쿠","AC-28AH10GNW","쿠쿠","AC-28AH10GNW","공기청정기","https://rentre.kr/product/1600007245/%EC%9D%B8%EC%8A%A4%ED%93%A8%EC%96%B4-%ED%97%A4%EB%A6%AC%ED%8B%B0%EC%A7%80-%EA%B3%B5%EA%B8%B0%EC%B2%AD%EC%A0%95%EA%B8%B0-28%ED%8F%89%ED%98%95"
"unmatched_remote","","","","청호나이스","AP-23H8550","공기청정기","https://rentre.kr/product/1600004412/%EB%A9%80%ED%8B%B0%EC%88%9C%ED%99%98-%EA%B3%B5%EA%B8%B0%EC%B2%AD%EC%A0%95%EA%B8%B0-A880-(%EC%8A%A4%ED%83%A0%EB%93%9C%2C-23%ED%8F%89%ED%98%95)"
"matched","coway-ap-3519a","코웨이","AP-3519A","코웨이","AP-3519A","공기청정기","https://rentre.kr/product/103060101/%EB%B2%BD%EA%B1%B8%EC%9D%B4-%EA%B3%B5%EA%B8%B0%EC%B2%AD%EC%A0%95%EA%B8%B0-35%ED%8F%89%ED%98%95"
"matched","hyundai-hqaa10340f","현대큐밍","HQAA10340F","현대큐밍","HQAA10340F","공기청정기","https://rentre.kr/product/1600005772/%EB%8D%94%EC%BC%80%EC%96%B4-%ED%83%80%EC%9B%8C-%EC%97%90%EC%96%B4%EB%A0%8C-%EA%B3%B5%EA%B8%B0%EC%B2%AD%EC%A0%95%EA%B8%B0-%EC%84%B8%ED%8A%B8-12%ED%8F%89%ED%98%95%2B12%ED%8F%89%ED%98%95"
"unmatched_remote","","","","현대큐밍","HQAT12DW0B","공기청정기","https://rentre.kr/product/107020301/%EB%8D%94%EC%BC%80%EC%96%B4-%ED%83%80%EC%9B%8C-%ED%94%84%EB%A6%AC%EB%AF%B8%EC%97%84-%ED%95%AD%EA%B7%A0-%EA%B3%B5%EA%B8%B0%EC%B2%AD%EC%A0%95%EA%B8%B0-13%ED%8F%89%ED%98%95"
"matched","coway-ap-1225f","코웨이","AP-1225F","코웨이","AP-1225F","공기청정기","https://rentre.kr/product/1600003903/%EB%B2%BD%EA%B1%B8%EC%9D%B4-%EA%B3%B5%EA%B8%B0%EC%B2%AD%EC%A0%95%EA%B8%B02-12%ED%8F%89%ED%98%95"
"unmatched_remote","","","","웰스","AR318CWA","공기청정기","https://rentre.kr/product/1600003507/%ED%86%A0%EB%84%A4%EC%9D%B4%EB%8F%84-%EA%B3%B5%EA%B8%B0%EC%B2%AD%EC%A0%95%EA%B8%B0-18%ED%8F%89%ED%98%95"
"matched","chungho-ap-10h4052","청호나이스","AP-10H4052","청호나이스","AP-10H4052","공기청정기","https://rentre.kr/product/1522012757/%ED%9C%98%EB%B0%94%EB%9E%8C-%EC%88%A8%EC%86%8C%EB%A6%AC3-%EB%B2%BD%EA%B1%B8%EC%9D%B4-%EA%B3%B5%EA%B8%B0%EC%B2%AD%EC%A0%95%EA%B8%B0"
"matched","chungho-ap-10h4553","청호나이스","AP-10H4553","청호나이스","AP-10H4553","공기청정기","https://rentre.kr/product/1522012552/%ED%95%AD%EA%B7%A0-%EA%B3%B5%EA%B8%B0%EC%B2%AD%EC%A0%95%EA%B8%B0-A600S-14%ED%8F%89%ED%98%95"
"matched","chungho-ap-15h5170","청호나이스","AP-15H5170","청호나이스","AP-15H5170","공기청정기","https://rentre.kr/product/1522013414/NEW-HERO-S2-%EA%B3%B5%EA%B8%B0%EC%B2%AD%EC%A0%95%EA%B8%B0-16%ED%8F%89%ED%98%95"
"unmatched_remote","","","","웰스","AR626CBA","공기청정기","https://rentre.kr/product/1600003508/%EC%97%90%EC%96%B4%EA%B0%80%EB%93%A0-%EA%B3%B5%EA%B8%B0%EC%B2%AD%EC%A0%95%EA%B8%B0-27%ED%8F%89%ED%98%95"
"matched","chungho-av-06h3050","청호나이스","AV-06H3050","청호나이스","AV-06H3050","공기청정기","https://rentre.kr/product/104010101/%ED%99%98%EA%B8%B0-%EA%B3%B5%EA%B8%B0%EC%B2%AD%EC%A0%95%EA%B8%B0-OA-55%ED%8F%89%ED%98%95"
"matched","skmagic-acl130z0skpn","SK매직","ACL130Z0SKPN","SK매직","ACL130Z0SKPN","공기청정기","https://rentre.kr/product/1600004319/PSG-%EC%BD%94%EC%96%B4-%EA%B3%B5%EA%B8%B0%EC%B2%AD%EC%A0%95%EA%B8%B0-12%ED%8F%89%ED%98%95"
"unmatched_remote","","","","현대큐밍","HQAT11DW0B","공기청정기","https://rentre.kr/product/107020101/%EB%8D%94%EC%BC%80%EC%96%B4-%ED%83%80%EC%9B%8C-%ED%95%AD%EA%B7%A0-%EA%B3%B5%EA%B8%B0%EC%B2%AD%EC%A0%95%EA%B8%B0-10%ED%8F%89%ED%98%95"
"unmatched_remote","","","","쿠쿠","AC-20T10FWH(S)","공기청정기","https://rentre.kr/product/1600007244/%EC%9D%B8%EC%8A%A4%ED%93%A8%EC%96%B4-T8700-%EA%B3%B5%EA%B8%B0%EC%B2%AD%EC%A0%95%EA%B8%B0-20%ED%8F%89%ED%98%95"
"unmatched_remote","","","","쿠쿠","AC-35U20FWGE(S)","공기청정기","https://rentre.kr/product/1600006003/%EC%9D%B8%EC%8A%A4%ED%93%A8%EC%96%B4-%EC%9A%B8%ED%8A%B8%EB%9D%BC-%EA%B3%B5%EA%B8%B0%EC%B2%AD%EC%A0%95%EA%B8%B0-35%ED%8F%89%ED%98%95"
"matched","hyundai-hqaa313w0f","현대큐밍","HQAA313W0F","현대큐밍","HQAA313W0F","공기청정기","https://rentre.kr/product/1600005027/%EB%8D%94%EC%BC%80%EC%96%B4-%EB%93%80%EC%96%BC-PRO-%EA%B3%B5%EA%B8%B0%EC%B2%AD%EC%A0%95%EA%B8%B0-31%ED%8F%89%ED%98%95"
"unmatched_remote","","","","웰스","AS526CWA","공기청정기","https://rentre.kr/product/1600007665/%EC%97%90%EC%96%B4%EA%B0%80%EB%93%A0-%EA%B3%B5%EA%B8%B0%EC%B2%AD%EC%A0%95%EA%B8%B0-26%ED%8F%89%ED%98%95"
"unmatched_remote","","","","웰스","AQ730CWD","공기청정기","https://rentre.kr/product/1600007671/%EC%9B%B0%EC%8A%A4-%ED%86%A0%EB%84%A4%EC%9D%B4%EB%8F%84-2-%EA%B3%B5%EA%B8%B0%EC%B2%AD%EC%A0%95%EA%B8%B0-30%ED%8F%89%ED%98%95"
"matched","cuckoo-cbt-qsb1041w","쿠쿠","CBT-QSB1041W","쿠쿠","CBT-QSB1041W","비데","https://rentre.kr/product/1522012924/%EC%9D%B8%EC%8A%A4%ED%93%A8%EC%96%B4-%ED%8A%B8%EB%A6%AC%ED%94%8C%EC%BC%80%EC%96%B48-%EB%B9%84%EB%8D%B0"
"matched","coway-bas51-a","코웨이","BAS51-A","코웨이","BAS51-A","비데","https://rentre.kr/product/1600007108/%EB%8D%94%EB%A7%A4%EB%84%88-%EB%B9%84%EB%8D%B0-%ED%94%8C%EB%9F%AC%EC%8A%A4"
"matched","coway-bas37-c","코웨이","BAS37-C","코웨이","BAS37-C","비데","https://rentre.kr/product/1600003522/%EB%8D%94%EB%B8%94%EC%BC%80%EC%96%B4-%EB%B9%84%EB%8D%B0-2"
"matched","coway-bas40-b","코웨이","BAS40-B","코웨이","BAS40-B","비데","https://rentre.kr/product/1600007917/%EC%8A%A4%ED%83%80%EC%9D%BC-%EB%B9%84%EB%8D%B0"
"matched","cuckoo-cbt-g1031w","쿠쿠","CBT-G1031W","쿠쿠","CBT-G1031W","비데","https://rentre.kr/product/205030101/%EC%9D%B8%EC%8A%A4%ED%93%A8%EC%96%B4-%EC%9D%B4%EC%A7%80-%ED%95%84%ED%84%B0-%EA%B0%80%EC%84%B1%EB%B9%84-%EB%B9%84%EB%8D%B0"
"matched","hyundai-hqbp530w0d","현대큐밍","HQBP530W0D","현대큐밍","HQBP530W0D","비데","https://rentre.kr/product/1522012539/%EB%8D%94%ED%81%B4%EB%A6%B0-%EC%82%B4%EA%B7%A0%EC%BC%80%EC%96%B4-%EB%B9%84%EB%8D%B0"
"matched","coway-bas49-a","코웨이","BAS49-A","코웨이","BAS49-A","비데","https://rentre.kr/product/1600006395/%EC%8A%AC%EB%A6%AC%EB%AF%B9-%EB%B9%84%EB%8D%B0"
"matched","cuckoo-cbt-qsf1041w","쿠쿠","CBT-QSF1041W","쿠쿠","CBT-QSF1041W","비데","https://rentre.kr/product/1600006596/%EC%9D%B8%EC%8A%A4%ED%93%A8%EC%96%B4-%ED%8A%B8%EB%A6%AC%ED%94%8C-%EC%9E%90%EB%8F%99-%EB%AC%BC-%EB%82%B4%EB%A6%BC-%EB%B9%84%EB%8D%B0"
"matched","coway-bas38-c","코웨이","BAS38-C","코웨이","BAS38-C","비데","https://rentre.kr/product/1600003569/%EB%8D%94%EB%B8%94%EC%BC%80%EC%96%B4-%ED%94%8C%EB%9F%AC%EC%8A%A4-%EB%B9%84%EB%8D%B0-2"
"matched","cuckoo-cbt-g3031w","쿠쿠","CBT-G3031W","쿠쿠","CBT-G3031W","비데","https://rentre.kr/product/205040101/%EC%9D%B8%EC%8A%A4%ED%93%A8%EC%96%B4-%EC%9D%B4%EC%A7%80-%ED%95%84%ED%84%B0-%EB%B0%A9%EC%88%98-%EB%B9%84%EB%8D%B0"
"unmatched_remote","","","","코웨이","BAS41-A","비데","https://rentre.kr/product/1522012530/%EC%8A%A4%ED%83%80%EC%9D%BC%EC%BC%80%EC%96%B4-%EB%B9%84%EB%8D%B0"
"matched","cuckoo-cbt-kffs31rw","쿠쿠","CBT-KFFS31RW","쿠쿠","CBT-KFFS31RW","비데","https://rentre.kr/product/1522012752/%EB%8F%84%EA%B8%B0%5Cu0026%EB%85%B8%EC%A6%90-%EC%9E%90%EB%8F%99%EC%82%B4%EA%B7%A0-%EB%B0%A9%EC%88%98%EB%B9%84%EB%8D%B0"
"matched","coway-bas41-b","코웨이","BAS41-B","코웨이","BAS41-B","비데","https://rentre.kr/product/1600007918/%EC%8A%A4%ED%83%80%EC%9D%BC-%EB%B9%84%EB%8D%B0-%ED%94%8C%EB%9F%AC%EC%8A%A4"
"matched","coway-ba20-d","코웨이","BA20-D","코웨이","BA20-D","비데","https://rentre.kr/product/1522012923/%ED%94%84%EB%9D%BC%EC%9E%84-%EB%B9%84%EB%8D%B0-(%EA%B1%B4%EC%A1%B0%EA%B8%B0%EB%8A%A5-%EB%AF%B8%ED%8F%AC%ED%95%A8)"
"unmatched_remote","","","","코웨이","BAS47-B","비데","https://rentre.kr/product/1600003904/%EC%BB%B4%ED%8C%A9%ED%8A%B8-%EB%B9%84%EB%8D%B02"
"matched","cuckoo-cbt-l1032w","쿠쿠","CBT-L1032W","쿠쿠","CBT-L1032W","비데","https://rentre.kr/product/1600006853/%EC%9D%B8%EC%8A%A4%ED%93%A8%EC%96%B4-%EB%B9%84%EB%8D%B0-(25%EB%85%84-12%EC%9B%94-%EC%B6%9C%EC%8B%9C)"
"matched","cuckoo-cbt-l1031w","쿠쿠","CBT-L1031W","쿠쿠","CBT-L1031W","비데","https://rentre.kr/product/1522010918/%EC%9D%B8%EC%8A%A4%ED%93%A8%EC%96%B4-%EB%B9%84%EB%8D%B0"
"matched","skmagic-bidf17dr43wh","SK매직","BIDF17DR43WH","SK매직","BIDF17DR43WH","비데","https://rentre.kr/product/1522012538/%ED%92%80%EC%8A%A4%ED%85%90-%EC%8A%A4%ED%8C%8C-%EB%B9%84%EB%8D%B0"
"matched","chungho-bs-65d70","청호나이스","BS-65D70","청호나이스","BS-65D70","비데","https://rentre.kr/product/1600007017/B700-%EC%82%B4%EA%B7%A0-%EB%A6%AC%EB%AA%A8%EC%BB%A8-%EB%B9%84%EB%8D%B0"
"unmatched_remote","","","","쿠쿠","CBT-QS1041RW(S)","비데","https://rentre.kr/product/1600003440/%EC%9D%B8%EC%8A%A4%ED%93%A8%EC%96%B4-%ED%8A%B8%EB%A6%AC%ED%94%8C%EC%BC%80%EC%96%B48-%EB%A6%AC%EB%AA%A8%EC%BB%A8-%EB%B9%84%EB%8D%B0"
"unmatched_remote","","","","웰스","BN150","비데","https://rentre.kr/product/206050101/%EC%9B%B0%EC%8A%A4-%EB%B9%84%EB%8D%B0"
"matched","cuckoo-cbt-is1031w","쿠쿠","CBT-IS1031W","쿠쿠","CBT-IS1031W","비데","https://rentre.kr/product/205010101/%EC%A0%84%EA%B8%B0%EB%B6%84%ED%95%B4-%EB%85%B8%EC%A6%90-%EC%9E%90%EB%8F%99%EC%82%B4%EA%B7%A0-%EB%B9%84%EB%8D%B0"
"matched","cuckoo-cbt-is1031rw","쿠쿠","CBT-IS1031RW","쿠쿠","CBT-IS1031RW","비데","https://rentre.kr/product/205020101/%EC%9D%B8%EC%8A%A4%ED%93%A8%EC%96%B4-%EC%A0%84%EA%B8%B0%EB%B6%84%ED%95%B4-%EB%85%B8%EC%A6%90-%EC%9E%90%EB%8F%99%EC%82%B4%EA%B7%A0-%EB%A6%AC%EB%AA%A8%EC%BB%A8-%EB%B9%84%EB%8D%B0"
"matched","skmagic-bids51dr15wh","SK매직","BIDS51DR15WH","SK매직","BIDS51DR15WH","비데","https://rentre.kr/product/1600006565/%EC%98%AC%ED%81%B4%EB%A6%B0-%EC%BC%80%EC%96%B4-%EB%B9%84%EB%8D%B0"
"matched","skmagic-bids17dr64wh","SK매직","BIDS17DR64WH","SK매직","BIDS17DR64WH","비데","https://rentre.kr/product/1600003521/%ED%92%80%EC%8A%A4%ED%85%90-%EC%82%B4%EA%B7%A0%EB%B9%84%EB%8D%B0"
"matched","chungho-bs-35d50","청호나이스","BS-35D50","청호나이스","BS-35D50","비데","https://rentre.kr/product/1522013415/B600-PLUS-%EC%82%B4%EA%B7%A0-%EB%B9%84%EB%8D%B0"
"matched","cuckoo-cbt-pff31rw","쿠쿠","CBT-PFF31RW","쿠쿠","CBT-PFF31RW","비데","https://rentre.kr/product/1600002247/%EC%9D%B8%EC%8A%A4%ED%93%A8%EC%96%B4-%EC%8A%88%ED%8D%BC%EC%8A%AC%EB%A6%BC-%EB%A6%AC%EB%AA%A8%EC%BB%A8-%EB%B9%84%EB%8D%B0"
"matched","chungho-bd-35d51","청호나이스","BD-35D51","청호나이스","BD-35D51","비데","https://rentre.kr/product/204050101/%EC%97%90%EC%96%B4%EB%B2%84%EB%B8%94-%EB%B9%84%EB%8D%B0"
"matched","chungho-bd-36d50","청호나이스","BD-36D50","청호나이스","BD-36D50","비데","https://rentre.kr/product/1600007103/%EC%BE%8C%EB%B3%80-%EB%B9%84%EB%8D%B0-B360-(%EC%BE%8C%EB%B3%80%2B%EA%B1%B4%EC%A1%B0)"
"unmatched_remote","","","","현대큐밍","HQBS300W0B","비데","https://rentre.kr/product/207010101/%EB%8D%94%ED%81%B4%EB%A6%B0-%EC%8A%A4%EB%A7%88%ED%8A%B8-%EB%B9%84%EB%8D%B0"
"unmatched_remote","","","","코웨이","BAS25-C","비데","https://rentre.kr/product/1522012528/%EC%BB%B4%ED%8C%A9%ED%8A%B8-%EB%B9%84%EB%8D%B01"
"unmatched_remote","","","","청호나이스","BD-35D62","비데","https://rentre.kr/product/1522010218/%EC%BE%8C%EB%B3%80-%EB%B9%84%EB%8D%B0-B350-PLUS-(%EA%B1%B4%EC%A1%B0%2C-%ED%83%88%EC%B7%A8)"
"unmatched_remote","","","","현대큐밍","HQBB100W0D","비데","https://rentre.kr/product/1522011604/%EB%8D%94%ED%81%B4%EB%A6%B0-%ED%99%94%EC%9D%B4%ED%8A%B8-%EB%B9%84%EB%8D%B0"
"matched","chungho-bd-35d72","청호나이스","BD-35D72","청호나이스","BD-35D72","비데","https://rentre.kr/product/1522010217/%EC%BE%8C%EB%B3%80-%EB%B9%84%EB%8D%B0-B350-PLUS-(%EA%B1%B4%EC%A1%B0%2C-%ED%83%88%EC%B7%A8%2C-%EC%9E%90%EB%8F%99%EB%AC%BC%EB%82%B4%EB%A6%BC)"
"matched","chungho-bd-35d50r","청호나이스","BD-35D50R","청호나이스","BD-35D50R","비데","https://rentre.kr/product/204040201/%EC%BE%8C%EB%B3%80-%EB%B9%84%EB%8D%B0-B350-(%EB%A6%AC%EB%AA%A8%EC%BB%A8%2C-%EC%9D%BC%EB%B0%98%EB%B3%80%EC%A2%8C)"
"matched","cuckoo-cbt-qf1041w","쿠쿠","CBT-QF1041W","쿠쿠","CBT-QF1041W","비데","https://rentre.kr/product/1600006745/%EC%9D%B8%EC%8A%A4%ED%93%A8%EC%96%B4-%EC%9E%90%EB%8F%99%EB%AC%BC%EB%82%B4%EB%A6%BC-%EB%B9%84%EB%8D%B0"
"matched","coway-bas39-a","코웨이","BAS39-A","코웨이","BAS39-A","비데","https://rentre.kr/product/1522012533/%EC%8A%A4%EC%8A%A4%EB%A1%9C%EC%BC%80%EC%96%B4-%EB%B9%84%EB%8D%B0-(%EC%A0%80%EC%88%98%EC%95%95-%ED%8A%B9%ED%99%94)"
"matched","chungho-bd-40d60","청호나이스","BD-40D60","청호나이스","BD-40D60","비데","https://rentre.kr/product/1600006332/%ED%8A%B8%EC%9C%88-%EB%85%B8%EC%A6%90-%EB%B9%84%EB%8D%B0"
"matched","skmagic-bidf17dr54ww","SK매직","BIDF17DR54WW","SK매직","BIDF17DR54WW","비데","https://rentre.kr/product/1600003435/%EC%9C%84%EA%B8%80%EC%9C%84%EA%B8%80-%ED%92%80%EC%8A%A4%ED%85%90-%EC%8A%A4%ED%8C%8C-%EB%B9%84%EB%8D%B0"
"unmatched_remote","","","","코웨이","BA52-A","비데","https://rentre.kr/product/1600008347/%EB%A3%B0%EB%A3%A8-%ED%94%84%EB%9D%BC%EC%9E%84-%EB%B9%84%EB%8D%B0-(26%EB%85%84-%EC%B6%9C%EC%8B%9C)"
"unmatched_remote","","","","SK매직","BID096PR46WH","비데","https://rentre.kr/product/202060101/%ED%8C%8C%EC%9B%8C%EC%97%85-%ED%95%AD%EA%B7%A0-%EC%97%90%EC%BD%94-%EB%B9%84%EB%8D%B0"
"unmatched_remote","","","","웰스","BP550CWA","비데","https://rentre.kr/product/1600003513/%ED%95%AD%EA%B7%A0%EB%B0%A9%EC%88%98-%ED%94%8C%EB%9F%AC%EC%8A%A4-%EB%A6%AC%EB%AA%A8%EC%BB%A8-%EB%B9%84%EB%8D%B0"
"unmatched_remote","","","","웰스","BP750CWA","비데","https://rentre.kr/product/1600003514/%EC%9E%90%EB%8F%99%EC%82%B4%EA%B7%A0-%EB%A6%AC%EB%AA%A8%EC%BB%A8-%EB%B9%84%EB%8D%B0"
"unmatched_remote","","","","청호나이스","BD-35D40","비데","https://rentre.kr/product/204060401/%EC%BE%8C%EB%B3%80-%EB%B9%84%EB%8D%B0-B350-(%EA%B1%B4%EC%A1%B0)(%EC%86%8C%ED%98%95)"
"matched","wells-bm750","웰스","BM750","웰스","BM750","비데","https://rentre.kr/product/206010101/%EC%9E%90%EB%8F%99%EC%82%B4%EA%B7%A0-%EB%B9%84%EB%8D%B0"
"unmatched_remote","","","","현대큐밍","HQBL200W0B","비데","https://rentre.kr/product/207040101/%EB%8D%94%ED%81%B4%EB%A6%B0-%EB%9D%BC%EC%9D%B4%ED%8A%B8-%EB%B9%84%EB%8D%B0"
"matched","chungho-bd-36d60","청호나이스","BD-36D60","청호나이스","BD-36D60","비데","https://rentre.kr/product/1600007922/%ED%83%88%EC%B7%A8-%EB%B9%84%EB%8D%B0-B360"
"unmatched_remote","","","","쿠쿠","CBT-RFFS1310W","비데","https://rentre.kr/product/1600008379/%EC%9D%B8%EC%8A%A4%ED%93%A8%EC%96%B4-%EB%93%80%EC%96%BC-%EC%82%B4%EA%B7%A0-%EB%B9%84%EB%8D%B0"
"matched","hyundai-hqba300wbg","현대큐밍","HQBA300WBG","현대큐밍","HQBA300WBG","비데","https://rentre.kr/product/1600008436/%EB%8D%94%ED%81%B4%EB%A6%B0-%EB%A9%80%ED%8B%B0%EC%BC%80%EC%96%B4-%EB%B9%84%EB%8D%B0"
"unmatched_remote","","","","웰스","BT762RWA","비데","https://rentre.kr/product/1600007507/%EC%8A%A4%ED%8C%8C%EC%9B%90-%EC%BC%80%EC%96%B4-%EB%B9%84%EB%8D%B0"
"unmatched_remote","","","","웰스","BT660RWA","비데","https://rentre.kr/product/1600007508/%EC%8A%A4%ED%8C%8C%EC%9B%90-%EB%B9%84%EB%8D%B0"
"unmatched_remote","","","","웰스","BR550RWA","비데","https://rentre.kr/product/1600003517/%EC%98%AC%EC%8A%A4%ED%85%90-%EC%97%90%EC%96%B4-%EB%B9%84%EB%8D%B0"
"unmatched_remote","","","","웰스","BT552RWA","비데","https://rentre.kr/product/1600007682/%EC%9B%B0%EC%8A%A4-%EC%BC%80%EC%96%B4%ED%94%8C%EB%9F%AC%EC%8A%A4-%EB%B9%84%EB%8D%B0"
"unmatched_remote","","","","웰스","BQ450RWA","비데","https://rentre.kr/product/1600003515/%EC%98%AC%EC%8A%A4%ED%85%90-%EB%B9%84%EB%8D%B0"
"unmatched_remote","","","","웰스","BQ650RWA","비데","https://rentre.kr/product/1600007688/%EC%98%AC%EC%8A%A4%ED%85%90-%ED%8A%B8%EC%9C%88-%EB%B9%84%EB%8D%B0"
"matched","coway-cmq-pr04-v2","코웨이","CMQ-PR04_V2","코웨이","CMQ-PR04_V2","매트리스","https://rentre.kr/product/1522010192/BEREX-%ED%83%91%ED%8D%BC%EA%B5%90%EC%B2%B4-%EB%A7%A4%ED%8A%B8%EB%A6%AC%EC%8A%A4-%ED%95%98%EC%9D%B4%EB%B8%8C%EB%A6%AC%EB%93%9C4-%ED%80%B8(Q)"
"matched","coway-cmk-pr04-v2","코웨이","CMK-PR04_V2","코웨이","CMK-PR04_V2","매트리스","https://rentre.kr/product/1522010193/BEREX-%ED%83%91%ED%8D%BC%EA%B5%90%EC%B2%B4-%EB%A7%A4%ED%8A%B8%EB%A6%AC%EC%8A%A4-%ED%95%98%EC%9D%B4%EB%B8%8C%EB%A6%AC%EB%93%9C4-%ED%82%B9(K)"
"matched","coway-cmss-ob03","코웨이","CMSS-OB03","코웨이","CMSS-OB03","매트리스","https://rentre.kr/product/1522010896/BEREX-%EC%9B%90%EB%B0%94%EB%94%942-%EB%A7%A4%ED%8A%B8%EB%A6%AC%EC%8A%A4-%EC%8A%88%ED%8D%BC%EC%8B%B1%EA%B8%80(SS)"
"matched","coway-cmq-se02","코웨이","CMQ-SE02","코웨이","CMQ-SE02","매트리스","https://rentre.kr/product/1600006400/BEREX-%EB%AA%A8%EB%94%94-%EB%A7%A4%ED%8A%B8%EB%A6%AC%EC%8A%A4-%ED%80%B8(Q)"
"unmatched_remote","","","","쿠쿠","CRM-C01SEMQ/HQ","매트리스","https://rentre.kr/product/1600006117/%EB%A0%88%EC%8A%A4%ED%8B%B0%EB%85%B8-%EB%A7%A4%ED%8A%B8%EB%A6%AC%EC%8A%A4-%EC%9C%A0%EB%A1%9C%ED%83%91-%ED%80%B8(Q)-(25%EB%85%84-2%EC%9B%94-%EC%B6%9C%EC%8B%9C)"
"matched","coway-cmss-se02","코웨이","CMSS-SE02","코웨이","CMSS-SE02","매트리스","https://rentre.kr/product/1600006317/BEREX-%EB%AA%A8%EB%94%94-%EB%A7%A4%ED%8A%B8%EB%A6%AC%EC%8A%A4-%EC%8A%88%ED%8D%BC%EC%8B%B1%EA%B8%80(SS)"
"unmatched_remote","","","","코웨이","CMSS-S03H","매트리스","https://rentre.kr/product/1600006201/BEREX-%ED%94%84%EB%9D%BC%EC%9E%84-%EB%A7%A4%ED%8A%B8%EB%A6%AC%EC%8A%A4-%EC%8A%88%ED%8D%BC%EC%8B%B1%EA%B8%80(SS)"
"matched","coway-cmss-pr04-v2","코웨이","CMSS-PR04_V2","코웨이","CMSS-PR04_V2","매트리스","https://rentre.kr/product/1522010191/BEREX-%ED%83%91%ED%8D%BC%EA%B5%90%EC%B2%B4-%EB%A7%A4%ED%8A%B8%EB%A6%AC%EC%8A%A4-%ED%95%98%EC%9D%B4%EB%B8%8C%EB%A6%AC%EB%93%9C4-%EC%8A%88%ED%8D%BC%EC%8B%B1%EA%B8%80(SS)"
"matched","coway-cmlk-se03","코웨이","CMLK-SE03","코웨이","CMLK-SE03","매트리스","https://rentre.kr/product/1600006642/BEREX-%EB%A3%A8%EB%84%A4%EC%96%B4-%EB%A7%A4%ED%8A%B8%EB%A6%AC%EC%8A%A4-%EB%9D%BC%EC%A7%80%ED%82%B9(LK)"
"matched","coway-cmq-se03","코웨이","CMQ-SE03","코웨이","CMQ-SE03","매트리스","https://rentre.kr/product/1600006546/BEREX-%EB%A3%A8%EB%84%A4%EC%96%B4-%EB%A7%A4%ED%8A%B8%EB%A6%AC%EC%8A%A4-%ED%80%B8(Q)"
"matched","coway-cmq-ob03","코웨이","CMQ-OB03","코웨이","CMQ-OB03","매트리스","https://rentre.kr/product/1522010894/BEREX-%EC%9B%90%EB%B0%94%EB%94%942-%EB%A7%A4%ED%8A%B8%EB%A6%AC%EC%8A%A4-%ED%80%B8(Q)"
"unmatched_remote","","","","쿠쿠","CRM-A10Q","매트리스","https://rentre.kr/product/1522012439/%EB%A0%88%EC%8A%A4%ED%8B%B0%EB%85%B8-%EB%A7%A4%ED%8A%B8%EB%A6%AC%EC%8A%A4-%ED%83%80%EC%9D%B4%ED%8A%B8%ED%83%91-%ED%80%B8(Q)"
"matched","coway-cmss-se03","코웨이","CMSS-SE03","코웨이","CMSS-SE03","매트리스","https://rentre.kr/product/1600006545/BEREX-%EB%A3%A8%EB%84%A4%EC%96%B4-%EB%A7%A4%ED%8A%B8%EB%A6%AC%EC%8A%A4-%EC%8A%88%ED%8D%BC%EC%8B%B1%EA%B8%80(SS)"
"unmatched_remote","","","","코웨이","CMLK-S03M","매트리스","https://rentre.kr/product/1522010241/BEREX-%ED%94%84%EB%9D%BC%EC%9E%84-%EB%A7%A4%ED%8A%B8%EB%A6%AC%EC%8A%A4-%EB%9D%BC%EC%A7%80%ED%82%B9(LK)"
"unmatched_remote","","","","쿠쿠","CRM-A10SS","매트리스","https://rentre.kr/product/1522012438/%EB%A0%88%EC%8A%A4%ED%8B%B0%EB%85%B8-%EB%A7%A4%ED%8A%B8%EB%A6%AC%EC%8A%A4-%ED%83%80%EC%9D%B4%ED%8A%B8%ED%83%91-%EC%8A%88%ED%8D%BC%EC%8B%B1%EA%B8%80(SS)"
"unmatched_remote","","","","쿠쿠","CRM-B10Q","매트리스","https://rentre.kr/product/1522012443/%EB%A0%88%EC%8A%A4%ED%8B%B0%EB%85%B8-%EB%A7%A4%ED%8A%B8%EB%A6%AC%EC%8A%A4-%EC%9C%A0%EB%A1%9C%ED%83%91-%ED%80%B8(Q)"
"unmatched_remote","","","","쿠쿠","CRM-A10K","매트리스","https://rentre.kr/product/1522012440/%EB%A0%88%EC%8A%A4%ED%8B%B0%EB%85%B8-%EB%A7%A4%ED%8A%B8%EB%A6%AC%EC%8A%A4-%ED%83%80%EC%9D%B4%ED%8A%B8%ED%83%91-%ED%82%B9(K)"
"unmatched_remote","","","","쿠쿠","CRM-B10LK","매트리스","https://rentre.kr/product/1522012445/%EB%A0%88%EC%8A%A4%ED%8B%B0%EB%85%B8-%EB%A7%A4%ED%8A%B8%EB%A6%AC%EC%8A%A4-%EC%9C%A0%EB%A1%9C%ED%83%91-%EB%9D%BC%EC%A7%80%ED%82%B9(LK)"
"matched","coway-cmk-se03","코웨이","CMK-SE03","코웨이","CMK-SE03","매트리스","https://rentre.kr/product/1600006641/BEREX-%EB%A3%A8%EB%84%A4%EC%96%B4-%EB%A7%A4%ED%8A%B8%EB%A6%AC%EC%8A%A4-%ED%82%B9(K)"
"unmatched_remote","","","","쿠쿠","CRM-B10K","매트리스","https://rentre.kr/product/1522012444/%EB%A0%88%EC%8A%A4%ED%8B%B0%EB%85%B8-%EB%A7%A4%ED%8A%B8%EB%A6%AC%EC%8A%A4-%EC%9C%A0%EB%A1%9C%ED%83%91-%ED%82%B9(K)"
"unmatched_remote","","","","웰스","MR775","매트리스","https://rentre.kr/product/1600007669/%EC%9B%B0%EC%8A%A4-%EB%A7%A4%ED%8A%B8%EB%A6%AC%EC%8A%A4-%ED%95%98%EC%9D%B4%EB%B8%8C%EB%A6%AC%EB%93%9C%2B-%ED%80%B8(Q)"
"matched","coway-cmss-s05","코웨이","CMSS-S05","코웨이","CMSS-S05","매트리스","https://rentre.kr/product/1522010892/BEREX-%ED%83%91%ED%8D%BC%EA%B5%90%EC%B2%B4-%EB%A7%A4%ED%8A%B8%EB%A6%AC%EC%8A%A4-%ED%94%84%EB%9D%BC%EC%9E%84%ED%94%8C%EB%9F%AC%EC%8A%A42-%EC%8A%88%ED%8D%BC%EC%8B%B1%EA%B8%80(SS)"
"unmatched_remote","","","","현대큐밍","HQMG70QGCB_SET","매트리스","https://rentre.kr/product/1522012856/%EB%8D%94%ED%99%88-%EA%B7%B8%EB%A0%88%EC%9D%B4-%EB%A7%A4%ED%8A%B8%EB%A6%AC%EC%8A%A4-%ED%94%84%EB%A0%88%EC%9E%84-%EC%84%B8%ED%8A%B8-%ED%80%B8(Q)"
"matched","coway-cmlk-as05","코웨이","CMLK-AS05","코웨이","CMLK-AS05","매트리스","https://rentre.kr/product/1600003553/BEREX-%EC%8A%A4%EB%A7%88%ED%8A%B8-%EB%A7%A4%ED%8A%B8%EB%A6%AC%EC%8A%A4-S8%2B-%EB%9D%BC%EC%A7%80%ED%82%B9(LK)"
"unmatched_remote","","","","현대큐밍","HQMG70QGCB","매트리스","https://rentre.kr/product/1522012474/%EB%8D%94%ED%99%88-%EA%B7%B8%EB%A0%88%EC%9D%B4-%ED%94%8C%EB%9F%AC%EC%8A%A4-%EB%A7%A4%ED%8A%B8%EB%A6%AC%EC%8A%A4-%ED%80%B8(Q)"
"matched","coway-cmq-sp01sc","코웨이","CMQ-SP01SC","코웨이","CMQ-SP01SC","매트리스","https://rentre.kr/product/1522012404/BEREX-%EC%8B%9C%EA%B7%B8%EB%8B%88%EC%B2%98-%EC%BB%B4%ED%8F%AC%ED%8A%B8-%EB%A7%A4%ED%8A%B8%EB%A6%AC%EC%8A%A4-%ED%80%B8(Q)"
"matched","coway-cmss-sp01s","코웨이","CMSS-SP01S","코웨이","CMSS-SP01S","매트리스","https://rentre.kr/product/1522012401/BEREX-%EC%8B%9C%EA%B7%B8%EB%8B%88%EC%B2%98-%EB%A7%A4%ED%8A%B8%EB%A6%AC%EC%8A%A4-%EC%8A%88%ED%8D%BC%EC%8B%B1%EA%B8%80(SS)"
"unmatched_remote","","","","코웨이","CMSS-M01M","매트리스","https://rentre.kr/product/1522010236/BEREX-%EC%BB%B4%ED%8C%A9%ED%8A%B8-%EB%A9%94%EB%AA%A8%EB%A6%AC%ED%8F%BC-%EB%A7%A4%ED%8A%B8%EB%A6%AC%EC%8A%A4-%EC%8A%88%ED%8D%BC%EC%8B%B1%EA%B8%80(SS)"
"matched","coway-cmq-as05","코웨이","CMQ-AS05","코웨이","CMQ-AS05","매트리스","https://rentre.kr/product/1600003549/BEREX-%EC%8A%A4%EB%A7%88%ED%8A%B8-%EB%A7%A4%ED%8A%B8%EB%A6%AC%EC%8A%A4-S8%2B-%ED%80%B8(Q)"
"matched","coway-cmss-st01eh","코웨이","CMSS-ST01EH","코웨이","CMSS-ST01EH","매트리스","https://rentre.kr/product/1522012410/BEREX-%EC%97%98%EB%A6%AC%ED%8A%B8-%EB%A7%A4%ED%8A%B8%EB%A6%AC%EC%8A%A4-%EC%8A%88%ED%8D%BC%EC%8B%B1%EA%B8%80(SS)"
"matched","coway-cmss-pr03","코웨이","CMSS-PR03","코웨이","CMSS-PR03","매트리스","https://rentre.kr/product/1522010239/BEREX-%ED%83%91%ED%8D%BC%EA%B5%90%EC%B2%B4-%EB%A7%A4%ED%8A%B8%EB%A6%AC%EC%8A%A4-%ED%95%98%EC%9D%B4%EB%B8%8C%EB%A6%AC%EB%93%9C3-%EC%8A%88%ED%8D%BC%EC%8B%B1%EA%B8%80(SS)"
"matched","coway-cmlk-sp02sc","코웨이","CMLK-SP02SC","코웨이","CMLK-SP02SC","매트리스","https://rentre.kr/product/1600006276/BEREX-%EC%8B%9C%EA%B7%B8%EB%8B%88%EC%B2%98-%ED%8C%8C%EC%9D%B4%EC%96%B4%EC%89%B4%EB%93%9C-%EB%A7%A4%ED%8A%B8%EB%A6%AC%EC%8A%A4-%EB%9D%BC%EC%A7%80%ED%82%B9(LK)"
"unmatched_remote","","","","쿠쿠","CRM-D01HEMSS/HSS","매트리스","https://rentre.kr/product/1600006125/%EB%A0%88%EC%8A%A4%ED%8B%B0%EB%85%B8-%EB%A7%A4%ED%8A%B8%EB%A6%AC%EC%8A%A4-%EC%9C%A0%EB%A1%9C%ED%83%91-%EC%8A%88%ED%8D%BC%EC%8B%B1%EA%B8%80(SS)-(25%EB%85%84-3%EC%9B%94-%EC%B6%9C%EC%8B%9C)"
"matched","coway-cmss-as05","코웨이","CMSS-AS05","코웨이","CMSS-AS05","매트리스","https://rentre.kr/product/1600003519/BEREX-%EC%8A%A4%EB%A7%88%ED%8A%B8-%EB%A7%A4%ED%8A%B8%EB%A6%AC%EC%8A%A4-S8%2B-%EC%8A%88%ED%8D%BC%EC%8B%B1%EA%B8%80(SS)"
"unmatched_remote","","","","쿠쿠","CRM-B10SS","매트리스","https://rentre.kr/product/1522012442/%EB%A0%88%EC%8A%A4%ED%8B%B0%EB%85%B8-%EB%A7%A4%ED%8A%B8%EB%A6%AC%EC%8A%A4-%EC%9C%A0%EB%A1%9C%ED%83%91-%EC%8A%88%ED%8D%BC%EC%8B%B1%EA%B8%80(SS)"
"matched","coway-cmq-sp01s","코웨이","CMQ-SP01S","코웨이","CMQ-SP01S","매트리스","https://rentre.kr/product/1522012400/BEREX-%EC%8B%9C%EA%B7%B8%EB%8B%88%EC%B2%98-%EB%A7%A4%ED%8A%B8%EB%A6%AC%EC%8A%A4-%ED%80%B8(Q)"
"matched","coway-cmss-se01","코웨이","CMSS-SE01","코웨이","CMSS-SE01","매트리스","https://rentre.kr/product/1522012408/BEREX-%EB%8D%94%EB%B8%94-%EC%82%AC%EC%9D%B4%EB%93%9C-%EB%A7%A4%ED%8A%B8%EB%A6%AC%EC%8A%A4-%EC%8A%88%ED%8D%BC%EC%8B%B1%EA%B8%80(SS)"
"unmatched_remote","","","","쿠쿠","CRM-C01SEMLK/HLK","매트리스","https://rentre.kr/product/1600006124/%EB%A0%88%EC%8A%A4%ED%8B%B0%EB%85%B8-%EB%A7%A4%ED%8A%B8%EB%A6%AC%EC%8A%A4-%EC%9C%A0%EB%A1%9C%ED%83%91-%EB%9D%BC%EC%A7%80%ED%82%B9(LK)-(25%EB%85%84-2%EC%9B%94-%EC%B6%9C%EC%8B%9C)"
"unmatched_remote","","","","쿠쿠","CRM-A10LK","매트리스","https://rentre.kr/product/1522012441/%EB%A0%88%EC%8A%A4%ED%8B%B0%EB%85%B8-%EB%A7%A4%ED%8A%B8%EB%A6%AC%EC%8A%A4-%ED%83%80%EC%9D%B4%ED%8A%B8%ED%83%91-%EB%9D%BC%EC%A7%80%ED%82%B9(LK)"
"matched","coway-cmq-se01","코웨이","CMQ-SE01","코웨이","CMQ-SE01","매트리스","https://rentre.kr/product/1522012407/BEREX-%EB%8D%94%EB%B8%94-%EC%82%AC%EC%9D%B4%EB%93%9C-%EB%A7%A4%ED%8A%B8%EB%A6%AC%EC%8A%A4-%ED%80%B8(Q)"
"unmatched_remote","","","","쿠쿠","CRM-B01HEMSS","매트리스","https://rentre.kr/product/1600003441/%EB%A0%88%EC%8A%A4%ED%8B%B0%EB%85%B8-%EB%A7%A4%ED%8A%B8%EB%A6%AC%EC%8A%A4-%EC%9C%A0%EB%A1%9C%ED%83%91-%EC%8A%88%ED%8D%BC%EC%8B%B1%EA%B8%80(SS)-(24%EB%85%84-10%EC%9B%94-%EC%B6%9C%EC%8B%9C)"
"unmatched_remote","","","","코웨이","CMLK-PR04","매트리스","https://rentre.kr/product/1600006239/BEREX-%ED%95%98%EC%9D%B4%EB%B8%8C%EB%A6%AC%EB%93%9C4-%EB%A7%A4%ED%8A%B8%EB%A6%AC%EC%8A%A4-%EB%9D%BC%EC%A7%80%ED%82%B9(LK)"
"matched","coway-cmss-as04","코웨이","CMSS-AS04","코웨이","CMSS-AS04","매트리스","https://rentre.kr/product/1600003541/BEREX-%EC%8A%A4%EB%A7%88%ED%8A%B8-%EB%A7%A4%ED%8A%B8%EB%A6%AC%EC%8A%A4-S6%2B-%EC%8A%88%ED%8D%BC%EC%8B%B1%EA%B8%80(SS)"
"matched","coway-cmq-st01eh","코웨이","CMQ-ST01EH","코웨이","CMQ-ST01EH","매트리스","https://rentre.kr/product/1522012409/BEREX-%EC%97%98%EB%A6%AC%ED%8A%B8-%EB%A7%A4%ED%8A%B8%EB%A6%AC%EC%8A%A4-%ED%80%B8(Q)"
"matched","coway-cmk-sp01s","코웨이","CMK-SP01S","코웨이","CMK-SP01S","매트리스","https://rentre.kr/product/1522012399/BEREX-%EC%8B%9C%EA%B7%B8%EB%8B%88%EC%B2%98-%EB%A7%A4%ED%8A%B8%EB%A6%AC%EC%8A%A4-%ED%82%B9(K)"
"matched","chungho-네스티지-매트리스-q","청호나이스","네스티지 매트리스 Q","청호나이스","멜로우 드림 매트리스 퀸(Q)","매트리스","https://rentre.kr/product/1600007535/%EB%A9%9C%EB%A1%9C%EC%9A%B0-%EB%93%9C%EB%A6%BC-%EB%A7%A4%ED%8A%B8%EB%A6%AC%EC%8A%A4-%ED%80%B8(Q)"
"matched","chungho-듀얼-드림-매트리스-q","청호나이스","듀얼 드림 매트리스 Q","청호나이스","멜로우 드림 매트리스 퀸(Q)","매트리스","https://rentre.kr/product/1600007535/%EB%A9%9C%EB%A1%9C%EC%9A%B0-%EB%93%9C%EB%A6%BC-%EB%A7%A4%ED%8A%B8%EB%A6%AC%EC%8A%A4-%ED%80%B8(Q)"
"matched","chungho-듀얼-드림-온열-매트리스-q","청호나이스","듀얼 드림 온열 매트리스 Q","청호나이스","멜로우 드림 매트리스 퀸(Q)","매트리스","https://rentre.kr/product/1600007535/%EB%A9%9C%EB%A1%9C%EC%9A%B0-%EB%93%9C%EB%A6%BC-%EB%A7%A4%ED%8A%B8%EB%A6%AC%EC%8A%A4-%ED%80%B8(Q)"
"matched","chungho-듀얼-코지-매트리스-q","청호나이스","듀얼 코지 매트리스 Q","청호나이스","멜로우 드림 매트리스 퀸(Q)","매트리스","https://rentre.kr/product/1600007535/%EB%A9%9C%EB%A1%9C%EC%9A%B0-%EB%93%9C%EB%A6%BC-%EB%A7%A4%ED%8A%B8%EB%A6%AC%EC%8A%A4-%ED%80%B8(Q)"
"matched","chungho-듀얼-코지-온열-매트리스-q","청호나이스","듀얼 코지 온열 매트리스 Q","청호나이스","멜로우 드림 매트리스 퀸(Q)","매트리스","https://rentre.kr/product/1600007535/%EB%A9%9C%EB%A1%9C%EC%9A%B0-%EB%93%9C%EB%A6%BC-%EB%A7%A4%ED%8A%B8%EB%A6%AC%EC%8A%A4-%ED%80%B8(Q)"
"matched","chungho-로얄스위트-프라임-매트리스-q","청호나이스","로얄스위트 프라임 매트리스 Q","청호나이스","멜로우 드림 매트리스 퀸(Q)","매트리스","https://rentre.kr/product/1600007535/%EB%A9%9C%EB%A1%9C%EC%9A%B0-%EB%93%9C%EB%A6%BC-%EB%A7%A4%ED%8A%B8%EB%A6%AC%EC%8A%A4-%ED%80%B8(Q)"
"matched","chungho-멜로우-드림-매트리스-q","청호나이스","멜로우 드림 매트리스 Q","청호나이스","멜로우 드림 매트리스 퀸(Q)","매트리스","https://rentre.kr/product/1600007535/%EB%A9%9C%EB%A1%9C%EC%9A%B0-%EB%93%9C%EB%A6%BC-%EB%A7%A4%ED%8A%B8%EB%A6%AC%EC%8A%A4-%ED%80%B8(Q)"
"matched","chungho-스프링에어-파운데이션-q","청호나이스","스프링에어 파운데이션 Q","청호나이스","멜로우 드림 매트리스 퀸(Q)","매트리스","https://rentre.kr/product/1600007535/%EB%A9%9C%EB%A1%9C%EC%9A%B0-%EB%93%9C%EB%A6%BC-%EB%A7%A4%ED%8A%B8%EB%A6%AC%EC%8A%A4-%ED%80%B8(Q)"
"matched","chungho-온리-드림-매트리스-q","청호나이스","온리 드림 매트리스 Q","청호나이스","멜로우 드림 매트리스 퀸(Q)","매트리스","https://rentre.kr/product/1600007535/%EB%A9%9C%EB%A1%9C%EC%9A%B0-%EB%93%9C%EB%A6%BC-%EB%A7%A4%ED%8A%B8%EB%A6%AC%EC%8A%A4-%ED%80%B8(Q)"
"matched","chungho-클린핏-q","청호나이스","클린핏 Q","청호나이스","멜로우 드림 매트리스 퀸(Q)","매트리스","https://rentre.kr/product/1600007535/%EB%A9%9C%EB%A1%9C%EC%9A%B0-%EB%93%9C%EB%A6%BC-%EB%A7%A4%ED%8A%B8%EB%A6%AC%EC%8A%A4-%ED%80%B8(Q)"
"matched","chungho-파운데이션-그레이-웜베이지-샌드베이지-q","청호나이스","파운데이션(그레이,웜베이지,샌드베이지) Q","청호나이스","멜로우 드림 매트리스 퀸(Q)","매트리스","https://rentre.kr/product/1600007535/%EB%A9%9C%EB%A1%9C%EC%9A%B0-%EB%93%9C%EB%A6%BC-%EB%A7%A4%ED%8A%B8%EB%A6%AC%EC%8A%A4-%ED%80%B8(Q)"
"unmatched_remote","","","","쿠쿠","CRM-B01HEMLK","매트리스","https://rentre.kr/product/1600003445/%EB%A0%88%EC%8A%A4%ED%8B%B0%EB%85%B8-%EB%A7%A4%ED%8A%B8%EB%A6%AC%EC%8A%A4-%EC%9C%A0%EB%A1%9C%ED%83%91-%EB%9D%BC%EC%A7%80%ED%82%B9(LK)-(24%EB%85%84-10%EC%9B%94-%EC%B6%9C%EC%8B%9C)"
"matched","coway-cmlk-as04","코웨이","CMLK-AS04","코웨이","CMLK-AS04","매트리스","https://rentre.kr/product/1600003547/BEREX-%EC%8A%A4%EB%A7%88%ED%8A%B8-%EB%A7%A4%ED%8A%B8%EB%A6%AC%EC%8A%A4-S6%2B-%EB%9D%BC%EC%A7%80%ED%82%B9(LK)"
"matched","coway-cmk-s05","코웨이","CMK-S05","코웨이","CMK-S05","매트리스","https://rentre.kr/product/1522010890/BEREX-%ED%83%91%ED%8D%BC%EA%B5%90%EC%B2%B4-%EB%A7%A4%ED%8A%B8%EB%A6%AC%EC%8A%A4-%ED%94%84%EB%9D%BC%EC%9E%84%ED%94%8C%EB%9F%AC%EC%8A%A42-%ED%82%B9(K)"
"unmatched_remote","","","","현대큐밍","HQMG70SGCB_SET","매트리스","https://rentre.kr/product/1522012855/%EB%8D%94%ED%99%88-%EA%B7%B8%EB%A0%88%EC%9D%B4-%EB%A7%A4%ED%8A%B8%EB%A6%AC%EC%8A%A4-%ED%94%84%EB%A0%88%EC%9E%84-%EC%84%B8%ED%8A%B8-%EC%8A%88%ED%8D%BC%EC%8B%B1%EA%B8%80(SS)"
"unmatched_remote","","","","현대큐밍","HQMG70SGCB","매트리스","https://rentre.kr/product/1522012475/%EB%8D%94%ED%99%88-%EA%B7%B8%EB%A0%88%EC%9D%B4-%ED%94%8C%EB%9F%AC%EC%8A%A4-%EB%A7%A4%ED%8A%B8%EB%A6%AC%EC%8A%A4-%EC%8A%88%ED%8D%BC%EC%8B%B1%EA%B8%80(SS)"
"unmatched_remote","","","","코웨이","CMQ-M01S","매트리스","https://rentre.kr/product/1522010235/BEREX-%EC%BB%B4%ED%8C%A9%ED%8A%B8-%EB%A9%94%EB%AA%A8%EB%A6%AC%ED%8F%BC-%EB%A7%A4%ED%8A%B8%EB%A6%AC%EC%8A%A4-%ED%80%B8(Q)"
"unmatched_remote","","","","쿠쿠","CRM-B01HEMQ","매트리스","https://rentre.kr/product/1600003443/%EB%A0%88%EC%8A%A4%ED%8B%B0%EB%85%B8-%EB%A7%A4%ED%8A%B8%EB%A6%AC%EC%8A%A4-%EC%9C%A0%EB%A1%9C%ED%83%91-%ED%80%B8(Q)-(24%EB%85%84-10%EC%9B%94-%EC%B6%9C%EC%8B%9C)"
"matched","coway-cmq-pr03","코웨이","CMQ-PR03","코웨이","CMQ-PR03","매트리스","https://rentre.kr/product/1522010238/BEREX-%ED%83%91%ED%8D%BC%EA%B5%90%EC%B2%B4-%EB%A7%A4%ED%8A%B8%EB%A6%AC%EC%8A%A4-%ED%95%98%EC%9D%B4%EB%B8%8C%EB%A6%AC%EB%93%9C3-%ED%80%B8(Q)"
"matched","coway-cmlk-sp01s","코웨이","CMLK-SP01S","코웨이","CMLK-SP01S","매트리스","https://rentre.kr/product/1522012398/BEREX-%EC%8B%9C%EA%B7%B8%EB%8B%88%EC%B2%98-%EB%A7%A4%ED%8A%B8%EB%A6%AC%EC%8A%A4-%EB%9D%BC%EC%A7%80%ED%82%B9(LK)"
"unmatched_remote","","","","쿠쿠","CRM-D01HEMQ/HQ","매트리스","https://rentre.kr/product/1600006127/%EB%A0%88%EC%8A%A4%ED%8B%B0%EB%85%B8-%EB%A7%A4%ED%8A%B8%EB%A6%AC%EC%8A%A4-%EC%9C%A0%EB%A1%9C%ED%83%91-%ED%80%B8(Q)-(25%EB%85%84-3%EC%9B%94-%EC%B6%9C%EC%8B%9C)"
"matched","coway-cmq-as04","코웨이","CMQ-AS04","코웨이","CMQ-AS04","매트리스","https://rentre.kr/product/1600003543/BEREX-%EC%8A%A4%EB%A7%88%ED%8A%B8-%EB%A7%A4%ED%8A%B8%EB%A6%AC%EC%8A%A4-S6%2B-%ED%80%B8(Q)"
"matched","coway-cmk-se02","코웨이","CMK-SE02","코웨이","CMK-SE02","매트리스","https://rentre.kr/product/1600006402/BEREX-%EB%AA%A8%EB%94%94-%EB%A7%A4%ED%8A%B8%EB%A6%AC%EC%8A%A4-%ED%82%B9(K)"
"matched","coway-cmss-sl01","코웨이","CMSS-SL01","코웨이","CMSS-SL01","매트리스","https://rentre.kr/product/1522010252/BEREX-%ED%83%91%ED%8D%BC%EA%B5%90%EC%B2%B4-%EB%A7%A4%ED%8A%B8%EB%A6%AC%EC%8A%A4-%EB%8D%94%EB%B8%94%EC%B2%B4%EC%9D%B8%EC%A7%80-%EC%8A%88%ED%8D%BC%EC%8B%B1%EA%B8%80(SS)"
"unmatched_remote","","","","쿠쿠","CRM-C01SEMSS/HSS","매트리스","https://rentre.kr/product/1600006112/%EB%A0%88%EC%8A%A4%ED%8B%B0%EB%85%B8-%EB%A7%A4%ED%8A%B8%EB%A6%AC%EC%8A%A4-%EC%9C%A0%EB%A1%9C%ED%83%91-%EC%8A%88%ED%8D%BC%EC%8B%B1%EA%B8%80(SS)-(25%EB%85%84-2%EC%9B%94-%EC%B6%9C%EC%8B%9C)"
"unmatched_remote","","","","SK매직","MATQM430RLWH","매트리스","https://rentre.kr/product/1600005661/%EC%9B%8C%EC%BB%A4%ED%9E%90-%ED%81%B4%EB%9D%BC%EC%9A%B0%EB%93%9C-%EB%A7%A4%ED%8A%B8%EB%A6%AC%EC%8A%A4-%ED%80%B8(Q)"
"matched","coway-cmk-as05","코웨이","CMK-AS05","코웨이","CMK-AS05","매트리스","https://rentre.kr/product/1600003551/BEREX-%EC%8A%A4%EB%A7%88%ED%8A%B8-%EB%A7%A4%ED%8A%B8%EB%A6%AC%EC%8A%A4-S8%2B-%ED%82%B9(K)"
"unmatched_remote","","","","쿠쿠","CRM-C01SEMK/HK","매트리스","https://rentre.kr/product/1600006121/%EB%A0%88%EC%8A%A4%ED%8B%B0%EB%85%B8-%EB%A7%A4%ED%8A%B8%EB%A6%AC%EC%8A%A4-%EC%9C%A0%EB%A1%9C%ED%83%91-%ED%82%B9(K)-(25%EB%85%84-2%EC%9B%94-%EC%B6%9C%EC%8B%9C)"
"matched","coway-cmk-sp01sc","코웨이","CMK-SP01SC","코웨이","CMK-SP01SC","매트리스","https://rentre.kr/product/1522012403/BEREX-%EC%8B%9C%EA%B7%B8%EB%8B%88%EC%B2%98-%EC%BB%B4%ED%8F%AC%ED%8A%B8-%EB%A7%A4%ED%8A%B8%EB%A6%AC%EC%8A%A4-%ED%82%B9(K)"
"matched","coway-cmk-pr03","코웨이","CMK-PR03","코웨이","CMK-PR03","매트리스","https://rentre.kr/product/1522010237/BEREX-%ED%83%91%ED%8D%BC%EA%B5%90%EC%B2%B4-%EB%A7%A4%ED%8A%B8%EB%A6%AC%EC%8A%A4-%ED%95%98%EC%9D%B4%EB%B8%8C%EB%A6%AC%EB%93%9C3-%ED%82%B9(K)"
"unmatched_remote","","","","SK매직","MATSM230RSBR","매트리스","https://rentre.kr/product/1600006547/%EC%9B%8C%EC%BB%A4%ED%9E%90-%EC%8A%A4%EC%9C%84%ED%8A%B8-%EB%A7%A4%ED%8A%B8%EB%A6%AC%EC%8A%A4-%EC%8A%88%ED%8D%BC%EC%8B%B1%EA%B8%80(SS)"
"unmatched_remote","","","","쿠쿠","CRM-D01HEMK/HK","매트리스","https://rentre.kr/product/1600006129/%EB%A0%88%EC%8A%A4%ED%8B%B0%EB%85%B8-%EB%A7%A4%ED%8A%B8%EB%A6%AC%EC%8A%A4-%EC%9C%A0%EB%A1%9C%ED%83%91-%ED%82%B9(K)-(25%EB%85%84-3%EC%9B%94-%EC%B6%9C%EC%8B%9C)"
"matched","coway-cmlk-sp01sc","코웨이","CMLK-SP01SC","코웨이","CMLK-SP01SC","매트리스","https://rentre.kr/product/1522012402/BEREX-%EC%8B%9C%EA%B7%B8%EB%8B%88%EC%B2%98-%EC%BB%B4%ED%8F%AC%ED%8A%B8-%EB%A7%A4%ED%8A%B8%EB%A6%AC%EC%8A%A4-%EB%9D%BC%EC%A7%80%ED%82%B9(LK)"
"matched","chungho-네스티지-매트리스-ss","청호나이스","네스티지 매트리스 SS","청호나이스","청호 스프링에어 탑퍼분리 매트리스 로얄스위트 SS","매트리스","https://rentre.kr/product/1522010298/%EB%A1%9C%EC%96%84%EC%8A%A4%EC%9C%84%ED%8A%B8-%ED%83%91%ED%8D%BC%EB%B6%84%EB%A6%AC-%EB%A7%A4%ED%8A%B8%EB%A6%AC%EC%8A%A4-%EC%8A%88%ED%8D%BC%EC%8B%B1%EA%B8%80(SS)"
"matched","chungho-듀얼-드림-매트리스-ss","청호나이스","듀얼 드림 매트리스 SS","청호나이스","청호 스프링에어 탑퍼분리 매트리스 로얄스위트 SS","매트리스","https://rentre.kr/product/1522010298/%EB%A1%9C%EC%96%84%EC%8A%A4%EC%9C%84%ED%8A%B8-%ED%83%91%ED%8D%BC%EB%B6%84%EB%A6%AC-%EB%A7%A4%ED%8A%B8%EB%A6%AC%EC%8A%A4-%EC%8A%88%ED%8D%BC%EC%8B%B1%EA%B8%80(SS)"
"matched","chungho-듀얼-드림-온열-매트리스-ss","청호나이스","듀얼 드림 온열 매트리스 SS","청호나이스","청호 스프링에어 탑퍼분리 매트리스 로얄스위트 SS","매트리스","https://rentre.kr/product/1522010298/%EB%A1%9C%EC%96%84%EC%8A%A4%EC%9C%84%ED%8A%B8-%ED%83%91%ED%8D%BC%EB%B6%84%EB%A6%AC-%EB%A7%A4%ED%8A%B8%EB%A6%AC%EC%8A%A4-%EC%8A%88%ED%8D%BC%EC%8B%B1%EA%B8%80(SS)"
"matched","chungho-듀얼-코지-매트리스-ss","청호나이스","듀얼 코지 매트리스 SS","청호나이스","청호 스프링에어 탑퍼분리 매트리스 로얄스위트 SS","매트리스","https://rentre.kr/product/1522010298/%EB%A1%9C%EC%96%84%EC%8A%A4%EC%9C%84%ED%8A%B8-%ED%83%91%ED%8D%BC%EB%B6%84%EB%A6%AC-%EB%A7%A4%ED%8A%B8%EB%A6%AC%EC%8A%A4-%EC%8A%88%ED%8D%BC%EC%8B%B1%EA%B8%80(SS)"
"matched","chungho-듀얼-코지-온열-매트리스-ss","청호나이스","듀얼 코지 온열 매트리스 SS","청호나이스","청호 스프링에어 탑퍼분리 매트리스 로얄스위트 SS","매트리스","https://rentre.kr/product/1522010298/%EB%A1%9C%EC%96%84%EC%8A%A4%EC%9C%84%ED%8A%B8-%ED%83%91%ED%8D%BC%EB%B6%84%EB%A6%AC-%EB%A7%A4%ED%8A%B8%EB%A6%AC%EC%8A%A4-%EC%8A%88%ED%8D%BC%EC%8B%B1%EA%B8%80(SS)"
"matched","chungho-로얄스위트-프라임-매트리스-ss","청호나이스","로얄스위트 프라임 매트리스 SS","청호나이스","청호 스프링에어 탑퍼분리 매트리스 로얄스위트 SS","매트리스","https://rentre.kr/product/1522010298/%EB%A1%9C%EC%96%84%EC%8A%A4%EC%9C%84%ED%8A%B8-%ED%83%91%ED%8D%BC%EB%B6%84%EB%A6%AC-%EB%A7%A4%ED%8A%B8%EB%A6%AC%EC%8A%A4-%EC%8A%88%ED%8D%BC%EC%8B%B1%EA%B8%80(SS)"
"matched","chungho-멜로우-드림-매트리스-ss","청호나이스","멜로우 드림 매트리스 SS","청호나이스","청호 스프링에어 탑퍼분리 매트리스 로얄스위트 SS","매트리스","https://rentre.kr/product/1522010298/%EB%A1%9C%EC%96%84%EC%8A%A4%EC%9C%84%ED%8A%B8-%ED%83%91%ED%8D%BC%EB%B6%84%EB%A6%AC-%EB%A7%A4%ED%8A%B8%EB%A6%AC%EC%8A%A4-%EC%8A%88%ED%8D%BC%EC%8B%B1%EA%B8%80(SS)"
"matched","chungho-스프링에어-파운데이션-ss","청호나이스","스프링에어 파운데이션 SS","청호나이스","청호 스프링에어 탑퍼분리 매트리스 로얄스위트 SS","매트리스","https://rentre.kr/product/1522010298/%EB%A1%9C%EC%96%84%EC%8A%A4%EC%9C%84%ED%8A%B8-%ED%83%91%ED%8D%BC%EB%B6%84%EB%A6%AC-%EB%A7%A4%ED%8A%B8%EB%A6%AC%EC%8A%A4-%EC%8A%88%ED%8D%BC%EC%8B%B1%EA%B8%80(SS)"
"matched","chungho-온리-드림-매트리스-ss","청호나이스","온리 드림 매트리스 SS","청호나이스","청호 스프링에어 탑퍼분리 매트리스 로얄스위트 SS","매트리스","https://rentre.kr/product/1522010298/%EB%A1%9C%EC%96%84%EC%8A%A4%EC%9C%84%ED%8A%B8-%ED%83%91%ED%8D%BC%EB%B6%84%EB%A6%AC-%EB%A7%A4%ED%8A%B8%EB%A6%AC%EC%8A%A4-%EC%8A%88%ED%8D%BC%EC%8B%B1%EA%B8%80(SS)"
"matched","chungho-클린핏-ss","청호나이스","클린핏 SS","청호나이스","청호 스프링에어 탑퍼분리 매트리스 로얄스위트 SS","매트리스","https://rentre.kr/product/1522010298/%EB%A1%9C%EC%96%84%EC%8A%A4%EC%9C%84%ED%8A%B8-%ED%83%91%ED%8D%BC%EB%B6%84%EB%A6%AC-%EB%A7%A4%ED%8A%B8%EB%A6%AC%EC%8A%A4-%EC%8A%88%ED%8D%BC%EC%8B%B1%EA%B8%80(SS)"
"matched","chungho-파운데이션-그레이-웜베이지-샌드베이지-ss","청호나이스","파운데이션(그레이,웜베이지,샌드베이지) SS","청호나이스","청호 스프링에어 탑퍼분리 매트리스 로얄스위트 SS","매트리스","https://rentre.kr/product/1522010298/%EB%A1%9C%EC%96%84%EC%8A%A4%EC%9C%84%ED%8A%B8-%ED%83%91%ED%8D%BC%EB%B6%84%EB%A6%AC-%EB%A7%A4%ED%8A%B8%EB%A6%AC%EC%8A%A4-%EC%8A%88%ED%8D%BC%EC%8B%B1%EA%B8%80(SS)"
"matched","chungho-네스티지-매트리스-q","청호나이스","네스티지 매트리스 Q","청호나이스","파운데이션 퀸(Q)","매트리스","https://rentre.kr/product/1600006153/%ED%8C%8C%EC%9A%B4%EB%8D%B0%EC%9D%B4%EC%85%98-%ED%80%B8(Q)"
"matched","chungho-듀얼-드림-매트리스-q","청호나이스","듀얼 드림 매트리스 Q","청호나이스","파운데이션 퀸(Q)","매트리스","https://rentre.kr/product/1600006153/%ED%8C%8C%EC%9A%B4%EB%8D%B0%EC%9D%B4%EC%85%98-%ED%80%B8(Q)"
"matched","chungho-듀얼-드림-온열-매트리스-q","청호나이스","듀얼 드림 온열 매트리스 Q","청호나이스","파운데이션 퀸(Q)","매트리스","https://rentre.kr/product/1600006153/%ED%8C%8C%EC%9A%B4%EB%8D%B0%EC%9D%B4%EC%85%98-%ED%80%B8(Q)"
"matched","chungho-듀얼-코지-매트리스-q","청호나이스","듀얼 코지 매트리스 Q","청호나이스","파운데이션 퀸(Q)","매트리스","https://rentre.kr/product/1600006153/%ED%8C%8C%EC%9A%B4%EB%8D%B0%EC%9D%B4%EC%85%98-%ED%80%B8(Q)"
"matched","chungho-듀얼-코지-온열-매트리스-q","청호나이스","듀얼 코지 온열 매트리스 Q","청호나이스","파운데이션 퀸(Q)","매트리스","https://rentre.kr/product/1600006153/%ED%8C%8C%EC%9A%B4%EB%8D%B0%EC%9D%B4%EC%85%98-%ED%80%B8(Q)"
"matched","chungho-로얄스위트-프라임-매트리스-q","청호나이스","로얄스위트 프라임 매트리스 Q","청호나이스","파운데이션 퀸(Q)","매트리스","https://rentre.kr/product/1600006153/%ED%8C%8C%EC%9A%B4%EB%8D%B0%EC%9D%B4%EC%85%98-%ED%80%B8(Q)"
"matched","chungho-멜로우-드림-매트리스-q","청호나이스","멜로우 드림 매트리스 Q","청호나이스","파운데이션 퀸(Q)","매트리스","https://rentre.kr/product/1600006153/%ED%8C%8C%EC%9A%B4%EB%8D%B0%EC%9D%B4%EC%85%98-%ED%80%B8(Q)"
"matched","chungho-스프링에어-파운데이션-q","청호나이스","스프링에어 파운데이션 Q","청호나이스","파운데이션 퀸(Q)","매트리스","https://rentre.kr/product/1600006153/%ED%8C%8C%EC%9A%B4%EB%8D%B0%EC%9D%B4%EC%85%98-%ED%80%B8(Q)"
"matched","chungho-온리-드림-매트리스-q","청호나이스","온리 드림 매트리스 Q","청호나이스","파운데이션 퀸(Q)","매트리스","https://rentre.kr/product/1600006153/%ED%8C%8C%EC%9A%B4%EB%8D%B0%EC%9D%B4%EC%85%98-%ED%80%B8(Q)"
"matched","chungho-클린핏-q","청호나이스","클린핏 Q","청호나이스","파운데이션 퀸(Q)","매트리스","https://rentre.kr/product/1600006153/%ED%8C%8C%EC%9A%B4%EB%8D%B0%EC%9D%B4%EC%85%98-%ED%80%B8(Q)"
"matched","chungho-파운데이션-그레이-웜베이지-샌드베이지-q","청호나이스","파운데이션(그레이,웜베이지,샌드베이지) Q","청호나이스","파운데이션 퀸(Q)","매트리스","https://rentre.kr/product/1600006153/%ED%8C%8C%EC%9A%B4%EB%8D%B0%EC%9D%B4%EC%85%98-%ED%80%B8(Q)"
"matched","coway-cmk-as04","코웨이","CMK-AS04","코웨이","CMK-AS04","매트리스","https://rentre.kr/product/1600003545/BEREX-%EC%8A%A4%EB%A7%88%ED%8A%B8-%EB%A7%A4%ED%8A%B8%EB%A6%AC%EC%8A%A4-S6%2B-%ED%82%B9(K)"
"unmatched_remote","","","","SK매직","MATKM430RLWH","매트리스","https://rentre.kr/product/1600005662/%EC%9B%8C%EC%BB%A4%ED%9E%90-%ED%81%B4%EB%9D%BC%EC%9A%B0%EB%93%9C-%EB%A7%A4%ED%8A%B8%EB%A6%AC%EC%8A%A4-%ED%82%B9(K)"
"matched","chungho-네스티지-매트리스-ss","청호나이스","네스티지 매트리스 SS","청호나이스","듀얼 코지 매트리스 슈퍼싱글(SS)","매트리스","https://rentre.kr/product/1600006151/%EB%93%80%EC%96%BC-%EC%BD%94%EC%A7%80-%EB%A7%A4%ED%8A%B8%EB%A6%AC%EC%8A%A4-%EC%8A%88%ED%8D%BC%EC%8B%B1%EA%B8%80(SS)"
"matched","chungho-듀얼-드림-매트리스-ss","청호나이스","듀얼 드림 매트리스 SS","청호나이스","듀얼 코지 매트리스 슈퍼싱글(SS)","매트리스","https://rentre.kr/product/1600006151/%EB%93%80%EC%96%BC-%EC%BD%94%EC%A7%80-%EB%A7%A4%ED%8A%B8%EB%A6%AC%EC%8A%A4-%EC%8A%88%ED%8D%BC%EC%8B%B1%EA%B8%80(SS)"
"matched","chungho-듀얼-드림-온열-매트리스-ss","청호나이스","듀얼 드림 온열 매트리스 SS","청호나이스","듀얼 코지 매트리스 슈퍼싱글(SS)","매트리스","https://rentre.kr/product/1600006151/%EB%93%80%EC%96%BC-%EC%BD%94%EC%A7%80-%EB%A7%A4%ED%8A%B8%EB%A6%AC%EC%8A%A4-%EC%8A%88%ED%8D%BC%EC%8B%B1%EA%B8%80(SS)"
"matched","chungho-듀얼-코지-매트리스-ss","청호나이스","듀얼 코지 매트리스 SS","청호나이스","듀얼 코지 매트리스 슈퍼싱글(SS)","매트리스","https://rentre.kr/product/1600006151/%EB%93%80%EC%96%BC-%EC%BD%94%EC%A7%80-%EB%A7%A4%ED%8A%B8%EB%A6%AC%EC%8A%A4-%EC%8A%88%ED%8D%BC%EC%8B%B1%EA%B8%80(SS)"
"matched","chungho-듀얼-코지-온열-매트리스-ss","청호나이스","듀얼 코지 온열 매트리스 SS","청호나이스","듀얼 코지 매트리스 슈퍼싱글(SS)","매트리스","https://rentre.kr/product/1600006151/%EB%93%80%EC%96%BC-%EC%BD%94%EC%A7%80-%EB%A7%A4%ED%8A%B8%EB%A6%AC%EC%8A%A4-%EC%8A%88%ED%8D%BC%EC%8B%B1%EA%B8%80(SS)"
"matched","chungho-로얄스위트-프라임-매트리스-ss","청호나이스","로얄스위트 프라임 매트리스 SS","청호나이스","듀얼 코지 매트리스 슈퍼싱글(SS)","매트리스","https://rentre.kr/product/1600006151/%EB%93%80%EC%96%BC-%EC%BD%94%EC%A7%80-%EB%A7%A4%ED%8A%B8%EB%A6%AC%EC%8A%A4-%EC%8A%88%ED%8D%BC%EC%8B%B1%EA%B8%80(SS)"
"matched","chungho-멜로우-드림-매트리스-ss","청호나이스","멜로우 드림 매트리스 SS","청호나이스","듀얼 코지 매트리스 슈퍼싱글(SS)","매트리스","https://rentre.kr/product/1600006151/%EB%93%80%EC%96%BC-%EC%BD%94%EC%A7%80-%EB%A7%A4%ED%8A%B8%EB%A6%AC%EC%8A%A4-%EC%8A%88%ED%8D%BC%EC%8B%B1%EA%B8%80(SS)"
"matched","chungho-스프링에어-파운데이션-ss","청호나이스","스프링에어 파운데이션 SS","청호나이스","듀얼 코지 매트리스 슈퍼싱글(SS)","매트리스","https://rentre.kr/product/1600006151/%EB%93%80%EC%96%BC-%EC%BD%94%EC%A7%80-%EB%A7%A4%ED%8A%B8%EB%A6%AC%EC%8A%A4-%EC%8A%88%ED%8D%BC%EC%8B%B1%EA%B8%80(SS)"
"matched","chungho-온리-드림-매트리스-ss","청호나이스","온리 드림 매트리스 SS","청호나이스","듀얼 코지 매트리스 슈퍼싱글(SS)","매트리스","https://rentre.kr/product/1600006151/%EB%93%80%EC%96%BC-%EC%BD%94%EC%A7%80-%EB%A7%A4%ED%8A%B8%EB%A6%AC%EC%8A%A4-%EC%8A%88%ED%8D%BC%EC%8B%B1%EA%B8%80(SS)"
"matched","chungho-클린핏-ss","청호나이스","클린핏 SS","청호나이스","듀얼 코지 매트리스 슈퍼싱글(SS)","매트리스","https://rentre.kr/product/1600006151/%EB%93%80%EC%96%BC-%EC%BD%94%EC%A7%80-%EB%A7%A4%ED%8A%B8%EB%A6%AC%EC%8A%A4-%EC%8A%88%ED%8D%BC%EC%8B%B1%EA%B8%80(SS)"
"matched","chungho-파운데이션-그레이-웜베이지-샌드베이지-ss","청호나이스","파운데이션(그레이,웜베이지,샌드베이지) SS","청호나이스","듀얼 코지 매트리스 슈퍼싱글(SS)","매트리스","https://rentre.kr/product/1600006151/%EB%93%80%EC%96%BC-%EC%BD%94%EC%A7%80-%EB%A7%A4%ED%8A%B8%EB%A6%AC%EC%8A%A4-%EC%8A%88%ED%8D%BC%EC%8B%B1%EA%B8%80(SS)"
"unmatched_remote","","","","SK매직","MATSM430RLWH","매트리스","https://rentre.kr/product/1600005640/%EC%9B%8C%EC%BB%A4%ED%9E%90-%ED%81%B4%EB%9D%BC%EC%9A%B0%EB%93%9C-%EB%A7%A4%ED%8A%B8%EB%A6%AC%EC%8A%A4-%EC%8A%88%ED%8D%BC%EC%8B%B1%EA%B8%80(SS)"
"matched","chungho-네스티지-매트리스-k","청호나이스","네스티지 매트리스 K","청호나이스","스프링에어 매트리스 러블리드림 K","매트리스","https://rentre.kr/product/1600001634/%EB%9F%AC%EB%B8%94%EB%A6%AC-%EB%93%9C%EB%A6%BC-%EB%A7%A4%ED%8A%B8%EB%A6%AC%EC%8A%A4-%ED%82%B9(K)"
"matched","chungho-듀얼-드림-매트리스-k","청호나이스","듀얼 드림 매트리스 K","청호나이스","스프링에어 매트리스 러블리드림 K","매트리스","https://rentre.kr/product/1600001634/%EB%9F%AC%EB%B8%94%EB%A6%AC-%EB%93%9C%EB%A6%BC-%EB%A7%A4%ED%8A%B8%EB%A6%AC%EC%8A%A4-%ED%82%B9(K)"
"matched","chungho-듀얼-드림-온열-매트리스-k","청호나이스","듀얼 드림 온열 매트리스 K","청호나이스","스프링에어 매트리스 러블리드림 K","매트리스","https://rentre.kr/product/1600001634/%EB%9F%AC%EB%B8%94%EB%A6%AC-%EB%93%9C%EB%A6%BC-%EB%A7%A4%ED%8A%B8%EB%A6%AC%EC%8A%A4-%ED%82%B9(K)"
"matched","chungho-듀얼-코지-매트리스-k","청호나이스","듀얼 코지 매트리스 K","청호나이스","스프링에어 매트리스 러블리드림 K","매트리스","https://rentre.kr/product/1600001634/%EB%9F%AC%EB%B8%94%EB%A6%AC-%EB%93%9C%EB%A6%BC-%EB%A7%A4%ED%8A%B8%EB%A6%AC%EC%8A%A4-%ED%82%B9(K)"
"matched","chungho-듀얼-코지-온열-매트리스-k","청호나이스","듀얼 코지 온열 매트리스 K","청호나이스","스프링에어 매트리스 러블리드림 K","매트리스","https://rentre.kr/product/1600001634/%EB%9F%AC%EB%B8%94%EB%A6%AC-%EB%93%9C%EB%A6%BC-%EB%A7%A4%ED%8A%B8%EB%A6%AC%EC%8A%A4-%ED%82%B9(K)"
"matched","chungho-로얄스위트-프라임-매트리스-k","청호나이스","로얄스위트 프라임 매트리스 K","청호나이스","스프링에어 매트리스 러블리드림 K","매트리스","https://rentre.kr/product/1600001634/%EB%9F%AC%EB%B8%94%EB%A6%AC-%EB%93%9C%EB%A6%BC-%EB%A7%A4%ED%8A%B8%EB%A6%AC%EC%8A%A4-%ED%82%B9(K)"
"matched","chungho-멜로우-드림-매트리스-k","청호나이스","멜로우 드림 매트리스 K","청호나이스","스프링에어 매트리스 러블리드림 K","매트리스","https://rentre.kr/product/1600001634/%EB%9F%AC%EB%B8%94%EB%A6%AC-%EB%93%9C%EB%A6%BC-%EB%A7%A4%ED%8A%B8%EB%A6%AC%EC%8A%A4-%ED%82%B9(K)"
"matched","chungho-스프링에어-파운데이션-k","청호나이스","스프링에어 파운데이션 K","청호나이스","스프링에어 매트리스 러블리드림 K","매트리스","https://rentre.kr/product/1600001634/%EB%9F%AC%EB%B8%94%EB%A6%AC-%EB%93%9C%EB%A6%BC-%EB%A7%A4%ED%8A%B8%EB%A6%AC%EC%8A%A4-%ED%82%B9(K)"
"matched","chungho-클린핏-k","청호나이스","클린핏 K","청호나이스","스프링에어 매트리스 러블리드림 K","매트리스","https://rentre.kr/product/1600001634/%EB%9F%AC%EB%B8%94%EB%A6%AC-%EB%93%9C%EB%A6%BC-%EB%A7%A4%ED%8A%B8%EB%A6%AC%EC%8A%A4-%ED%82%B9(K)"
"matched","chungho-파운데이션-그레이-웜베이지-샌드베이지-k","청호나이스","파운데이션(그레이,웜베이지,샌드베이지) K","청호나이스","스프링에어 매트리스 러블리드림 K","매트리스","https://rentre.kr/product/1600001634/%EB%9F%AC%EB%B8%94%EB%A6%AC-%EB%93%9C%EB%A6%BC-%EB%A7%A4%ED%8A%B8%EB%A6%AC%EC%8A%A4-%ED%82%B9(K)"
"unmatched_remote","","","","SK매직","MATKM230RSBR","매트리스","https://rentre.kr/product/1600006548/%EC%9B%8C%EC%BB%A4%ED%9E%90-%EC%8A%A4%EC%9C%84%ED%8A%B8-%EB%A7%A4%ED%8A%B8%EB%A6%AC%EC%8A%A4-%ED%82%B9(K)"
"matched","coway-cmk-se01","코웨이","CMK-SE01","코웨이","CMK-SE01","매트리스","https://rentre.kr/product/1522012406/BEREX-%EB%8D%94%EB%B8%94-%EC%82%AC%EC%9D%B4%EB%93%9C-%EB%A7%A4%ED%8A%B8%EB%A6%AC%EC%8A%A4-%ED%82%B9(K)"
"matched","chungho-네스티지-매트리스-ss","청호나이스","네스티지 매트리스 SS","청호나이스","로얄스위트 프라임 매트리스 슈퍼싱글(SS)","매트리스","https://rentre.kr/product/1600007573/%EB%A1%9C%EC%96%84%EC%8A%A4%EC%9C%84%ED%8A%B8-%ED%94%84%EB%9D%BC%EC%9E%84-%EB%A7%A4%ED%8A%B8%EB%A6%AC%EC%8A%A4-%EC%8A%88%ED%8D%BC%EC%8B%B1%EA%B8%80(SS)"
"matched","chungho-듀얼-드림-매트리스-ss","청호나이스","듀얼 드림 매트리스 SS","청호나이스","로얄스위트 프라임 매트리스 슈퍼싱글(SS)","매트리스","https://rentre.kr/product/1600007573/%EB%A1%9C%EC%96%84%EC%8A%A4%EC%9C%84%ED%8A%B8-%ED%94%84%EB%9D%BC%EC%9E%84-%EB%A7%A4%ED%8A%B8%EB%A6%AC%EC%8A%A4-%EC%8A%88%ED%8D%BC%EC%8B%B1%EA%B8%80(SS)"
"matched","chungho-듀얼-드림-온열-매트리스-ss","청호나이스","듀얼 드림 온열 매트리스 SS","청호나이스","로얄스위트 프라임 매트리스 슈퍼싱글(SS)","매트리스","https://rentre.kr/product/1600007573/%EB%A1%9C%EC%96%84%EC%8A%A4%EC%9C%84%ED%8A%B8-%ED%94%84%EB%9D%BC%EC%9E%84-%EB%A7%A4%ED%8A%B8%EB%A6%AC%EC%8A%A4-%EC%8A%88%ED%8D%BC%EC%8B%B1%EA%B8%80(SS)"
"matched","chungho-듀얼-코지-매트리스-ss","청호나이스","듀얼 코지 매트리스 SS","청호나이스","로얄스위트 프라임 매트리스 슈퍼싱글(SS)","매트리스","https://rentre.kr/product/1600007573/%EB%A1%9C%EC%96%84%EC%8A%A4%EC%9C%84%ED%8A%B8-%ED%94%84%EB%9D%BC%EC%9E%84-%EB%A7%A4%ED%8A%B8%EB%A6%AC%EC%8A%A4-%EC%8A%88%ED%8D%BC%EC%8B%B1%EA%B8%80(SS)"
"matched","chungho-듀얼-코지-온열-매트리스-ss","청호나이스","듀얼 코지 온열 매트리스 SS","청호나이스","로얄스위트 프라임 매트리스 슈퍼싱글(SS)","매트리스","https://rentre.kr/product/1600007573/%EB%A1%9C%EC%96%84%EC%8A%A4%EC%9C%84%ED%8A%B8-%ED%94%84%EB%9D%BC%EC%9E%84-%EB%A7%A4%ED%8A%B8%EB%A6%AC%EC%8A%A4-%EC%8A%88%ED%8D%BC%EC%8B%B1%EA%B8%80(SS)"
"matched","chungho-로얄스위트-프라임-매트리스-ss","청호나이스","로얄스위트 프라임 매트리스 SS","청호나이스","로얄스위트 프라임 매트리스 슈퍼싱글(SS)","매트리스","https://rentre.kr/product/1600007573/%EB%A1%9C%EC%96%84%EC%8A%A4%EC%9C%84%ED%8A%B8-%ED%94%84%EB%9D%BC%EC%9E%84-%EB%A7%A4%ED%8A%B8%EB%A6%AC%EC%8A%A4-%EC%8A%88%ED%8D%BC%EC%8B%B1%EA%B8%80(SS)"
"matched","chungho-멜로우-드림-매트리스-ss","청호나이스","멜로우 드림 매트리스 SS","청호나이스","로얄스위트 프라임 매트리스 슈퍼싱글(SS)","매트리스","https://rentre.kr/product/1600007573/%EB%A1%9C%EC%96%84%EC%8A%A4%EC%9C%84%ED%8A%B8-%ED%94%84%EB%9D%BC%EC%9E%84-%EB%A7%A4%ED%8A%B8%EB%A6%AC%EC%8A%A4-%EC%8A%88%ED%8D%BC%EC%8B%B1%EA%B8%80(SS)"
"matched","chungho-스프링에어-파운데이션-ss","청호나이스","스프링에어 파운데이션 SS","청호나이스","로얄스위트 프라임 매트리스 슈퍼싱글(SS)","매트리스","https://rentre.kr/product/1600007573/%EB%A1%9C%EC%96%84%EC%8A%A4%EC%9C%84%ED%8A%B8-%ED%94%84%EB%9D%BC%EC%9E%84-%EB%A7%A4%ED%8A%B8%EB%A6%AC%EC%8A%A4-%EC%8A%88%ED%8D%BC%EC%8B%B1%EA%B8%80(SS)"
"matched","chungho-온리-드림-매트리스-ss","청호나이스","온리 드림 매트리스 SS","청호나이스","로얄스위트 프라임 매트리스 슈퍼싱글(SS)","매트리스","https://rentre.kr/product/1600007573/%EB%A1%9C%EC%96%84%EC%8A%A4%EC%9C%84%ED%8A%B8-%ED%94%84%EB%9D%BC%EC%9E%84-%EB%A7%A4%ED%8A%B8%EB%A6%AC%EC%8A%A4-%EC%8A%88%ED%8D%BC%EC%8B%B1%EA%B8%80(SS)"
"matched","chungho-클린핏-ss","청호나이스","클린핏 SS","청호나이스","로얄스위트 프라임 매트리스 슈퍼싱글(SS)","매트리스","https://rentre.kr/product/1600007573/%EB%A1%9C%EC%96%84%EC%8A%A4%EC%9C%84%ED%8A%B8-%ED%94%84%EB%9D%BC%EC%9E%84-%EB%A7%A4%ED%8A%B8%EB%A6%AC%EC%8A%A4-%EC%8A%88%ED%8D%BC%EC%8B%B1%EA%B8%80(SS)"
"matched","chungho-파운데이션-그레이-웜베이지-샌드베이지-ss","청호나이스","파운데이션(그레이,웜베이지,샌드베이지) SS","청호나이스","로얄스위트 프라임 매트리스 슈퍼싱글(SS)","매트리스","https://rentre.kr/product/1600007573/%EB%A1%9C%EC%96%84%EC%8A%A4%EC%9C%84%ED%8A%B8-%ED%94%84%EB%9D%BC%EC%9E%84-%EB%A7%A4%ED%8A%B8%EB%A6%AC%EC%8A%A4-%EC%8A%88%ED%8D%BC%EC%8B%B1%EA%B8%80(SS)"
"matched","chungho-네스티지-매트리스-ss","청호나이스","네스티지 매트리스 SS","청호나이스","네스티지 매트리스 슈퍼싱글 (SS)","매트리스","https://rentre.kr/product/1600007541/%EB%84%A4%EC%8A%A4%ED%8B%B0%EC%A7%80-%EB%A7%A4%ED%8A%B8%EB%A6%AC%EC%8A%A4-%EC%8A%88%ED%8D%BC%EC%8B%B1%EA%B8%80(SS)"
"matched","chungho-듀얼-드림-매트리스-ss","청호나이스","듀얼 드림 매트리스 SS","청호나이스","네스티지 매트리스 슈퍼싱글 (SS)","매트리스","https://rentre.kr/product/1600007541/%EB%84%A4%EC%8A%A4%ED%8B%B0%EC%A7%80-%EB%A7%A4%ED%8A%B8%EB%A6%AC%EC%8A%A4-%EC%8A%88%ED%8D%BC%EC%8B%B1%EA%B8%80(SS)"
"matched","chungho-듀얼-드림-온열-매트리스-ss","청호나이스","듀얼 드림 온열 매트리스 SS","청호나이스","네스티지 매트리스 슈퍼싱글 (SS)","매트리스","https://rentre.kr/product/1600007541/%EB%84%A4%EC%8A%A4%ED%8B%B0%EC%A7%80-%EB%A7%A4%ED%8A%B8%EB%A6%AC%EC%8A%A4-%EC%8A%88%ED%8D%BC%EC%8B%B1%EA%B8%80(SS)"
"matched","chungho-듀얼-코지-매트리스-ss","청호나이스","듀얼 코지 매트리스 SS","청호나이스","네스티지 매트리스 슈퍼싱글 (SS)","매트리스","https://rentre.kr/product/1600007541/%EB%84%A4%EC%8A%A4%ED%8B%B0%EC%A7%80-%EB%A7%A4%ED%8A%B8%EB%A6%AC%EC%8A%A4-%EC%8A%88%ED%8D%BC%EC%8B%B1%EA%B8%80(SS)"
"matched","chungho-듀얼-코지-온열-매트리스-ss","청호나이스","듀얼 코지 온열 매트리스 SS","청호나이스","네스티지 매트리스 슈퍼싱글 (SS)","매트리스","https://rentre.kr/product/1600007541/%EB%84%A4%EC%8A%A4%ED%8B%B0%EC%A7%80-%EB%A7%A4%ED%8A%B8%EB%A6%AC%EC%8A%A4-%EC%8A%88%ED%8D%BC%EC%8B%B1%EA%B8%80(SS)"
"matched","chungho-로얄스위트-프라임-매트리스-ss","청호나이스","로얄스위트 프라임 매트리스 SS","청호나이스","네스티지 매트리스 슈퍼싱글 (SS)","매트리스","https://rentre.kr/product/1600007541/%EB%84%A4%EC%8A%A4%ED%8B%B0%EC%A7%80-%EB%A7%A4%ED%8A%B8%EB%A6%AC%EC%8A%A4-%EC%8A%88%ED%8D%BC%EC%8B%B1%EA%B8%80(SS)"
"matched","chungho-멜로우-드림-매트리스-ss","청호나이스","멜로우 드림 매트리스 SS","청호나이스","네스티지 매트리스 슈퍼싱글 (SS)","매트리스","https://rentre.kr/product/1600007541/%EB%84%A4%EC%8A%A4%ED%8B%B0%EC%A7%80-%EB%A7%A4%ED%8A%B8%EB%A6%AC%EC%8A%A4-%EC%8A%88%ED%8D%BC%EC%8B%B1%EA%B8%80(SS)"
"matched","chungho-스프링에어-파운데이션-ss","청호나이스","스프링에어 파운데이션 SS","청호나이스","네스티지 매트리스 슈퍼싱글 (SS)","매트리스","https://rentre.kr/product/1600007541/%EB%84%A4%EC%8A%A4%ED%8B%B0%EC%A7%80-%EB%A7%A4%ED%8A%B8%EB%A6%AC%EC%8A%A4-%EC%8A%88%ED%8D%BC%EC%8B%B1%EA%B8%80(SS)"
"matched","chungho-온리-드림-매트리스-ss","청호나이스","온리 드림 매트리스 SS","청호나이스","네스티지 매트리스 슈퍼싱글 (SS)","매트리스","https://rentre.kr/product/1600007541/%EB%84%A4%EC%8A%A4%ED%8B%B0%EC%A7%80-%EB%A7%A4%ED%8A%B8%EB%A6%AC%EC%8A%A4-%EC%8A%88%ED%8D%BC%EC%8B%B1%EA%B8%80(SS)"
"matched","chungho-클린핏-ss","청호나이스","클린핏 SS","청호나이스","네스티지 매트리스 슈퍼싱글 (SS)","매트리스","https://rentre.kr/product/1600007541/%EB%84%A4%EC%8A%A4%ED%8B%B0%EC%A7%80-%EB%A7%A4%ED%8A%B8%EB%A6%AC%EC%8A%A4-%EC%8A%88%ED%8D%BC%EC%8B%B1%EA%B8%80(SS)"
"matched","chungho-파운데이션-그레이-웜베이지-샌드베이지-ss","청호나이스","파운데이션(그레이,웜베이지,샌드베이지) SS","청호나이스","네스티지 매트리스 슈퍼싱글 (SS)","매트리스","https://rentre.kr/product/1600007541/%EB%84%A4%EC%8A%A4%ED%8B%B0%EC%A7%80-%EB%A7%A4%ED%8A%B8%EB%A6%AC%EC%8A%A4-%EC%8A%88%ED%8D%BC%EC%8B%B1%EA%B8%80(SS)"
"matched","coway-cmq-sl01","코웨이","CMQ-SL01","코웨이","CMQ-SL01","매트리스","https://rentre.kr/product/1522010251/BEREX-%ED%83%91%ED%8D%BC%EA%B5%90%EC%B2%B4-%EB%A7%A4%ED%8A%B8%EB%A6%AC%EC%8A%A4-%EB%8D%94%EB%B8%94%EC%B2%B4%EC%9D%B8%EC%A7%80-%ED%80%B8(Q)"
"unmatched_remote","","","","SK매직","MATQM230RSBR","매트리스","https://rentre.kr/product/1600006549/%EC%9B%8C%EC%BB%A4%ED%9E%90-%EC%8A%A4%EC%9C%84%ED%8A%B8-%EB%A7%A4%ED%8A%B8%EB%A6%AC%EC%8A%A4-%ED%80%B8(Q)"
"matched","chungho-네스티지-매트리스-q","청호나이스","네스티지 매트리스 Q","청호나이스","마이 드림 Q","매트리스","https://rentre.kr/product/1522011284/%EB%A7%88%EC%9D%B4%EB%93%9C%EB%A6%BC-%EB%A7%A4%ED%8A%B8%EB%A6%AC%EC%8A%A4-%ED%80%B8(Q)"
"matched","chungho-듀얼-드림-매트리스-q","청호나이스","듀얼 드림 매트리스 Q","청호나이스","마이 드림 Q","매트리스","https://rentre.kr/product/1522011284/%EB%A7%88%EC%9D%B4%EB%93%9C%EB%A6%BC-%EB%A7%A4%ED%8A%B8%EB%A6%AC%EC%8A%A4-%ED%80%B8(Q)"
"matched","chungho-듀얼-드림-온열-매트리스-q","청호나이스","듀얼 드림 온열 매트리스 Q","청호나이스","마이 드림 Q","매트리스","https://rentre.kr/product/1522011284/%EB%A7%88%EC%9D%B4%EB%93%9C%EB%A6%BC-%EB%A7%A4%ED%8A%B8%EB%A6%AC%EC%8A%A4-%ED%80%B8(Q)"
"matched","chungho-듀얼-코지-매트리스-q","청호나이스","듀얼 코지 매트리스 Q","청호나이스","마이 드림 Q","매트리스","https://rentre.kr/product/1522011284/%EB%A7%88%EC%9D%B4%EB%93%9C%EB%A6%BC-%EB%A7%A4%ED%8A%B8%EB%A6%AC%EC%8A%A4-%ED%80%B8(Q)"
"matched","chungho-듀얼-코지-온열-매트리스-q","청호나이스","듀얼 코지 온열 매트리스 Q","청호나이스","마이 드림 Q","매트리스","https://rentre.kr/product/1522011284/%EB%A7%88%EC%9D%B4%EB%93%9C%EB%A6%BC-%EB%A7%A4%ED%8A%B8%EB%A6%AC%EC%8A%A4-%ED%80%B8(Q)"
"matched","chungho-로얄스위트-프라임-매트리스-q","청호나이스","로얄스위트 프라임 매트리스 Q","청호나이스","마이 드림 Q","매트리스","https://rentre.kr/product/1522011284/%EB%A7%88%EC%9D%B4%EB%93%9C%EB%A6%BC-%EB%A7%A4%ED%8A%B8%EB%A6%AC%EC%8A%A4-%ED%80%B8(Q)"
"matched","chungho-멜로우-드림-매트리스-q","청호나이스","멜로우 드림 매트리스 Q","청호나이스","마이 드림 Q","매트리스","https://rentre.kr/product/1522011284/%EB%A7%88%EC%9D%B4%EB%93%9C%EB%A6%BC-%EB%A7%A4%ED%8A%B8%EB%A6%AC%EC%8A%A4-%ED%80%B8(Q)"
"matched","chungho-스프링에어-파운데이션-q","청호나이스","스프링에어 파운데이션 Q","청호나이스","마이 드림 Q","매트리스","https://rentre.kr/product/1522011284/%EB%A7%88%EC%9D%B4%EB%93%9C%EB%A6%BC-%EB%A7%A4%ED%8A%B8%EB%A6%AC%EC%8A%A4-%ED%80%B8(Q)"
"matched","chungho-온리-드림-매트리스-q","청호나이스","온리 드림 매트리스 Q","청호나이스","마이 드림 Q","매트리스","https://rentre.kr/product/1522011284/%EB%A7%88%EC%9D%B4%EB%93%9C%EB%A6%BC-%EB%A7%A4%ED%8A%B8%EB%A6%AC%EC%8A%A4-%ED%80%B8(Q)"
"matched","chungho-클린핏-q","청호나이스","클린핏 Q","청호나이스","마이 드림 Q","매트리스","https://rentre.kr/product/1522011284/%EB%A7%88%EC%9D%B4%EB%93%9C%EB%A6%BC-%EB%A7%A4%ED%8A%B8%EB%A6%AC%EC%8A%A4-%ED%80%B8(Q)"
"matched","chungho-파운데이션-그레이-웜베이지-샌드베이지-q","청호나이스","파운데이션(그레이,웜베이지,샌드베이지) Q","청호나이스","마이 드림 Q","매트리스","https://rentre.kr/product/1522011284/%EB%A7%88%EC%9D%B4%EB%93%9C%EB%A6%BC-%EB%A7%A4%ED%8A%B8%EB%A6%AC%EC%8A%A4-%ED%80%B8(Q)"
"matched","chungho-네스티지-매트리스-q","청호나이스","네스티지 매트리스 Q","청호나이스","로얄스위트 프라임 매트리스 퀸(Q)","매트리스","https://rentre.kr/product/1600007572/%EB%A1%9C%EC%96%84%EC%8A%A4%EC%9C%84%ED%8A%B8-%ED%94%84%EB%9D%BC%EC%9E%84-%EB%A7%A4%ED%8A%B8%EB%A6%AC%EC%8A%A4-%ED%80%B8(Q)"
"matched","chungho-듀얼-드림-매트리스-q","청호나이스","듀얼 드림 매트리스 Q","청호나이스","로얄스위트 프라임 매트리스 퀸(Q)","매트리스","https://rentre.kr/product/1600007572/%EB%A1%9C%EC%96%84%EC%8A%A4%EC%9C%84%ED%8A%B8-%ED%94%84%EB%9D%BC%EC%9E%84-%EB%A7%A4%ED%8A%B8%EB%A6%AC%EC%8A%A4-%ED%80%B8(Q)"
"matched","chungho-듀얼-드림-온열-매트리스-q","청호나이스","듀얼 드림 온열 매트리스 Q","청호나이스","로얄스위트 프라임 매트리스 퀸(Q)","매트리스","https://rentre.kr/product/1600007572/%EB%A1%9C%EC%96%84%EC%8A%A4%EC%9C%84%ED%8A%B8-%ED%94%84%EB%9D%BC%EC%9E%84-%EB%A7%A4%ED%8A%B8%EB%A6%AC%EC%8A%A4-%ED%80%B8(Q)"
"matched","chungho-듀얼-코지-매트리스-q","청호나이스","듀얼 코지 매트리스 Q","청호나이스","로얄스위트 프라임 매트리스 퀸(Q)","매트리스","https://rentre.kr/product/1600007572/%EB%A1%9C%EC%96%84%EC%8A%A4%EC%9C%84%ED%8A%B8-%ED%94%84%EB%9D%BC%EC%9E%84-%EB%A7%A4%ED%8A%B8%EB%A6%AC%EC%8A%A4-%ED%80%B8(Q)"
"matched","chungho-듀얼-코지-온열-매트리스-q","청호나이스","듀얼 코지 온열 매트리스 Q","청호나이스","로얄스위트 프라임 매트리스 퀸(Q)","매트리스","https://rentre.kr/product/1600007572/%EB%A1%9C%EC%96%84%EC%8A%A4%EC%9C%84%ED%8A%B8-%ED%94%84%EB%9D%BC%EC%9E%84-%EB%A7%A4%ED%8A%B8%EB%A6%AC%EC%8A%A4-%ED%80%B8(Q)"
"matched","chungho-로얄스위트-프라임-매트리스-q","청호나이스","로얄스위트 프라임 매트리스 Q","청호나이스","로얄스위트 프라임 매트리스 퀸(Q)","매트리스","https://rentre.kr/product/1600007572/%EB%A1%9C%EC%96%84%EC%8A%A4%EC%9C%84%ED%8A%B8-%ED%94%84%EB%9D%BC%EC%9E%84-%EB%A7%A4%ED%8A%B8%EB%A6%AC%EC%8A%A4-%ED%80%B8(Q)"
"matched","chungho-멜로우-드림-매트리스-q","청호나이스","멜로우 드림 매트리스 Q","청호나이스","로얄스위트 프라임 매트리스 퀸(Q)","매트리스","https://rentre.kr/product/1600007572/%EB%A1%9C%EC%96%84%EC%8A%A4%EC%9C%84%ED%8A%B8-%ED%94%84%EB%9D%BC%EC%9E%84-%EB%A7%A4%ED%8A%B8%EB%A6%AC%EC%8A%A4-%ED%80%B8(Q)"
"matched","chungho-스프링에어-파운데이션-q","청호나이스","스프링에어 파운데이션 Q","청호나이스","로얄스위트 프라임 매트리스 퀸(Q)","매트리스","https://rentre.kr/product/1600007572/%EB%A1%9C%EC%96%84%EC%8A%A4%EC%9C%84%ED%8A%B8-%ED%94%84%EB%9D%BC%EC%9E%84-%EB%A7%A4%ED%8A%B8%EB%A6%AC%EC%8A%A4-%ED%80%B8(Q)"
"matched","chungho-온리-드림-매트리스-q","청호나이스","온리 드림 매트리스 Q","청호나이스","로얄스위트 프라임 매트리스 퀸(Q)","매트리스","https://rentre.kr/product/1600007572/%EB%A1%9C%EC%96%84%EC%8A%A4%EC%9C%84%ED%8A%B8-%ED%94%84%EB%9D%BC%EC%9E%84-%EB%A7%A4%ED%8A%B8%EB%A6%AC%EC%8A%A4-%ED%80%B8(Q)"
"matched","chungho-클린핏-q","청호나이스","클린핏 Q","청호나이스","로얄스위트 프라임 매트리스 퀸(Q)","매트리스","https://rentre.kr/product/1600007572/%EB%A1%9C%EC%96%84%EC%8A%A4%EC%9C%84%ED%8A%B8-%ED%94%84%EB%9D%BC%EC%9E%84-%EB%A7%A4%ED%8A%B8%EB%A6%AC%EC%8A%A4-%ED%80%B8(Q)"
"matched","chungho-파운데이션-그레이-웜베이지-샌드베이지-q","청호나이스","파운데이션(그레이,웜베이지,샌드베이지) Q","청호나이스","로얄스위트 프라임 매트리스 퀸(Q)","매트리스","https://rentre.kr/product/1600007572/%EB%A1%9C%EC%96%84%EC%8A%A4%EC%9C%84%ED%8A%B8-%ED%94%84%EB%9D%BC%EC%9E%84-%EB%A7%A4%ED%8A%B8%EB%A6%AC%EC%8A%A4-%ED%80%B8(Q)"
"matched","chungho-네스티지-매트리스-lk","청호나이스","네스티지 매트리스 LK","청호나이스","듀얼 코지 매트리스 라지킹(LK)","매트리스","https://rentre.kr/product/1600006148/%EB%93%80%EC%96%BC-%EC%BD%94%EC%A7%80-%EB%A7%A4%ED%8A%B8%EB%A6%AC%EC%8A%A4-%EB%9D%BC%EC%A7%80%ED%82%B9(LK)"
"matched","chungho-듀얼-드림-매트리스-lk","청호나이스","듀얼 드림 매트리스 LK","청호나이스","듀얼 코지 매트리스 라지킹(LK)","매트리스","https://rentre.kr/product/1600006148/%EB%93%80%EC%96%BC-%EC%BD%94%EC%A7%80-%EB%A7%A4%ED%8A%B8%EB%A6%AC%EC%8A%A4-%EB%9D%BC%EC%A7%80%ED%82%B9(LK)"
"matched","chungho-듀얼-드림-온열-매트리스-lk","청호나이스","듀얼 드림 온열 매트리스 LK","청호나이스","듀얼 코지 매트리스 라지킹(LK)","매트리스","https://rentre.kr/product/1600006148/%EB%93%80%EC%96%BC-%EC%BD%94%EC%A7%80-%EB%A7%A4%ED%8A%B8%EB%A6%AC%EC%8A%A4-%EB%9D%BC%EC%A7%80%ED%82%B9(LK)"
"matched","chungho-듀얼-코지-매트리스-lk","청호나이스","듀얼 코지 매트리스 LK","청호나이스","듀얼 코지 매트리스 라지킹(LK)","매트리스","https://rentre.kr/product/1600006148/%EB%93%80%EC%96%BC-%EC%BD%94%EC%A7%80-%EB%A7%A4%ED%8A%B8%EB%A6%AC%EC%8A%A4-%EB%9D%BC%EC%A7%80%ED%82%B9(LK)"
"matched","chungho-듀얼-코지-온열-매트리스-lk","청호나이스","듀얼 코지 온열 매트리스 LK","청호나이스","듀얼 코지 매트리스 라지킹(LK)","매트리스","https://rentre.kr/product/1600006148/%EB%93%80%EC%96%BC-%EC%BD%94%EC%A7%80-%EB%A7%A4%ED%8A%B8%EB%A6%AC%EC%8A%A4-%EB%9D%BC%EC%A7%80%ED%82%B9(LK)"
"matched","chungho-로얄스위트-프라임-매트리스-lk","청호나이스","로얄스위트 프라임 매트리스 LK","청호나이스","듀얼 코지 매트리스 라지킹(LK)","매트리스","https://rentre.kr/product/1600006148/%EB%93%80%EC%96%BC-%EC%BD%94%EC%A7%80-%EB%A7%A4%ED%8A%B8%EB%A6%AC%EC%8A%A4-%EB%9D%BC%EC%A7%80%ED%82%B9(LK)"
"matched","chungho-멜로우-드림-매트리스-lk","청호나이스","멜로우 드림 매트리스 LK","청호나이스","듀얼 코지 매트리스 라지킹(LK)","매트리스","https://rentre.kr/product/1600006148/%EB%93%80%EC%96%BC-%EC%BD%94%EC%A7%80-%EB%A7%A4%ED%8A%B8%EB%A6%AC%EC%8A%A4-%EB%9D%BC%EC%A7%80%ED%82%B9(LK)"
"matched","chungho-파운데이션-그레이-웜베이지-샌드베이지-lk","청호나이스","파운데이션(그레이,웜베이지,샌드베이지) LK","청호나이스","듀얼 코지 매트리스 라지킹(LK)","매트리스","https://rentre.kr/product/1600006148/%EB%93%80%EC%96%BC-%EC%BD%94%EC%A7%80-%EB%A7%A4%ED%8A%B8%EB%A6%AC%EC%8A%A4-%EB%9D%BC%EC%A7%80%ED%82%B9(LK)"
"matched","chungho-william-j-매트리스-lk","청호나이스","William J 매트리스 LK","청호나이스","William J 매트리스 라지킹(LK)","매트리스","https://rentre.kr/product/1600006136/William-J-%EB%A7%A4%ED%8A%B8%EB%A6%AC%EC%8A%A4-%EB%9D%BC%EC%A7%80%ED%82%B9(LK)"
"matched","chungho-네스티지-매트리스-q","청호나이스","네스티지 매트리스 Q","청호나이스","듀얼 코지 매트리스 퀸(Q)","매트리스","https://rentre.kr/product/1600006149/%EB%93%80%EC%96%BC-%EC%BD%94%EC%A7%80-%EB%A7%A4%ED%8A%B8%EB%A6%AC%EC%8A%A4-%ED%80%B8(Q)"
"matched","chungho-듀얼-드림-매트리스-q","청호나이스","듀얼 드림 매트리스 Q","청호나이스","듀얼 코지 매트리스 퀸(Q)","매트리스","https://rentre.kr/product/1600006149/%EB%93%80%EC%96%BC-%EC%BD%94%EC%A7%80-%EB%A7%A4%ED%8A%B8%EB%A6%AC%EC%8A%A4-%ED%80%B8(Q)"
"matched","chungho-듀얼-드림-온열-매트리스-q","청호나이스","듀얼 드림 온열 매트리스 Q","청호나이스","듀얼 코지 매트리스 퀸(Q)","매트리스","https://rentre.kr/product/1600006149/%EB%93%80%EC%96%BC-%EC%BD%94%EC%A7%80-%EB%A7%A4%ED%8A%B8%EB%A6%AC%EC%8A%A4-%ED%80%B8(Q)"
"matched","chungho-듀얼-코지-매트리스-q","청호나이스","듀얼 코지 매트리스 Q","청호나이스","듀얼 코지 매트리스 퀸(Q)","매트리스","https://rentre.kr/product/1600006149/%EB%93%80%EC%96%BC-%EC%BD%94%EC%A7%80-%EB%A7%A4%ED%8A%B8%EB%A6%AC%EC%8A%A4-%ED%80%B8(Q)"
"matched","chungho-듀얼-코지-온열-매트리스-q","청호나이스","듀얼 코지 온열 매트리스 Q","청호나이스","듀얼 코지 매트리스 퀸(Q)","매트리스","https://rentre.kr/product/1600006149/%EB%93%80%EC%96%BC-%EC%BD%94%EC%A7%80-%EB%A7%A4%ED%8A%B8%EB%A6%AC%EC%8A%A4-%ED%80%B8(Q)"
"matched","chungho-로얄스위트-프라임-매트리스-q","청호나이스","로얄스위트 프라임 매트리스 Q","청호나이스","듀얼 코지 매트리스 퀸(Q)","매트리스","https://rentre.kr/product/1600006149/%EB%93%80%EC%96%BC-%EC%BD%94%EC%A7%80-%EB%A7%A4%ED%8A%B8%EB%A6%AC%EC%8A%A4-%ED%80%B8(Q)"
"matched","chungho-멜로우-드림-매트리스-q","청호나이스","멜로우 드림 매트리스 Q","청호나이스","듀얼 코지 매트리스 퀸(Q)","매트리스","https://rentre.kr/product/1600006149/%EB%93%80%EC%96%BC-%EC%BD%94%EC%A7%80-%EB%A7%A4%ED%8A%B8%EB%A6%AC%EC%8A%A4-%ED%80%B8(Q)"
"matched","chungho-스프링에어-파운데이션-q","청호나이스","스프링에어 파운데이션 Q","청호나이스","듀얼 코지 매트리스 퀸(Q)","매트리스","https://rentre.kr/product/1600006149/%EB%93%80%EC%96%BC-%EC%BD%94%EC%A7%80-%EB%A7%A4%ED%8A%B8%EB%A6%AC%EC%8A%A4-%ED%80%B8(Q)"
"matched","chungho-온리-드림-매트리스-q","청호나이스","온리 드림 매트리스 Q","청호나이스","듀얼 코지 매트리스 퀸(Q)","매트리스","https://rentre.kr/product/1600006149/%EB%93%80%EC%96%BC-%EC%BD%94%EC%A7%80-%EB%A7%A4%ED%8A%B8%EB%A6%AC%EC%8A%A4-%ED%80%B8(Q)"
"matched","chungho-클린핏-q","청호나이스","클린핏 Q","청호나이스","듀얼 코지 매트리스 퀸(Q)","매트리스","https://rentre.kr/product/1600006149/%EB%93%80%EC%96%BC-%EC%BD%94%EC%A7%80-%EB%A7%A4%ED%8A%B8%EB%A6%AC%EC%8A%A4-%ED%80%B8(Q)"
"matched","chungho-파운데이션-그레이-웜베이지-샌드베이지-q","청호나이스","파운데이션(그레이,웜베이지,샌드베이지) Q","청호나이스","듀얼 코지 매트리스 퀸(Q)","매트리스","https://rentre.kr/product/1600006149/%EB%93%80%EC%96%BC-%EC%BD%94%EC%A7%80-%EB%A7%A4%ED%8A%B8%EB%A6%AC%EC%8A%A4-%ED%80%B8(Q)"
"matched","chungho-네스티지-매트리스-k","청호나이스","네스티지 매트리스 K","청호나이스","청호 스프링에어 탑퍼분리 매트리스 로얄스위트 K","매트리스","https://rentre.kr/product/1522010295/%EB%A1%9C%EC%96%84%EC%8A%A4%EC%9C%84%ED%8A%B8-%ED%83%91%ED%8D%BC%EB%B6%84%EB%A6%AC-%EB%A7%A4%ED%8A%B8%EB%A6%AC%EC%8A%A4-%ED%82%B9(K)"
"matched","chungho-듀얼-드림-매트리스-k","청호나이스","듀얼 드림 매트리스 K","청호나이스","청호 스프링에어 탑퍼분리 매트리스 로얄스위트 K","매트리스","https://rentre.kr/product/1522010295/%EB%A1%9C%EC%96%84%EC%8A%A4%EC%9C%84%ED%8A%B8-%ED%83%91%ED%8D%BC%EB%B6%84%EB%A6%AC-%EB%A7%A4%ED%8A%B8%EB%A6%AC%EC%8A%A4-%ED%82%B9(K)"
"matched","chungho-듀얼-드림-온열-매트리스-k","청호나이스","듀얼 드림 온열 매트리스 K","청호나이스","청호 스프링에어 탑퍼분리 매트리스 로얄스위트 K","매트리스","https://rentre.kr/product/1522010295/%EB%A1%9C%EC%96%84%EC%8A%A4%EC%9C%84%ED%8A%B8-%ED%83%91%ED%8D%BC%EB%B6%84%EB%A6%AC-%EB%A7%A4%ED%8A%B8%EB%A6%AC%EC%8A%A4-%ED%82%B9(K)"
"matched","chungho-듀얼-코지-매트리스-k","청호나이스","듀얼 코지 매트리스 K","청호나이스","청호 스프링에어 탑퍼분리 매트리스 로얄스위트 K","매트리스","https://rentre.kr/product/1522010295/%EB%A1%9C%EC%96%84%EC%8A%A4%EC%9C%84%ED%8A%B8-%ED%83%91%ED%8D%BC%EB%B6%84%EB%A6%AC-%EB%A7%A4%ED%8A%B8%EB%A6%AC%EC%8A%A4-%ED%82%B9(K)"
"matched","chungho-듀얼-코지-온열-매트리스-k","청호나이스","듀얼 코지 온열 매트리스 K","청호나이스","청호 스프링에어 탑퍼분리 매트리스 로얄스위트 K","매트리스","https://rentre.kr/product/1522010295/%EB%A1%9C%EC%96%84%EC%8A%A4%EC%9C%84%ED%8A%B8-%ED%83%91%ED%8D%BC%EB%B6%84%EB%A6%AC-%EB%A7%A4%ED%8A%B8%EB%A6%AC%EC%8A%A4-%ED%82%B9(K)"
"matched","chungho-로얄스위트-프라임-매트리스-k","청호나이스","로얄스위트 프라임 매트리스 K","청호나이스","청호 스프링에어 탑퍼분리 매트리스 로얄스위트 K","매트리스","https://rentre.kr/product/1522010295/%EB%A1%9C%EC%96%84%EC%8A%A4%EC%9C%84%ED%8A%B8-%ED%83%91%ED%8D%BC%EB%B6%84%EB%A6%AC-%EB%A7%A4%ED%8A%B8%EB%A6%AC%EC%8A%A4-%ED%82%B9(K)"
"matched","chungho-멜로우-드림-매트리스-k","청호나이스","멜로우 드림 매트리스 K","청호나이스","청호 스프링에어 탑퍼분리 매트리스 로얄스위트 K","매트리스","https://rentre.kr/product/1522010295/%EB%A1%9C%EC%96%84%EC%8A%A4%EC%9C%84%ED%8A%B8-%ED%83%91%ED%8D%BC%EB%B6%84%EB%A6%AC-%EB%A7%A4%ED%8A%B8%EB%A6%AC%EC%8A%A4-%ED%82%B9(K)"
"matched","chungho-스프링에어-파운데이션-k","청호나이스","스프링에어 파운데이션 K","청호나이스","청호 스프링에어 탑퍼분리 매트리스 로얄스위트 K","매트리스","https://rentre.kr/product/1522010295/%EB%A1%9C%EC%96%84%EC%8A%A4%EC%9C%84%ED%8A%B8-%ED%83%91%ED%8D%BC%EB%B6%84%EB%A6%AC-%EB%A7%A4%ED%8A%B8%EB%A6%AC%EC%8A%A4-%ED%82%B9(K)"
"matched","chungho-클린핏-k","청호나이스","클린핏 K","청호나이스","청호 스프링에어 탑퍼분리 매트리스 로얄스위트 K","매트리스","https://rentre.kr/product/1522010295/%EB%A1%9C%EC%96%84%EC%8A%A4%EC%9C%84%ED%8A%B8-%ED%83%91%ED%8D%BC%EB%B6%84%EB%A6%AC-%EB%A7%A4%ED%8A%B8%EB%A6%AC%EC%8A%A4-%ED%82%B9(K)"
"matched","chungho-파운데이션-그레이-웜베이지-샌드베이지-k","청호나이스","파운데이션(그레이,웜베이지,샌드베이지) K","청호나이스","청호 스프링에어 탑퍼분리 매트리스 로얄스위트 K","매트리스","https://rentre.kr/product/1522010295/%EB%A1%9C%EC%96%84%EC%8A%A4%EC%9C%84%ED%8A%B8-%ED%83%91%ED%8D%BC%EB%B6%84%EB%A6%AC-%EB%A7%A4%ED%8A%B8%EB%A6%AC%EC%8A%A4-%ED%82%B9(K)"
"unmatched_remote","","","","쿠쿠","CRM-D01HEMLK/HLK","매트리스","https://rentre.kr/product/1600006131/%EB%A0%88%EC%8A%A4%ED%8B%B0%EB%85%B8-%EB%A7%A4%ED%8A%B8%EB%A6%AC%EC%8A%A4-%EC%9C%A0%EB%A1%9C%ED%83%91-%EB%9D%BC%EC%A7%80%ED%82%B9(LK)-(25%EB%85%84-3%EC%9B%94-%EC%B6%9C%EC%8B%9C)"
"unmatched_remote","","","","쿠쿠","CRM-J01STMHK","매트리스","https://rentre.kr/product/1600008411/%EB%A0%88%EC%8A%A4%ED%8B%B0%EB%85%B8-%EC%BB%A4%EB%B2%84-%EB%B6%84%EB%A6%AC%ED%98%95-%EB%A7%A4%ED%8A%B8%EB%A6%AC%EC%8A%A4-%ED%82%B9(K)"
"matched","coway-cms-st01eh","코웨이","CMS-ST01EH","코웨이","CMS-ST01EH","매트리스","https://rentre.kr/product/1522012411/BEREX-%EC%97%98%EB%A6%AC%ED%8A%B8-%EB%A7%A4%ED%8A%B8%EB%A6%AC%EC%8A%A4-%EC%8B%B1%EA%B8%80(S)"
"matched","chungho-네스티지-매트리스-ss","청호나이스","네스티지 매트리스 SS","청호나이스","마이 드림 SS","매트리스","https://rentre.kr/product/1522011285/%EB%A7%88%EC%9D%B4%EB%93%9C%EB%A6%BC-%EB%A7%A4%ED%8A%B8%EB%A6%AC%EC%8A%A4-%EC%8A%88%ED%8D%BC%EC%8B%B1%EA%B8%80(SS)"
"matched","chungho-듀얼-드림-매트리스-ss","청호나이스","듀얼 드림 매트리스 SS","청호나이스","마이 드림 SS","매트리스","https://rentre.kr/product/1522011285/%EB%A7%88%EC%9D%B4%EB%93%9C%EB%A6%BC-%EB%A7%A4%ED%8A%B8%EB%A6%AC%EC%8A%A4-%EC%8A%88%ED%8D%BC%EC%8B%B1%EA%B8%80(SS)"
"matched","chungho-듀얼-드림-온열-매트리스-ss","청호나이스","듀얼 드림 온열 매트리스 SS","청호나이스","마이 드림 SS","매트리스","https://rentre.kr/product/1522011285/%EB%A7%88%EC%9D%B4%EB%93%9C%EB%A6%BC-%EB%A7%A4%ED%8A%B8%EB%A6%AC%EC%8A%A4-%EC%8A%88%ED%8D%BC%EC%8B%B1%EA%B8%80(SS)"
"matched","chungho-듀얼-코지-매트리스-ss","청호나이스","듀얼 코지 매트리스 SS","청호나이스","마이 드림 SS","매트리스","https://rentre.kr/product/1522011285/%EB%A7%88%EC%9D%B4%EB%93%9C%EB%A6%BC-%EB%A7%A4%ED%8A%B8%EB%A6%AC%EC%8A%A4-%EC%8A%88%ED%8D%BC%EC%8B%B1%EA%B8%80(SS)"
"matched","chungho-듀얼-코지-온열-매트리스-ss","청호나이스","듀얼 코지 온열 매트리스 SS","청호나이스","마이 드림 SS","매트리스","https://rentre.kr/product/1522011285/%EB%A7%88%EC%9D%B4%EB%93%9C%EB%A6%BC-%EB%A7%A4%ED%8A%B8%EB%A6%AC%EC%8A%A4-%EC%8A%88%ED%8D%BC%EC%8B%B1%EA%B8%80(SS)"
"matched","chungho-로얄스위트-프라임-매트리스-ss","청호나이스","로얄스위트 프라임 매트리스 SS","청호나이스","마이 드림 SS","매트리스","https://rentre.kr/product/1522011285/%EB%A7%88%EC%9D%B4%EB%93%9C%EB%A6%BC-%EB%A7%A4%ED%8A%B8%EB%A6%AC%EC%8A%A4-%EC%8A%88%ED%8D%BC%EC%8B%B1%EA%B8%80(SS)"
"matched","chungho-멜로우-드림-매트리스-ss","청호나이스","멜로우 드림 매트리스 SS","청호나이스","마이 드림 SS","매트리스","https://rentre.kr/product/1522011285/%EB%A7%88%EC%9D%B4%EB%93%9C%EB%A6%BC-%EB%A7%A4%ED%8A%B8%EB%A6%AC%EC%8A%A4-%EC%8A%88%ED%8D%BC%EC%8B%B1%EA%B8%80(SS)"
"matched","chungho-스프링에어-파운데이션-ss","청호나이스","스프링에어 파운데이션 SS","청호나이스","마이 드림 SS","매트리스","https://rentre.kr/product/1522011285/%EB%A7%88%EC%9D%B4%EB%93%9C%EB%A6%BC-%EB%A7%A4%ED%8A%B8%EB%A6%AC%EC%8A%A4-%EC%8A%88%ED%8D%BC%EC%8B%B1%EA%B8%80(SS)"
"matched","chungho-온리-드림-매트리스-ss","청호나이스","온리 드림 매트리스 SS","청호나이스","마이 드림 SS","매트리스","https://rentre.kr/product/1522011285/%EB%A7%88%EC%9D%B4%EB%93%9C%EB%A6%BC-%EB%A7%A4%ED%8A%B8%EB%A6%AC%EC%8A%A4-%EC%8A%88%ED%8D%BC%EC%8B%B1%EA%B8%80(SS)"
"matched","chungho-클린핏-ss","청호나이스","클린핏 SS","청호나이스","마이 드림 SS","매트리스","https://rentre.kr/product/1522011285/%EB%A7%88%EC%9D%B4%EB%93%9C%EB%A6%BC-%EB%A7%A4%ED%8A%B8%EB%A6%AC%EC%8A%A4-%EC%8A%88%ED%8D%BC%EC%8B%B1%EA%B8%80(SS)"
"matched","chungho-파운데이션-그레이-웜베이지-샌드베이지-ss","청호나이스","파운데이션(그레이,웜베이지,샌드베이지) SS","청호나이스","마이 드림 SS","매트리스","https://rentre.kr/product/1522011285/%EB%A7%88%EC%9D%B4%EB%93%9C%EB%A6%BC-%EB%A7%A4%ED%8A%B8%EB%A6%AC%EC%8A%A4-%EC%8A%88%ED%8D%BC%EC%8B%B1%EA%B8%80(SS)"
"matched","chungho-네스티지-매트리스-q","청호나이스","네스티지 매트리스 Q","청호나이스","스프링에어 매트리스 러블리드림 Q","매트리스","https://rentre.kr/product/1600001633/%EB%9F%AC%EB%B8%94%EB%A6%AC-%EB%93%9C%EB%A6%BC-%EB%A7%A4%ED%8A%B8%EB%A6%AC%EC%8A%A4-%ED%80%B8(Q)"
"matched","chungho-듀얼-드림-매트리스-q","청호나이스","듀얼 드림 매트리스 Q","청호나이스","스프링에어 매트리스 러블리드림 Q","매트리스","https://rentre.kr/product/1600001633/%EB%9F%AC%EB%B8%94%EB%A6%AC-%EB%93%9C%EB%A6%BC-%EB%A7%A4%ED%8A%B8%EB%A6%AC%EC%8A%A4-%ED%80%B8(Q)"
"matched","chungho-듀얼-드림-온열-매트리스-q","청호나이스","듀얼 드림 온열 매트리스 Q","청호나이스","스프링에어 매트리스 러블리드림 Q","매트리스","https://rentre.kr/product/1600001633/%EB%9F%AC%EB%B8%94%EB%A6%AC-%EB%93%9C%EB%A6%BC-%EB%A7%A4%ED%8A%B8%EB%A6%AC%EC%8A%A4-%ED%80%B8(Q)"
"matched","chungho-듀얼-코지-매트리스-q","청호나이스","듀얼 코지 매트리스 Q","청호나이스","스프링에어 매트리스 러블리드림 Q","매트리스","https://rentre.kr/product/1600001633/%EB%9F%AC%EB%B8%94%EB%A6%AC-%EB%93%9C%EB%A6%BC-%EB%A7%A4%ED%8A%B8%EB%A6%AC%EC%8A%A4-%ED%80%B8(Q)"
"matched","chungho-듀얼-코지-온열-매트리스-q","청호나이스","듀얼 코지 온열 매트리스 Q","청호나이스","스프링에어 매트리스 러블리드림 Q","매트리스","https://rentre.kr/product/1600001633/%EB%9F%AC%EB%B8%94%EB%A6%AC-%EB%93%9C%EB%A6%BC-%EB%A7%A4%ED%8A%B8%EB%A6%AC%EC%8A%A4-%ED%80%B8(Q)"
"matched","chungho-로얄스위트-프라임-매트리스-q","청호나이스","로얄스위트 프라임 매트리스 Q","청호나이스","스프링에어 매트리스 러블리드림 Q","매트리스","https://rentre.kr/product/1600001633/%EB%9F%AC%EB%B8%94%EB%A6%AC-%EB%93%9C%EB%A6%BC-%EB%A7%A4%ED%8A%B8%EB%A6%AC%EC%8A%A4-%ED%80%B8(Q)"
"matched","chungho-멜로우-드림-매트리스-q","청호나이스","멜로우 드림 매트리스 Q","청호나이스","스프링에어 매트리스 러블리드림 Q","매트리스","https://rentre.kr/product/1600001633/%EB%9F%AC%EB%B8%94%EB%A6%AC-%EB%93%9C%EB%A6%BC-%EB%A7%A4%ED%8A%B8%EB%A6%AC%EC%8A%A4-%ED%80%B8(Q)"
"matched","chungho-스프링에어-파운데이션-q","청호나이스","스프링에어 파운데이션 Q","청호나이스","스프링에어 매트리스 러블리드림 Q","매트리스","https://rentre.kr/product/1600001633/%EB%9F%AC%EB%B8%94%EB%A6%AC-%EB%93%9C%EB%A6%BC-%EB%A7%A4%ED%8A%B8%EB%A6%AC%EC%8A%A4-%ED%80%B8(Q)"
"matched","chungho-온리-드림-매트리스-q","청호나이스","온리 드림 매트리스 Q","청호나이스","스프링에어 매트리스 러블리드림 Q","매트리스","https://rentre.kr/product/1600001633/%EB%9F%AC%EB%B8%94%EB%A6%AC-%EB%93%9C%EB%A6%BC-%EB%A7%A4%ED%8A%B8%EB%A6%AC%EC%8A%A4-%ED%80%B8(Q)"
"matched","chungho-클린핏-q","청호나이스","클린핏 Q","청호나이스","스프링에어 매트리스 러블리드림 Q","매트리스","https://rentre.kr/product/1600001633/%EB%9F%AC%EB%B8%94%EB%A6%AC-%EB%93%9C%EB%A6%BC-%EB%A7%A4%ED%8A%B8%EB%A6%AC%EC%8A%A4-%ED%80%B8(Q)"
"matched","chungho-파운데이션-그레이-웜베이지-샌드베이지-q","청호나이스","파운데이션(그레이,웜베이지,샌드베이지) Q","청호나이스","스프링에어 매트리스 러블리드림 Q","매트리스","https://rentre.kr/product/1600001633/%EB%9F%AC%EB%B8%94%EB%A6%AC-%EB%93%9C%EB%A6%BC-%EB%A7%A4%ED%8A%B8%EB%A6%AC%EC%8A%A4-%ED%80%B8(Q)"
"matched","coway-cmlk-se02","코웨이","CMLK-SE02","코웨이","CMLK-SE02","매트리스","https://rentre.kr/product/1600006403/BEREX-%EB%AA%A8%EB%94%94-%EB%A7%A4%ED%8A%B8%EB%A6%AC%EC%8A%A4-%EB%9D%BC%EC%A7%80%ED%82%B9(LK)"
"matched","chungho-네스티지-매트리스-q","청호나이스","네스티지 매트리스 Q","청호나이스","스프링에어 파운데이션 퀸(Q)","매트리스","https://rentre.kr/product/1522013447/%EC%8A%A4%ED%94%84%EB%A7%81%EC%97%90%EC%96%B4-%ED%8C%8C%EC%9A%B4%EB%8D%B0%EC%9D%B4%EC%85%98-%ED%80%B8(Q)"
"matched","chungho-듀얼-드림-매트리스-q","청호나이스","듀얼 드림 매트리스 Q","청호나이스","스프링에어 파운데이션 퀸(Q)","매트리스","https://rentre.kr/product/1522013447/%EC%8A%A4%ED%94%84%EB%A7%81%EC%97%90%EC%96%B4-%ED%8C%8C%EC%9A%B4%EB%8D%B0%EC%9D%B4%EC%85%98-%ED%80%B8(Q)"
"matched","chungho-듀얼-드림-온열-매트리스-q","청호나이스","듀얼 드림 온열 매트리스 Q","청호나이스","스프링에어 파운데이션 퀸(Q)","매트리스","https://rentre.kr/product/1522013447/%EC%8A%A4%ED%94%84%EB%A7%81%EC%97%90%EC%96%B4-%ED%8C%8C%EC%9A%B4%EB%8D%B0%EC%9D%B4%EC%85%98-%ED%80%B8(Q)"
"matched","chungho-듀얼-코지-매트리스-q","청호나이스","듀얼 코지 매트리스 Q","청호나이스","스프링에어 파운데이션 퀸(Q)","매트리스","https://rentre.kr/product/1522013447/%EC%8A%A4%ED%94%84%EB%A7%81%EC%97%90%EC%96%B4-%ED%8C%8C%EC%9A%B4%EB%8D%B0%EC%9D%B4%EC%85%98-%ED%80%B8(Q)"
"matched","chungho-듀얼-코지-온열-매트리스-q","청호나이스","듀얼 코지 온열 매트리스 Q","청호나이스","스프링에어 파운데이션 퀸(Q)","매트리스","https://rentre.kr/product/1522013447/%EC%8A%A4%ED%94%84%EB%A7%81%EC%97%90%EC%96%B4-%ED%8C%8C%EC%9A%B4%EB%8D%B0%EC%9D%B4%EC%85%98-%ED%80%B8(Q)"
"matched","chungho-로얄스위트-프라임-매트리스-q","청호나이스","로얄스위트 프라임 매트리스 Q","청호나이스","스프링에어 파운데이션 퀸(Q)","매트리스","https://rentre.kr/product/1522013447/%EC%8A%A4%ED%94%84%EB%A7%81%EC%97%90%EC%96%B4-%ED%8C%8C%EC%9A%B4%EB%8D%B0%EC%9D%B4%EC%85%98-%ED%80%B8(Q)"
"matched","chungho-멜로우-드림-매트리스-q","청호나이스","멜로우 드림 매트리스 Q","청호나이스","스프링에어 파운데이션 퀸(Q)","매트리스","https://rentre.kr/product/1522013447/%EC%8A%A4%ED%94%84%EB%A7%81%EC%97%90%EC%96%B4-%ED%8C%8C%EC%9A%B4%EB%8D%B0%EC%9D%B4%EC%85%98-%ED%80%B8(Q)"
"matched","chungho-스프링에어-파운데이션-q","청호나이스","스프링에어 파운데이션 Q","청호나이스","스프링에어 파운데이션 퀸(Q)","매트리스","https://rentre.kr/product/1522013447/%EC%8A%A4%ED%94%84%EB%A7%81%EC%97%90%EC%96%B4-%ED%8C%8C%EC%9A%B4%EB%8D%B0%EC%9D%B4%EC%85%98-%ED%80%B8(Q)"
"matched","chungho-온리-드림-매트리스-q","청호나이스","온리 드림 매트리스 Q","청호나이스","스프링에어 파운데이션 퀸(Q)","매트리스","https://rentre.kr/product/1522013447/%EC%8A%A4%ED%94%84%EB%A7%81%EC%97%90%EC%96%B4-%ED%8C%8C%EC%9A%B4%EB%8D%B0%EC%9D%B4%EC%85%98-%ED%80%B8(Q)"
"matched","chungho-클린핏-q","청호나이스","클린핏 Q","청호나이스","스프링에어 파운데이션 퀸(Q)","매트리스","https://rentre.kr/product/1522013447/%EC%8A%A4%ED%94%84%EB%A7%81%EC%97%90%EC%96%B4-%ED%8C%8C%EC%9A%B4%EB%8D%B0%EC%9D%B4%EC%85%98-%ED%80%B8(Q)"
"matched","chungho-파운데이션-그레이-웜베이지-샌드베이지-q","청호나이스","파운데이션(그레이,웜베이지,샌드베이지) Q","청호나이스","스프링에어 파운데이션 퀸(Q)","매트리스","https://rentre.kr/product/1522013447/%EC%8A%A4%ED%94%84%EB%A7%81%EC%97%90%EC%96%B4-%ED%8C%8C%EC%9A%B4%EB%8D%B0%EC%9D%B4%EC%85%98-%ED%80%B8(Q)"
"matched","chungho-네스티지-매트리스-ss","청호나이스","네스티지 매트리스 SS","청호나이스","파운데이션 슈퍼싱글(SS)","매트리스","https://rentre.kr/product/1600006152/%ED%8C%8C%EC%9A%B4%EB%8D%B0%EC%9D%B4%EC%85%98-%EC%8A%88%ED%8D%BC%EC%8B%B1%EA%B8%80(SS)"
"matched","chungho-듀얼-드림-매트리스-ss","청호나이스","듀얼 드림 매트리스 SS","청호나이스","파운데이션 슈퍼싱글(SS)","매트리스","https://rentre.kr/product/1600006152/%ED%8C%8C%EC%9A%B4%EB%8D%B0%EC%9D%B4%EC%85%98-%EC%8A%88%ED%8D%BC%EC%8B%B1%EA%B8%80(SS)"
"matched","chungho-듀얼-드림-온열-매트리스-ss","청호나이스","듀얼 드림 온열 매트리스 SS","청호나이스","파운데이션 슈퍼싱글(SS)","매트리스","https://rentre.kr/product/1600006152/%ED%8C%8C%EC%9A%B4%EB%8D%B0%EC%9D%B4%EC%85%98-%EC%8A%88%ED%8D%BC%EC%8B%B1%EA%B8%80(SS)"
"matched","chungho-듀얼-코지-매트리스-ss","청호나이스","듀얼 코지 매트리스 SS","청호나이스","파운데이션 슈퍼싱글(SS)","매트리스","https://rentre.kr/product/1600006152/%ED%8C%8C%EC%9A%B4%EB%8D%B0%EC%9D%B4%EC%85%98-%EC%8A%88%ED%8D%BC%EC%8B%B1%EA%B8%80(SS)"
"matched","chungho-듀얼-코지-온열-매트리스-ss","청호나이스","듀얼 코지 온열 매트리스 SS","청호나이스","파운데이션 슈퍼싱글(SS)","매트리스","https://rentre.kr/product/1600006152/%ED%8C%8C%EC%9A%B4%EB%8D%B0%EC%9D%B4%EC%85%98-%EC%8A%88%ED%8D%BC%EC%8B%B1%EA%B8%80(SS)"
"matched","chungho-로얄스위트-프라임-매트리스-ss","청호나이스","로얄스위트 프라임 매트리스 SS","청호나이스","파운데이션 슈퍼싱글(SS)","매트리스","https://rentre.kr/product/1600006152/%ED%8C%8C%EC%9A%B4%EB%8D%B0%EC%9D%B4%EC%85%98-%EC%8A%88%ED%8D%BC%EC%8B%B1%EA%B8%80(SS)"
"matched","chungho-멜로우-드림-매트리스-ss","청호나이스","멜로우 드림 매트리스 SS","청호나이스","파운데이션 슈퍼싱글(SS)","매트리스","https://rentre.kr/product/1600006152/%ED%8C%8C%EC%9A%B4%EB%8D%B0%EC%9D%B4%EC%85%98-%EC%8A%88%ED%8D%BC%EC%8B%B1%EA%B8%80(SS)"
"matched","chungho-스프링에어-파운데이션-ss","청호나이스","스프링에어 파운데이션 SS","청호나이스","파운데이션 슈퍼싱글(SS)","매트리스","https://rentre.kr/product/1600006152/%ED%8C%8C%EC%9A%B4%EB%8D%B0%EC%9D%B4%EC%85%98-%EC%8A%88%ED%8D%BC%EC%8B%B1%EA%B8%80(SS)"
"matched","chungho-온리-드림-매트리스-ss","청호나이스","온리 드림 매트리스 SS","청호나이스","파운데이션 슈퍼싱글(SS)","매트리스","https://rentre.kr/product/1600006152/%ED%8C%8C%EC%9A%B4%EB%8D%B0%EC%9D%B4%EC%85%98-%EC%8A%88%ED%8D%BC%EC%8B%B1%EA%B8%80(SS)"
"matched","chungho-클린핏-ss","청호나이스","클린핏 SS","청호나이스","파운데이션 슈퍼싱글(SS)","매트리스","https://rentre.kr/product/1600006152/%ED%8C%8C%EC%9A%B4%EB%8D%B0%EC%9D%B4%EC%85%98-%EC%8A%88%ED%8D%BC%EC%8B%B1%EA%B8%80(SS)"
"matched","chungho-파운데이션-그레이-웜베이지-샌드베이지-ss","청호나이스","파운데이션(그레이,웜베이지,샌드베이지) SS","청호나이스","파운데이션 슈퍼싱글(SS)","매트리스","https://rentre.kr/product/1600006152/%ED%8C%8C%EC%9A%B4%EB%8D%B0%EC%9D%B4%EC%85%98-%EC%8A%88%ED%8D%BC%EC%8B%B1%EA%B8%80(SS)"
"unmatched_remote","","","","현대큐밍","HQMA30S40F","매트리스","https://rentre.kr/product/1600006940/%EB%84%A4%EC%8A%A4%ED%8A%B8%EB%9D%BC-%EB%A0%88%EC%8A%A4%ED%8A%B8-%EB%A7%A4%ED%8A%B8%EB%A6%AC%EC%8A%A4-%EC%8A%88%ED%8D%BC%EC%8B%B1%EA%B8%80(SS)"
"matched","coway-cmss-sp01sc","코웨이","CMSS-SP01SC","코웨이","CMSS-SP01SC","매트리스","https://rentre.kr/product/1522012405/BEREX-%EC%8B%9C%EA%B7%B8%EB%8B%88%EC%B2%98-%EC%BB%B4%ED%8F%AC%ED%8A%B8-%EB%A7%A4%ED%8A%B8%EB%A6%AC%EC%8A%A4-%EC%8A%88%ED%8D%BC%EC%8B%B1%EA%B8%80(SS)"
"matched","chungho-네스티지-매트리스-q","청호나이스","네스티지 매트리스 Q","청호나이스","청호 스프링에어 탑퍼분리 매트리스 로얄스위트 Q","매트리스","https://rentre.kr/product/1522010297/%EB%A1%9C%EC%96%84%EC%8A%A4%EC%9C%84%ED%8A%B8-%ED%83%91%ED%8D%BC%EB%B6%84%EB%A6%AC-%EB%A7%A4%ED%8A%B8%EB%A6%AC%EC%8A%A4-%ED%80%B8(Q)"
"matched","chungho-듀얼-드림-매트리스-q","청호나이스","듀얼 드림 매트리스 Q","청호나이스","청호 스프링에어 탑퍼분리 매트리스 로얄스위트 Q","매트리스","https://rentre.kr/product/1522010297/%EB%A1%9C%EC%96%84%EC%8A%A4%EC%9C%84%ED%8A%B8-%ED%83%91%ED%8D%BC%EB%B6%84%EB%A6%AC-%EB%A7%A4%ED%8A%B8%EB%A6%AC%EC%8A%A4-%ED%80%B8(Q)"
"matched","chungho-듀얼-드림-온열-매트리스-q","청호나이스","듀얼 드림 온열 매트리스 Q","청호나이스","청호 스프링에어 탑퍼분리 매트리스 로얄스위트 Q","매트리스","https://rentre.kr/product/1522010297/%EB%A1%9C%EC%96%84%EC%8A%A4%EC%9C%84%ED%8A%B8-%ED%83%91%ED%8D%BC%EB%B6%84%EB%A6%AC-%EB%A7%A4%ED%8A%B8%EB%A6%AC%EC%8A%A4-%ED%80%B8(Q)"
"matched","chungho-듀얼-코지-매트리스-q","청호나이스","듀얼 코지 매트리스 Q","청호나이스","청호 스프링에어 탑퍼분리 매트리스 로얄스위트 Q","매트리스","https://rentre.kr/product/1522010297/%EB%A1%9C%EC%96%84%EC%8A%A4%EC%9C%84%ED%8A%B8-%ED%83%91%ED%8D%BC%EB%B6%84%EB%A6%AC-%EB%A7%A4%ED%8A%B8%EB%A6%AC%EC%8A%A4-%ED%80%B8(Q)"
"matched","chungho-듀얼-코지-온열-매트리스-q","청호나이스","듀얼 코지 온열 매트리스 Q","청호나이스","청호 스프링에어 탑퍼분리 매트리스 로얄스위트 Q","매트리스","https://rentre.kr/product/1522010297/%EB%A1%9C%EC%96%84%EC%8A%A4%EC%9C%84%ED%8A%B8-%ED%83%91%ED%8D%BC%EB%B6%84%EB%A6%AC-%EB%A7%A4%ED%8A%B8%EB%A6%AC%EC%8A%A4-%ED%80%B8(Q)"
"matched","chungho-로얄스위트-프라임-매트리스-q","청호나이스","로얄스위트 프라임 매트리스 Q","청호나이스","청호 스프링에어 탑퍼분리 매트리스 로얄스위트 Q","매트리스","https://rentre.kr/product/1522010297/%EB%A1%9C%EC%96%84%EC%8A%A4%EC%9C%84%ED%8A%B8-%ED%83%91%ED%8D%BC%EB%B6%84%EB%A6%AC-%EB%A7%A4%ED%8A%B8%EB%A6%AC%EC%8A%A4-%ED%80%B8(Q)"
"matched","chungho-멜로우-드림-매트리스-q","청호나이스","멜로우 드림 매트리스 Q","청호나이스","청호 스프링에어 탑퍼분리 매트리스 로얄스위트 Q","매트리스","https://rentre.kr/product/1522010297/%EB%A1%9C%EC%96%84%EC%8A%A4%EC%9C%84%ED%8A%B8-%ED%83%91%ED%8D%BC%EB%B6%84%EB%A6%AC-%EB%A7%A4%ED%8A%B8%EB%A6%AC%EC%8A%A4-%ED%80%B8(Q)"
"matched","chungho-스프링에어-파운데이션-q","청호나이스","스프링에어 파운데이션 Q","청호나이스","청호 스프링에어 탑퍼분리 매트리스 로얄스위트 Q","매트리스","https://rentre.kr/product/1522010297/%EB%A1%9C%EC%96%84%EC%8A%A4%EC%9C%84%ED%8A%B8-%ED%83%91%ED%8D%BC%EB%B6%84%EB%A6%AC-%EB%A7%A4%ED%8A%B8%EB%A6%AC%EC%8A%A4-%ED%80%B8(Q)"
"matched","chungho-온리-드림-매트리스-q","청호나이스","온리 드림 매트리스 Q","청호나이스","청호 스프링에어 탑퍼분리 매트리스 로얄스위트 Q","매트리스","https://rentre.kr/product/1522010297/%EB%A1%9C%EC%96%84%EC%8A%A4%EC%9C%84%ED%8A%B8-%ED%83%91%ED%8D%BC%EB%B6%84%EB%A6%AC-%EB%A7%A4%ED%8A%B8%EB%A6%AC%EC%8A%A4-%ED%80%B8(Q)"
"matched","chungho-클린핏-q","청호나이스","클린핏 Q","청호나이스","청호 스프링에어 탑퍼분리 매트리스 로얄스위트 Q","매트리스","https://rentre.kr/product/1522010297/%EB%A1%9C%EC%96%84%EC%8A%A4%EC%9C%84%ED%8A%B8-%ED%83%91%ED%8D%BC%EB%B6%84%EB%A6%AC-%EB%A7%A4%ED%8A%B8%EB%A6%AC%EC%8A%A4-%ED%80%B8(Q)"
"matched","chungho-파운데이션-그레이-웜베이지-샌드베이지-q","청호나이스","파운데이션(그레이,웜베이지,샌드베이지) Q","청호나이스","청호 스프링에어 탑퍼분리 매트리스 로얄스위트 Q","매트리스","https://rentre.kr/product/1522010297/%EB%A1%9C%EC%96%84%EC%8A%A4%EC%9C%84%ED%8A%B8-%ED%83%91%ED%8D%BC%EB%B6%84%EB%A6%AC-%EB%A7%A4%ED%8A%B8%EB%A6%AC%EC%8A%A4-%ED%80%B8(Q)"
"matched","chungho-네스티지-매트리스-ss","청호나이스","네스티지 매트리스 SS","청호나이스","스프링에어 매트리스 러블리드림 SS","매트리스","https://rentre.kr/product/1600001632/%EB%9F%AC%EB%B8%94%EB%A6%AC-%EB%93%9C%EB%A6%BC-%EB%A7%A4%ED%8A%B8%EB%A6%AC%EC%8A%A4-%EC%8A%88%ED%8D%BC%EC%8B%B1%EA%B8%80(SS)"
"matched","chungho-듀얼-드림-매트리스-ss","청호나이스","듀얼 드림 매트리스 SS","청호나이스","스프링에어 매트리스 러블리드림 SS","매트리스","https://rentre.kr/product/1600001632/%EB%9F%AC%EB%B8%94%EB%A6%AC-%EB%93%9C%EB%A6%BC-%EB%A7%A4%ED%8A%B8%EB%A6%AC%EC%8A%A4-%EC%8A%88%ED%8D%BC%EC%8B%B1%EA%B8%80(SS)"
"matched","chungho-듀얼-드림-온열-매트리스-ss","청호나이스","듀얼 드림 온열 매트리스 SS","청호나이스","스프링에어 매트리스 러블리드림 SS","매트리스","https://rentre.kr/product/1600001632/%EB%9F%AC%EB%B8%94%EB%A6%AC-%EB%93%9C%EB%A6%BC-%EB%A7%A4%ED%8A%B8%EB%A6%AC%EC%8A%A4-%EC%8A%88%ED%8D%BC%EC%8B%B1%EA%B8%80(SS)"
"matched","chungho-듀얼-코지-매트리스-ss","청호나이스","듀얼 코지 매트리스 SS","청호나이스","스프링에어 매트리스 러블리드림 SS","매트리스","https://rentre.kr/product/1600001632/%EB%9F%AC%EB%B8%94%EB%A6%AC-%EB%93%9C%EB%A6%BC-%EB%A7%A4%ED%8A%B8%EB%A6%AC%EC%8A%A4-%EC%8A%88%ED%8D%BC%EC%8B%B1%EA%B8%80(SS)"
"matched","chungho-듀얼-코지-온열-매트리스-ss","청호나이스","듀얼 코지 온열 매트리스 SS","청호나이스","스프링에어 매트리스 러블리드림 SS","매트리스","https://rentre.kr/product/1600001632/%EB%9F%AC%EB%B8%94%EB%A6%AC-%EB%93%9C%EB%A6%BC-%EB%A7%A4%ED%8A%B8%EB%A6%AC%EC%8A%A4-%EC%8A%88%ED%8D%BC%EC%8B%B1%EA%B8%80(SS)"
"matched","chungho-로얄스위트-프라임-매트리스-ss","청호나이스","로얄스위트 프라임 매트리스 SS","청호나이스","스프링에어 매트리스 러블리드림 SS","매트리스","https://rentre.kr/product/1600001632/%EB%9F%AC%EB%B8%94%EB%A6%AC-%EB%93%9C%EB%A6%BC-%EB%A7%A4%ED%8A%B8%EB%A6%AC%EC%8A%A4-%EC%8A%88%ED%8D%BC%EC%8B%B1%EA%B8%80(SS)"
"matched","chungho-멜로우-드림-매트리스-ss","청호나이스","멜로우 드림 매트리스 SS","청호나이스","스프링에어 매트리스 러블리드림 SS","매트리스","https://rentre.kr/product/1600001632/%EB%9F%AC%EB%B8%94%EB%A6%AC-%EB%93%9C%EB%A6%BC-%EB%A7%A4%ED%8A%B8%EB%A6%AC%EC%8A%A4-%EC%8A%88%ED%8D%BC%EC%8B%B1%EA%B8%80(SS)"
"matched","chungho-스프링에어-파운데이션-ss","청호나이스","스프링에어 파운데이션 SS","청호나이스","스프링에어 매트리스 러블리드림 SS","매트리스","https://rentre.kr/product/1600001632/%EB%9F%AC%EB%B8%94%EB%A6%AC-%EB%93%9C%EB%A6%BC-%EB%A7%A4%ED%8A%B8%EB%A6%AC%EC%8A%A4-%EC%8A%88%ED%8D%BC%EC%8B%B1%EA%B8%80(SS)"
"matched","chungho-온리-드림-매트리스-ss","청호나이스","온리 드림 매트리스 SS","청호나이스","스프링에어 매트리스 러블리드림 SS","매트리스","https://rentre.kr/product/1600001632/%EB%9F%AC%EB%B8%94%EB%A6%AC-%EB%93%9C%EB%A6%BC-%EB%A7%A4%ED%8A%B8%EB%A6%AC%EC%8A%A4-%EC%8A%88%ED%8D%BC%EC%8B%B1%EA%B8%80(SS)"
"matched","chungho-클린핏-ss","청호나이스","클린핏 SS","청호나이스","스프링에어 매트리스 러블리드림 SS","매트리스","https://rentre.kr/product/1600001632/%EB%9F%AC%EB%B8%94%EB%A6%AC-%EB%93%9C%EB%A6%BC-%EB%A7%A4%ED%8A%B8%EB%A6%AC%EC%8A%A4-%EC%8A%88%ED%8D%BC%EC%8B%B1%EA%B8%80(SS)"
"matched","chungho-파운데이션-그레이-웜베이지-샌드베이지-ss","청호나이스","파운데이션(그레이,웜베이지,샌드베이지) SS","청호나이스","스프링에어 매트리스 러블리드림 SS","매트리스","https://rentre.kr/product/1600001632/%EB%9F%AC%EB%B8%94%EB%A6%AC-%EB%93%9C%EB%A6%BC-%EB%A7%A4%ED%8A%B8%EB%A6%AC%EC%8A%A4-%EC%8A%88%ED%8D%BC%EC%8B%B1%EA%B8%80(SS)"
"unmatched_remote","","","","SK매직","MATQM730RZOM","매트리스","https://rentre.kr/product/1600006292/%EC%9B%8C%EC%BB%A4%ED%9E%90-%EC%8A%A4%ED%83%A0%EB%8B%A4%EB%93%9C-%EB%A7%A4%ED%8A%B8%EB%A6%AC%EC%8A%A4-%ED%80%B8(Q)"
"unmatched_remote","","","","현대큐밍","HQMA30Q40F","매트리스","https://rentre.kr/product/1600006941/%EB%84%A4%EC%8A%A4%ED%8A%B8%EB%9D%BC-%EB%A0%88%EC%8A%A4%ED%8A%B8-%EB%A7%A4%ED%8A%B8%EB%A6%AC%EC%8A%A4-%ED%80%B8(Q)"
"matched","chungho-네스티지-매트리스-lk","청호나이스","네스티지 매트리스 LK","청호나이스","듀얼 드림 매트리스 라지킹(LK)","매트리스","https://rentre.kr/product/1600006144/%EB%93%80%EC%96%BC-%EB%93%9C%EB%A6%BC-%EB%A7%A4%ED%8A%B8%EB%A6%AC%EC%8A%A4-%EB%9D%BC%EC%A7%80%ED%82%B9(LK)"
"matched","chungho-듀얼-드림-매트리스-lk","청호나이스","듀얼 드림 매트리스 LK","청호나이스","듀얼 드림 매트리스 라지킹(LK)","매트리스","https://rentre.kr/product/1600006144/%EB%93%80%EC%96%BC-%EB%93%9C%EB%A6%BC-%EB%A7%A4%ED%8A%B8%EB%A6%AC%EC%8A%A4-%EB%9D%BC%EC%A7%80%ED%82%B9(LK)"
"matched","chungho-듀얼-드림-온열-매트리스-lk","청호나이스","듀얼 드림 온열 매트리스 LK","청호나이스","듀얼 드림 매트리스 라지킹(LK)","매트리스","https://rentre.kr/product/1600006144/%EB%93%80%EC%96%BC-%EB%93%9C%EB%A6%BC-%EB%A7%A4%ED%8A%B8%EB%A6%AC%EC%8A%A4-%EB%9D%BC%EC%A7%80%ED%82%B9(LK)"
"matched","chungho-듀얼-코지-매트리스-lk","청호나이스","듀얼 코지 매트리스 LK","청호나이스","듀얼 드림 매트리스 라지킹(LK)","매트리스","https://rentre.kr/product/1600006144/%EB%93%80%EC%96%BC-%EB%93%9C%EB%A6%BC-%EB%A7%A4%ED%8A%B8%EB%A6%AC%EC%8A%A4-%EB%9D%BC%EC%A7%80%ED%82%B9(LK)"
"matched","chungho-듀얼-코지-온열-매트리스-lk","청호나이스","듀얼 코지 온열 매트리스 LK","청호나이스","듀얼 드림 매트리스 라지킹(LK)","매트리스","https://rentre.kr/product/1600006144/%EB%93%80%EC%96%BC-%EB%93%9C%EB%A6%BC-%EB%A7%A4%ED%8A%B8%EB%A6%AC%EC%8A%A4-%EB%9D%BC%EC%A7%80%ED%82%B9(LK)"
"matched","chungho-로얄스위트-프라임-매트리스-lk","청호나이스","로얄스위트 프라임 매트리스 LK","청호나이스","듀얼 드림 매트리스 라지킹(LK)","매트리스","https://rentre.kr/product/1600006144/%EB%93%80%EC%96%BC-%EB%93%9C%EB%A6%BC-%EB%A7%A4%ED%8A%B8%EB%A6%AC%EC%8A%A4-%EB%9D%BC%EC%A7%80%ED%82%B9(LK)"
"matched","chungho-멜로우-드림-매트리스-lk","청호나이스","멜로우 드림 매트리스 LK","청호나이스","듀얼 드림 매트리스 라지킹(LK)","매트리스","https://rentre.kr/product/1600006144/%EB%93%80%EC%96%BC-%EB%93%9C%EB%A6%BC-%EB%A7%A4%ED%8A%B8%EB%A6%AC%EC%8A%A4-%EB%9D%BC%EC%A7%80%ED%82%B9(LK)"
"matched","chungho-파운데이션-그레이-웜베이지-샌드베이지-lk","청호나이스","파운데이션(그레이,웜베이지,샌드베이지) LK","청호나이스","듀얼 드림 매트리스 라지킹(LK)","매트리스","https://rentre.kr/product/1600006144/%EB%93%80%EC%96%BC-%EB%93%9C%EB%A6%BC-%EB%A7%A4%ED%8A%B8%EB%A6%AC%EC%8A%A4-%EB%9D%BC%EC%A7%80%ED%82%B9(LK)"
"unmatched_remote","","","","SK매직","MATSM730RZOM","매트리스","https://rentre.kr/product/1600006291/%EC%9B%8C%EC%BB%A4%ED%9E%90-%EC%8A%A4%ED%83%A0%EB%8B%A4%EB%93%9C-%EB%A7%A4%ED%8A%B8%EB%A6%AC%EC%8A%A4-%EC%8A%88%ED%8D%BC%EC%8B%B1%EA%B8%80(SS)"
"matched","chungho-네스티지-매트리스-ss","청호나이스","네스티지 매트리스 SS","청호나이스","스프링에어 파운데이션 슈퍼싱글(SS)","매트리스","https://rentre.kr/product/1522013445/%EC%8A%A4%ED%94%84%EB%A7%81%EC%97%90%EC%96%B4-%ED%8C%8C%EC%9A%B4%EB%8D%B0%EC%9D%B4%EC%85%98-%EC%8A%88%ED%8D%BC%EC%8B%B1%EA%B8%80(SS)"
"matched","chungho-듀얼-드림-매트리스-ss","청호나이스","듀얼 드림 매트리스 SS","청호나이스","스프링에어 파운데이션 슈퍼싱글(SS)","매트리스","https://rentre.kr/product/1522013445/%EC%8A%A4%ED%94%84%EB%A7%81%EC%97%90%EC%96%B4-%ED%8C%8C%EC%9A%B4%EB%8D%B0%EC%9D%B4%EC%85%98-%EC%8A%88%ED%8D%BC%EC%8B%B1%EA%B8%80(SS)"
"matched","chungho-듀얼-드림-온열-매트리스-ss","청호나이스","듀얼 드림 온열 매트리스 SS","청호나이스","스프링에어 파운데이션 슈퍼싱글(SS)","매트리스","https://rentre.kr/product/1522013445/%EC%8A%A4%ED%94%84%EB%A7%81%EC%97%90%EC%96%B4-%ED%8C%8C%EC%9A%B4%EB%8D%B0%EC%9D%B4%EC%85%98-%EC%8A%88%ED%8D%BC%EC%8B%B1%EA%B8%80(SS)"
"matched","chungho-듀얼-코지-매트리스-ss","청호나이스","듀얼 코지 매트리스 SS","청호나이스","스프링에어 파운데이션 슈퍼싱글(SS)","매트리스","https://rentre.kr/product/1522013445/%EC%8A%A4%ED%94%84%EB%A7%81%EC%97%90%EC%96%B4-%ED%8C%8C%EC%9A%B4%EB%8D%B0%EC%9D%B4%EC%85%98-%EC%8A%88%ED%8D%BC%EC%8B%B1%EA%B8%80(SS)"
"matched","chungho-듀얼-코지-온열-매트리스-ss","청호나이스","듀얼 코지 온열 매트리스 SS","청호나이스","스프링에어 파운데이션 슈퍼싱글(SS)","매트리스","https://rentre.kr/product/1522013445/%EC%8A%A4%ED%94%84%EB%A7%81%EC%97%90%EC%96%B4-%ED%8C%8C%EC%9A%B4%EB%8D%B0%EC%9D%B4%EC%85%98-%EC%8A%88%ED%8D%BC%EC%8B%B1%EA%B8%80(SS)"
"matched","chungho-로얄스위트-프라임-매트리스-ss","청호나이스","로얄스위트 프라임 매트리스 SS","청호나이스","스프링에어 파운데이션 슈퍼싱글(SS)","매트리스","https://rentre.kr/product/1522013445/%EC%8A%A4%ED%94%84%EB%A7%81%EC%97%90%EC%96%B4-%ED%8C%8C%EC%9A%B4%EB%8D%B0%EC%9D%B4%EC%85%98-%EC%8A%88%ED%8D%BC%EC%8B%B1%EA%B8%80(SS)"
"matched","chungho-멜로우-드림-매트리스-ss","청호나이스","멜로우 드림 매트리스 SS","청호나이스","스프링에어 파운데이션 슈퍼싱글(SS)","매트리스","https://rentre.kr/product/1522013445/%EC%8A%A4%ED%94%84%EB%A7%81%EC%97%90%EC%96%B4-%ED%8C%8C%EC%9A%B4%EB%8D%B0%EC%9D%B4%EC%85%98-%EC%8A%88%ED%8D%BC%EC%8B%B1%EA%B8%80(SS)"
"matched","chungho-스프링에어-파운데이션-ss","청호나이스","스프링에어 파운데이션 SS","청호나이스","스프링에어 파운데이션 슈퍼싱글(SS)","매트리스","https://rentre.kr/product/1522013445/%EC%8A%A4%ED%94%84%EB%A7%81%EC%97%90%EC%96%B4-%ED%8C%8C%EC%9A%B4%EB%8D%B0%EC%9D%B4%EC%85%98-%EC%8A%88%ED%8D%BC%EC%8B%B1%EA%B8%80(SS)"
"matched","chungho-온리-드림-매트리스-ss","청호나이스","온리 드림 매트리스 SS","청호나이스","스프링에어 파운데이션 슈퍼싱글(SS)","매트리스","https://rentre.kr/product/1522013445/%EC%8A%A4%ED%94%84%EB%A7%81%EC%97%90%EC%96%B4-%ED%8C%8C%EC%9A%B4%EB%8D%B0%EC%9D%B4%EC%85%98-%EC%8A%88%ED%8D%BC%EC%8B%B1%EA%B8%80(SS)"
"matched","chungho-클린핏-ss","청호나이스","클린핏 SS","청호나이스","스프링에어 파운데이션 슈퍼싱글(SS)","매트리스","https://rentre.kr/product/1522013445/%EC%8A%A4%ED%94%84%EB%A7%81%EC%97%90%EC%96%B4-%ED%8C%8C%EC%9A%B4%EB%8D%B0%EC%9D%B4%EC%85%98-%EC%8A%88%ED%8D%BC%EC%8B%B1%EA%B8%80(SS)"
"matched","chungho-파운데이션-그레이-웜베이지-샌드베이지-ss","청호나이스","파운데이션(그레이,웜베이지,샌드베이지) SS","청호나이스","스프링에어 파운데이션 슈퍼싱글(SS)","매트리스","https://rentre.kr/product/1522013445/%EC%8A%A4%ED%94%84%EB%A7%81%EC%97%90%EC%96%B4-%ED%8C%8C%EC%9A%B4%EB%8D%B0%EC%9D%B4%EC%85%98-%EC%8A%88%ED%8D%BC%EC%8B%B1%EA%B8%80(SS)"
"unmatched_remote","","","","쿠쿠","CRM-B01HEMK","매트리스","https://rentre.kr/product/1600003444/%EB%A0%88%EC%8A%A4%ED%8B%B0%EB%85%B8-%EB%A7%A4%ED%8A%B8%EB%A6%AC%EC%8A%A4-%EC%9C%A0%EB%A1%9C%ED%83%91-%ED%82%B9(K)-(24%EB%85%84-10%EC%9B%94-%EC%B6%9C%EC%8B%9C)"
"unmatched_remote","","","","현대큐밍","HQMA50Q40F","매트리스","https://rentre.kr/product/1600006944/%EB%84%A4%EC%8A%A4%ED%8A%B8%EB%9D%BC-%EB%85%B8%EB%B0%94-%EB%A7%A4%ED%8A%B8%EB%A6%AC%EC%8A%A4-%ED%80%B8(Q)"
"unmatched_remote","","","","현대큐밍","HQMB50Q40F","매트리스","https://rentre.kr/product/1600006947/%EB%84%A4%EC%8A%A4%ED%8A%B8%EB%9D%BC-%EB%9F%AD%EC%8A%A4-%EB%A7%A4%ED%8A%B8%EB%A6%AC%EC%8A%A4-%ED%80%B8(Q)"
"matched","chungho-네스티지-매트리스-lk","청호나이스","네스티지 매트리스 LK","청호나이스","네스티지 매트리스 라지킹(LK)","매트리스","https://rentre.kr/product/1600007537/%EB%84%A4%EC%8A%A4%ED%8B%B0%EC%A7%80-%EB%A7%A4%ED%8A%B8%EB%A6%AC%EC%8A%A4-%EB%9D%BC%EC%A7%80%ED%82%B9(LK)"
"matched","chungho-듀얼-드림-매트리스-lk","청호나이스","듀얼 드림 매트리스 LK","청호나이스","네스티지 매트리스 라지킹(LK)","매트리스","https://rentre.kr/product/1600007537/%EB%84%A4%EC%8A%A4%ED%8B%B0%EC%A7%80-%EB%A7%A4%ED%8A%B8%EB%A6%AC%EC%8A%A4-%EB%9D%BC%EC%A7%80%ED%82%B9(LK)"
"matched","chungho-듀얼-드림-온열-매트리스-lk","청호나이스","듀얼 드림 온열 매트리스 LK","청호나이스","네스티지 매트리스 라지킹(LK)","매트리스","https://rentre.kr/product/1600007537/%EB%84%A4%EC%8A%A4%ED%8B%B0%EC%A7%80-%EB%A7%A4%ED%8A%B8%EB%A6%AC%EC%8A%A4-%EB%9D%BC%EC%A7%80%ED%82%B9(LK)"
"matched","chungho-듀얼-코지-매트리스-lk","청호나이스","듀얼 코지 매트리스 LK","청호나이스","네스티지 매트리스 라지킹(LK)","매트리스","https://rentre.kr/product/1600007537/%EB%84%A4%EC%8A%A4%ED%8B%B0%EC%A7%80-%EB%A7%A4%ED%8A%B8%EB%A6%AC%EC%8A%A4-%EB%9D%BC%EC%A7%80%ED%82%B9(LK)"
"matched","chungho-듀얼-코지-온열-매트리스-lk","청호나이스","듀얼 코지 온열 매트리스 LK","청호나이스","네스티지 매트리스 라지킹(LK)","매트리스","https://rentre.kr/product/1600007537/%EB%84%A4%EC%8A%A4%ED%8B%B0%EC%A7%80-%EB%A7%A4%ED%8A%B8%EB%A6%AC%EC%8A%A4-%EB%9D%BC%EC%A7%80%ED%82%B9(LK)"
"matched","chungho-로얄스위트-프라임-매트리스-lk","청호나이스","로얄스위트 프라임 매트리스 LK","청호나이스","네스티지 매트리스 라지킹(LK)","매트리스","https://rentre.kr/product/1600007537/%EB%84%A4%EC%8A%A4%ED%8B%B0%EC%A7%80-%EB%A7%A4%ED%8A%B8%EB%A6%AC%EC%8A%A4-%EB%9D%BC%EC%A7%80%ED%82%B9(LK)"
"matched","chungho-멜로우-드림-매트리스-lk","청호나이스","멜로우 드림 매트리스 LK","청호나이스","네스티지 매트리스 라지킹(LK)","매트리스","https://rentre.kr/product/1600007537/%EB%84%A4%EC%8A%A4%ED%8B%B0%EC%A7%80-%EB%A7%A4%ED%8A%B8%EB%A6%AC%EC%8A%A4-%EB%9D%BC%EC%A7%80%ED%82%B9(LK)"
"matched","chungho-파운데이션-그레이-웜베이지-샌드베이지-lk","청호나이스","파운데이션(그레이,웜베이지,샌드베이지) LK","청호나이스","네스티지 매트리스 라지킹(LK)","매트리스","https://rentre.kr/product/1600007537/%EB%84%A4%EC%8A%A4%ED%8B%B0%EC%A7%80-%EB%A7%A4%ED%8A%B8%EB%A6%AC%EC%8A%A4-%EB%9D%BC%EC%A7%80%ED%82%B9(LK)"
"matched","coway-cmk-sl01","코웨이","CMK-SL01","코웨이","CMK-SL01","매트리스","https://rentre.kr/product/1522010250/BEREX-%ED%83%91%ED%8D%BC%EA%B5%90%EC%B2%B4-%EB%A7%A4%ED%8A%B8%EB%A6%AC%EC%8A%A4-%EB%8D%94%EB%B8%94%EC%B2%B4%EC%9D%B8%EC%A7%80-%ED%82%B9(K)"
"matched","chungho-네스티지-매트리스-k","청호나이스","네스티지 매트리스 K","청호나이스","스프링에어 파운데이션 킹(K)","매트리스","https://rentre.kr/product/1522013449/%EC%8A%A4%ED%94%84%EB%A7%81%EC%97%90%EC%96%B4-%ED%8C%8C%EC%9A%B4%EB%8D%B0%EC%9D%B4%EC%85%98-%ED%82%B9(K)"
"matched","chungho-듀얼-드림-매트리스-k","청호나이스","듀얼 드림 매트리스 K","청호나이스","스프링에어 파운데이션 킹(K)","매트리스","https://rentre.kr/product/1522013449/%EC%8A%A4%ED%94%84%EB%A7%81%EC%97%90%EC%96%B4-%ED%8C%8C%EC%9A%B4%EB%8D%B0%EC%9D%B4%EC%85%98-%ED%82%B9(K)"
"matched","chungho-듀얼-드림-온열-매트리스-k","청호나이스","듀얼 드림 온열 매트리스 K","청호나이스","스프링에어 파운데이션 킹(K)","매트리스","https://rentre.kr/product/1522013449/%EC%8A%A4%ED%94%84%EB%A7%81%EC%97%90%EC%96%B4-%ED%8C%8C%EC%9A%B4%EB%8D%B0%EC%9D%B4%EC%85%98-%ED%82%B9(K)"
"matched","chungho-듀얼-코지-매트리스-k","청호나이스","듀얼 코지 매트리스 K","청호나이스","스프링에어 파운데이션 킹(K)","매트리스","https://rentre.kr/product/1522013449/%EC%8A%A4%ED%94%84%EB%A7%81%EC%97%90%EC%96%B4-%ED%8C%8C%EC%9A%B4%EB%8D%B0%EC%9D%B4%EC%85%98-%ED%82%B9(K)"
"matched","chungho-듀얼-코지-온열-매트리스-k","청호나이스","듀얼 코지 온열 매트리스 K","청호나이스","스프링에어 파운데이션 킹(K)","매트리스","https://rentre.kr/product/1522013449/%EC%8A%A4%ED%94%84%EB%A7%81%EC%97%90%EC%96%B4-%ED%8C%8C%EC%9A%B4%EB%8D%B0%EC%9D%B4%EC%85%98-%ED%82%B9(K)"
"matched","chungho-로얄스위트-프라임-매트리스-k","청호나이스","로얄스위트 프라임 매트리스 K","청호나이스","스프링에어 파운데이션 킹(K)","매트리스","https://rentre.kr/product/1522013449/%EC%8A%A4%ED%94%84%EB%A7%81%EC%97%90%EC%96%B4-%ED%8C%8C%EC%9A%B4%EB%8D%B0%EC%9D%B4%EC%85%98-%ED%82%B9(K)"
"matched","chungho-멜로우-드림-매트리스-k","청호나이스","멜로우 드림 매트리스 K","청호나이스","스프링에어 파운데이션 킹(K)","매트리스","https://rentre.kr/product/1522013449/%EC%8A%A4%ED%94%84%EB%A7%81%EC%97%90%EC%96%B4-%ED%8C%8C%EC%9A%B4%EB%8D%B0%EC%9D%B4%EC%85%98-%ED%82%B9(K)"
"matched","chungho-스프링에어-파운데이션-k","청호나이스","스프링에어 파운데이션 K","청호나이스","스프링에어 파운데이션 킹(K)","매트리스","https://rentre.kr/product/1522013449/%EC%8A%A4%ED%94%84%EB%A7%81%EC%97%90%EC%96%B4-%ED%8C%8C%EC%9A%B4%EB%8D%B0%EC%9D%B4%EC%85%98-%ED%82%B9(K)"
"matched","chungho-클린핏-k","청호나이스","클린핏 K","청호나이스","스프링에어 파운데이션 킹(K)","매트리스","https://rentre.kr/product/1522013449/%EC%8A%A4%ED%94%84%EB%A7%81%EC%97%90%EC%96%B4-%ED%8C%8C%EC%9A%B4%EB%8D%B0%EC%9D%B4%EC%85%98-%ED%82%B9(K)"
"matched","chungho-파운데이션-그레이-웜베이지-샌드베이지-k","청호나이스","파운데이션(그레이,웜베이지,샌드베이지) K","청호나이스","스프링에어 파운데이션 킹(K)","매트리스","https://rentre.kr/product/1522013449/%EC%8A%A4%ED%94%84%EB%A7%81%EC%97%90%EC%96%B4-%ED%8C%8C%EC%9A%B4%EB%8D%B0%EC%9D%B4%EC%85%98-%ED%82%B9(K)"
"matched","chungho-네스티지-매트리스-q","청호나이스","네스티지 매트리스 Q","청호나이스","온리 드림 매트리스 퀸(Q)","매트리스","https://rentre.kr/product/1600006133/%EC%98%A8%EB%A6%AC-%EB%93%9C%EB%A6%BC-%EB%A7%A4%ED%8A%B8%EB%A6%AC%EC%8A%A4-%ED%80%B8(Q)"
"matched","chungho-듀얼-드림-매트리스-q","청호나이스","듀얼 드림 매트리스 Q","청호나이스","온리 드림 매트리스 퀸(Q)","매트리스","https://rentre.kr/product/1600006133/%EC%98%A8%EB%A6%AC-%EB%93%9C%EB%A6%BC-%EB%A7%A4%ED%8A%B8%EB%A6%AC%EC%8A%A4-%ED%80%B8(Q)"
"matched","chungho-듀얼-드림-온열-매트리스-q","청호나이스","듀얼 드림 온열 매트리스 Q","청호나이스","온리 드림 매트리스 퀸(Q)","매트리스","https://rentre.kr/product/1600006133/%EC%98%A8%EB%A6%AC-%EB%93%9C%EB%A6%BC-%EB%A7%A4%ED%8A%B8%EB%A6%AC%EC%8A%A4-%ED%80%B8(Q)"
"matched","chungho-듀얼-코지-매트리스-q","청호나이스","듀얼 코지 매트리스 Q","청호나이스","온리 드림 매트리스 퀸(Q)","매트리스","https://rentre.kr/product/1600006133/%EC%98%A8%EB%A6%AC-%EB%93%9C%EB%A6%BC-%EB%A7%A4%ED%8A%B8%EB%A6%AC%EC%8A%A4-%ED%80%B8(Q)"
"matched","chungho-듀얼-코지-온열-매트리스-q","청호나이스","듀얼 코지 온열 매트리스 Q","청호나이스","온리 드림 매트리스 퀸(Q)","매트리스","https://rentre.kr/product/1600006133/%EC%98%A8%EB%A6%AC-%EB%93%9C%EB%A6%BC-%EB%A7%A4%ED%8A%B8%EB%A6%AC%EC%8A%A4-%ED%80%B8(Q)"
"matched","chungho-로얄스위트-프라임-매트리스-q","청호나이스","로얄스위트 프라임 매트리스 Q","청호나이스","온리 드림 매트리스 퀸(Q)","매트리스","https://rentre.kr/product/1600006133/%EC%98%A8%EB%A6%AC-%EB%93%9C%EB%A6%BC-%EB%A7%A4%ED%8A%B8%EB%A6%AC%EC%8A%A4-%ED%80%B8(Q)"
"matched","chungho-멜로우-드림-매트리스-q","청호나이스","멜로우 드림 매트리스 Q","청호나이스","온리 드림 매트리스 퀸(Q)","매트리스","https://rentre.kr/product/1600006133/%EC%98%A8%EB%A6%AC-%EB%93%9C%EB%A6%BC-%EB%A7%A4%ED%8A%B8%EB%A6%AC%EC%8A%A4-%ED%80%B8(Q)"
"matched","chungho-스프링에어-파운데이션-q","청호나이스","스프링에어 파운데이션 Q","청호나이스","온리 드림 매트리스 퀸(Q)","매트리스","https://rentre.kr/product/1600006133/%EC%98%A8%EB%A6%AC-%EB%93%9C%EB%A6%BC-%EB%A7%A4%ED%8A%B8%EB%A6%AC%EC%8A%A4-%ED%80%B8(Q)"
"matched","chungho-온리-드림-매트리스-q","청호나이스","온리 드림 매트리스 Q","청호나이스","온리 드림 매트리스 퀸(Q)","매트리스","https://rentre.kr/product/1600006133/%EC%98%A8%EB%A6%AC-%EB%93%9C%EB%A6%BC-%EB%A7%A4%ED%8A%B8%EB%A6%AC%EC%8A%A4-%ED%80%B8(Q)"
"matched","chungho-클린핏-q","청호나이스","클린핏 Q","청호나이스","온리 드림 매트리스 퀸(Q)","매트리스","https://rentre.kr/product/1600006133/%EC%98%A8%EB%A6%AC-%EB%93%9C%EB%A6%BC-%EB%A7%A4%ED%8A%B8%EB%A6%AC%EC%8A%A4-%ED%80%B8(Q)"
"matched","chungho-파운데이션-그레이-웜베이지-샌드베이지-q","청호나이스","파운데이션(그레이,웜베이지,샌드베이지) Q","청호나이스","온리 드림 매트리스 퀸(Q)","매트리스","https://rentre.kr/product/1600006133/%EC%98%A8%EB%A6%AC-%EB%93%9C%EB%A6%BC-%EB%A7%A4%ED%8A%B8%EB%A6%AC%EC%8A%A4-%ED%80%B8(Q)"
"matched","chungho-william-j-매트리스-k","청호나이스","William J 매트리스 K","청호나이스","William J 매트리스 킹(K)","매트리스","https://rentre.kr/product/1600006139/William-J-%EB%A7%A4%ED%8A%B8%EB%A6%AC%EC%8A%A4-%ED%82%B9(K)"
"matched","chungho-네스티지-매트리스-k","청호나이스","네스티지 매트리스 K","청호나이스","듀얼 드림 매트리스 킹(K)","매트리스","https://rentre.kr/product/1600006145/%EB%93%80%EC%96%BC-%EB%93%9C%EB%A6%BC-%EB%A7%A4%ED%8A%B8%EB%A6%AC%EC%8A%A4-%ED%82%B9(K)"
"matched","chungho-듀얼-드림-매트리스-k","청호나이스","듀얼 드림 매트리스 K","청호나이스","듀얼 드림 매트리스 킹(K)","매트리스","https://rentre.kr/product/1600006145/%EB%93%80%EC%96%BC-%EB%93%9C%EB%A6%BC-%EB%A7%A4%ED%8A%B8%EB%A6%AC%EC%8A%A4-%ED%82%B9(K)"
"matched","chungho-듀얼-드림-온열-매트리스-k","청호나이스","듀얼 드림 온열 매트리스 K","청호나이스","듀얼 드림 매트리스 킹(K)","매트리스","https://rentre.kr/product/1600006145/%EB%93%80%EC%96%BC-%EB%93%9C%EB%A6%BC-%EB%A7%A4%ED%8A%B8%EB%A6%AC%EC%8A%A4-%ED%82%B9(K)"
"matched","chungho-듀얼-코지-매트리스-k","청호나이스","듀얼 코지 매트리스 K","청호나이스","듀얼 드림 매트리스 킹(K)","매트리스","https://rentre.kr/product/1600006145/%EB%93%80%EC%96%BC-%EB%93%9C%EB%A6%BC-%EB%A7%A4%ED%8A%B8%EB%A6%AC%EC%8A%A4-%ED%82%B9(K)"
"matched","chungho-듀얼-코지-온열-매트리스-k","청호나이스","듀얼 코지 온열 매트리스 K","청호나이스","듀얼 드림 매트리스 킹(K)","매트리스","https://rentre.kr/product/1600006145/%EB%93%80%EC%96%BC-%EB%93%9C%EB%A6%BC-%EB%A7%A4%ED%8A%B8%EB%A6%AC%EC%8A%A4-%ED%82%B9(K)"
"matched","chungho-로얄스위트-프라임-매트리스-k","청호나이스","로얄스위트 프라임 매트리스 K","청호나이스","듀얼 드림 매트리스 킹(K)","매트리스","https://rentre.kr/product/1600006145/%EB%93%80%EC%96%BC-%EB%93%9C%EB%A6%BC-%EB%A7%A4%ED%8A%B8%EB%A6%AC%EC%8A%A4-%ED%82%B9(K)"
"matched","chungho-멜로우-드림-매트리스-k","청호나이스","멜로우 드림 매트리스 K","청호나이스","듀얼 드림 매트리스 킹(K)","매트리스","https://rentre.kr/product/1600006145/%EB%93%80%EC%96%BC-%EB%93%9C%EB%A6%BC-%EB%A7%A4%ED%8A%B8%EB%A6%AC%EC%8A%A4-%ED%82%B9(K)"
"matched","chungho-스프링에어-파운데이션-k","청호나이스","스프링에어 파운데이션 K","청호나이스","듀얼 드림 매트리스 킹(K)","매트리스","https://rentre.kr/product/1600006145/%EB%93%80%EC%96%BC-%EB%93%9C%EB%A6%BC-%EB%A7%A4%ED%8A%B8%EB%A6%AC%EC%8A%A4-%ED%82%B9(K)"
"matched","chungho-클린핏-k","청호나이스","클린핏 K","청호나이스","듀얼 드림 매트리스 킹(K)","매트리스","https://rentre.kr/product/1600006145/%EB%93%80%EC%96%BC-%EB%93%9C%EB%A6%BC-%EB%A7%A4%ED%8A%B8%EB%A6%AC%EC%8A%A4-%ED%82%B9(K)"
"matched","chungho-파운데이션-그레이-웜베이지-샌드베이지-k","청호나이스","파운데이션(그레이,웜베이지,샌드베이지) K","청호나이스","듀얼 드림 매트리스 킹(K)","매트리스","https://rentre.kr/product/1600006145/%EB%93%80%EC%96%BC-%EB%93%9C%EB%A6%BC-%EB%A7%A4%ED%8A%B8%EB%A6%AC%EC%8A%A4-%ED%82%B9(K)"
"matched","chungho-네스티지-매트리스-q","청호나이스","네스티지 매트리스 Q","청호나이스","듀얼 드림 매트리스 퀸(Q)","매트리스","https://rentre.kr/product/1600006146/%EB%93%80%EC%96%BC-%EB%93%9C%EB%A6%BC-%EB%A7%A4%ED%8A%B8%EB%A6%AC%EC%8A%A4-%ED%80%B8(Q)"
"matched","chungho-듀얼-드림-매트리스-q","청호나이스","듀얼 드림 매트리스 Q","청호나이스","듀얼 드림 매트리스 퀸(Q)","매트리스","https://rentre.kr/product/1600006146/%EB%93%80%EC%96%BC-%EB%93%9C%EB%A6%BC-%EB%A7%A4%ED%8A%B8%EB%A6%AC%EC%8A%A4-%ED%80%B8(Q)"
"matched","chungho-듀얼-드림-온열-매트리스-q","청호나이스","듀얼 드림 온열 매트리스 Q","청호나이스","듀얼 드림 매트리스 퀸(Q)","매트리스","https://rentre.kr/product/1600006146/%EB%93%80%EC%96%BC-%EB%93%9C%EB%A6%BC-%EB%A7%A4%ED%8A%B8%EB%A6%AC%EC%8A%A4-%ED%80%B8(Q)"
"matched","chungho-듀얼-코지-매트리스-q","청호나이스","듀얼 코지 매트리스 Q","청호나이스","듀얼 드림 매트리스 퀸(Q)","매트리스","https://rentre.kr/product/1600006146/%EB%93%80%EC%96%BC-%EB%93%9C%EB%A6%BC-%EB%A7%A4%ED%8A%B8%EB%A6%AC%EC%8A%A4-%ED%80%B8(Q)"
"matched","chungho-듀얼-코지-온열-매트리스-q","청호나이스","듀얼 코지 온열 매트리스 Q","청호나이스","듀얼 드림 매트리스 퀸(Q)","매트리스","https://rentre.kr/product/1600006146/%EB%93%80%EC%96%BC-%EB%93%9C%EB%A6%BC-%EB%A7%A4%ED%8A%B8%EB%A6%AC%EC%8A%A4-%ED%80%B8(Q)"
"matched","chungho-로얄스위트-프라임-매트리스-q","청호나이스","로얄스위트 프라임 매트리스 Q","청호나이스","듀얼 드림 매트리스 퀸(Q)","매트리스","https://rentre.kr/product/1600006146/%EB%93%80%EC%96%BC-%EB%93%9C%EB%A6%BC-%EB%A7%A4%ED%8A%B8%EB%A6%AC%EC%8A%A4-%ED%80%B8(Q)"
"matched","chungho-멜로우-드림-매트리스-q","청호나이스","멜로우 드림 매트리스 Q","청호나이스","듀얼 드림 매트리스 퀸(Q)","매트리스","https://rentre.kr/product/1600006146/%EB%93%80%EC%96%BC-%EB%93%9C%EB%A6%BC-%EB%A7%A4%ED%8A%B8%EB%A6%AC%EC%8A%A4-%ED%80%B8(Q)"
"matched","chungho-스프링에어-파운데이션-q","청호나이스","스프링에어 파운데이션 Q","청호나이스","듀얼 드림 매트리스 퀸(Q)","매트리스","https://rentre.kr/product/1600006146/%EB%93%80%EC%96%BC-%EB%93%9C%EB%A6%BC-%EB%A7%A4%ED%8A%B8%EB%A6%AC%EC%8A%A4-%ED%80%B8(Q)"
"matched","chungho-온리-드림-매트리스-q","청호나이스","온리 드림 매트리스 Q","청호나이스","듀얼 드림 매트리스 퀸(Q)","매트리스","https://rentre.kr/product/1600006146/%EB%93%80%EC%96%BC-%EB%93%9C%EB%A6%BC-%EB%A7%A4%ED%8A%B8%EB%A6%AC%EC%8A%A4-%ED%80%B8(Q)"
"matched","chungho-클린핏-q","청호나이스","클린핏 Q","청호나이스","듀얼 드림 매트리스 퀸(Q)","매트리스","https://rentre.kr/product/1600006146/%EB%93%80%EC%96%BC-%EB%93%9C%EB%A6%BC-%EB%A7%A4%ED%8A%B8%EB%A6%AC%EC%8A%A4-%ED%80%B8(Q)"
"matched","chungho-파운데이션-그레이-웜베이지-샌드베이지-q","청호나이스","파운데이션(그레이,웜베이지,샌드베이지) Q","청호나이스","듀얼 드림 매트리스 퀸(Q)","매트리스","https://rentre.kr/product/1600006146/%EB%93%80%EC%96%BC-%EB%93%9C%EB%A6%BC-%EB%A7%A4%ED%8A%B8%EB%A6%AC%EC%8A%A4-%ED%80%B8(Q)"
"matched","chungho-네스티지-매트리스-ss","청호나이스","네스티지 매트리스 SS","청호나이스","듀얼 드림 매트리스 슈퍼싱글(SS)","매트리스","https://rentre.kr/product/1600006147/%EB%93%80%EC%96%BC-%EB%93%9C%EB%A6%BC-%EB%A7%A4%ED%8A%B8%EB%A6%AC%EC%8A%A4-%EC%8A%88%ED%8D%BC%EC%8B%B1%EA%B8%80(SS)"
"matched","chungho-듀얼-드림-매트리스-ss","청호나이스","듀얼 드림 매트리스 SS","청호나이스","듀얼 드림 매트리스 슈퍼싱글(SS)","매트리스","https://rentre.kr/product/1600006147/%EB%93%80%EC%96%BC-%EB%93%9C%EB%A6%BC-%EB%A7%A4%ED%8A%B8%EB%A6%AC%EC%8A%A4-%EC%8A%88%ED%8D%BC%EC%8B%B1%EA%B8%80(SS)"
"matched","chungho-듀얼-드림-온열-매트리스-ss","청호나이스","듀얼 드림 온열 매트리스 SS","청호나이스","듀얼 드림 매트리스 슈퍼싱글(SS)","매트리스","https://rentre.kr/product/1600006147/%EB%93%80%EC%96%BC-%EB%93%9C%EB%A6%BC-%EB%A7%A4%ED%8A%B8%EB%A6%AC%EC%8A%A4-%EC%8A%88%ED%8D%BC%EC%8B%B1%EA%B8%80(SS)"
"matched","chungho-듀얼-코지-매트리스-ss","청호나이스","듀얼 코지 매트리스 SS","청호나이스","듀얼 드림 매트리스 슈퍼싱글(SS)","매트리스","https://rentre.kr/product/1600006147/%EB%93%80%EC%96%BC-%EB%93%9C%EB%A6%BC-%EB%A7%A4%ED%8A%B8%EB%A6%AC%EC%8A%A4-%EC%8A%88%ED%8D%BC%EC%8B%B1%EA%B8%80(SS)"
"matched","chungho-듀얼-코지-온열-매트리스-ss","청호나이스","듀얼 코지 온열 매트리스 SS","청호나이스","듀얼 드림 매트리스 슈퍼싱글(SS)","매트리스","https://rentre.kr/product/1600006147/%EB%93%80%EC%96%BC-%EB%93%9C%EB%A6%BC-%EB%A7%A4%ED%8A%B8%EB%A6%AC%EC%8A%A4-%EC%8A%88%ED%8D%BC%EC%8B%B1%EA%B8%80(SS)"
"matched","chungho-로얄스위트-프라임-매트리스-ss","청호나이스","로얄스위트 프라임 매트리스 SS","청호나이스","듀얼 드림 매트리스 슈퍼싱글(SS)","매트리스","https://rentre.kr/product/1600006147/%EB%93%80%EC%96%BC-%EB%93%9C%EB%A6%BC-%EB%A7%A4%ED%8A%B8%EB%A6%AC%EC%8A%A4-%EC%8A%88%ED%8D%BC%EC%8B%B1%EA%B8%80(SS)"
"matched","chungho-멜로우-드림-매트리스-ss","청호나이스","멜로우 드림 매트리스 SS","청호나이스","듀얼 드림 매트리스 슈퍼싱글(SS)","매트리스","https://rentre.kr/product/1600006147/%EB%93%80%EC%96%BC-%EB%93%9C%EB%A6%BC-%EB%A7%A4%ED%8A%B8%EB%A6%AC%EC%8A%A4-%EC%8A%88%ED%8D%BC%EC%8B%B1%EA%B8%80(SS)"
"matched","chungho-스프링에어-파운데이션-ss","청호나이스","스프링에어 파운데이션 SS","청호나이스","듀얼 드림 매트리스 슈퍼싱글(SS)","매트리스","https://rentre.kr/product/1600006147/%EB%93%80%EC%96%BC-%EB%93%9C%EB%A6%BC-%EB%A7%A4%ED%8A%B8%EB%A6%AC%EC%8A%A4-%EC%8A%88%ED%8D%BC%EC%8B%B1%EA%B8%80(SS)"
"matched","chungho-온리-드림-매트리스-ss","청호나이스","온리 드림 매트리스 SS","청호나이스","듀얼 드림 매트리스 슈퍼싱글(SS)","매트리스","https://rentre.kr/product/1600006147/%EB%93%80%EC%96%BC-%EB%93%9C%EB%A6%BC-%EB%A7%A4%ED%8A%B8%EB%A6%AC%EC%8A%A4-%EC%8A%88%ED%8D%BC%EC%8B%B1%EA%B8%80(SS)"
"matched","chungho-클린핏-ss","청호나이스","클린핏 SS","청호나이스","듀얼 드림 매트리스 슈퍼싱글(SS)","매트리스","https://rentre.kr/product/1600006147/%EB%93%80%EC%96%BC-%EB%93%9C%EB%A6%BC-%EB%A7%A4%ED%8A%B8%EB%A6%AC%EC%8A%A4-%EC%8A%88%ED%8D%BC%EC%8B%B1%EA%B8%80(SS)"
"matched","chungho-파운데이션-그레이-웜베이지-샌드베이지-ss","청호나이스","파운데이션(그레이,웜베이지,샌드베이지) SS","청호나이스","듀얼 드림 매트리스 슈퍼싱글(SS)","매트리스","https://rentre.kr/product/1600006147/%EB%93%80%EC%96%BC-%EB%93%9C%EB%A6%BC-%EB%A7%A4%ED%8A%B8%EB%A6%AC%EC%8A%A4-%EC%8A%88%ED%8D%BC%EC%8B%B1%EA%B8%80(SS)"
"matched","chungho-네스티지-매트리스-ss","청호나이스","네스티지 매트리스 SS","청호나이스","멜로우 드림 매트리스 슈퍼싱글(SS)","매트리스","https://rentre.kr/product/1600007536/%EB%A9%9C%EB%A1%9C%EC%9A%B0-%EB%93%9C%EB%A6%BC-%EB%A7%A4%ED%8A%B8%EB%A6%AC%EC%8A%A4-%EC%8A%88%ED%8D%BC%EC%8B%B1%EA%B8%80(SS)"
"matched","chungho-듀얼-드림-매트리스-ss","청호나이스","듀얼 드림 매트리스 SS","청호나이스","멜로우 드림 매트리스 슈퍼싱글(SS)","매트리스","https://rentre.kr/product/1600007536/%EB%A9%9C%EB%A1%9C%EC%9A%B0-%EB%93%9C%EB%A6%BC-%EB%A7%A4%ED%8A%B8%EB%A6%AC%EC%8A%A4-%EC%8A%88%ED%8D%BC%EC%8B%B1%EA%B8%80(SS)"
"matched","chungho-듀얼-드림-온열-매트리스-ss","청호나이스","듀얼 드림 온열 매트리스 SS","청호나이스","멜로우 드림 매트리스 슈퍼싱글(SS)","매트리스","https://rentre.kr/product/1600007536/%EB%A9%9C%EB%A1%9C%EC%9A%B0-%EB%93%9C%EB%A6%BC-%EB%A7%A4%ED%8A%B8%EB%A6%AC%EC%8A%A4-%EC%8A%88%ED%8D%BC%EC%8B%B1%EA%B8%80(SS)"
"matched","chungho-듀얼-코지-매트리스-ss","청호나이스","듀얼 코지 매트리스 SS","청호나이스","멜로우 드림 매트리스 슈퍼싱글(SS)","매트리스","https://rentre.kr/product/1600007536/%EB%A9%9C%EB%A1%9C%EC%9A%B0-%EB%93%9C%EB%A6%BC-%EB%A7%A4%ED%8A%B8%EB%A6%AC%EC%8A%A4-%EC%8A%88%ED%8D%BC%EC%8B%B1%EA%B8%80(SS)"
"matched","chungho-듀얼-코지-온열-매트리스-ss","청호나이스","듀얼 코지 온열 매트리스 SS","청호나이스","멜로우 드림 매트리스 슈퍼싱글(SS)","매트리스","https://rentre.kr/product/1600007536/%EB%A9%9C%EB%A1%9C%EC%9A%B0-%EB%93%9C%EB%A6%BC-%EB%A7%A4%ED%8A%B8%EB%A6%AC%EC%8A%A4-%EC%8A%88%ED%8D%BC%EC%8B%B1%EA%B8%80(SS)"
"matched","chungho-로얄스위트-프라임-매트리스-ss","청호나이스","로얄스위트 프라임 매트리스 SS","청호나이스","멜로우 드림 매트리스 슈퍼싱글(SS)","매트리스","https://rentre.kr/product/1600007536/%EB%A9%9C%EB%A1%9C%EC%9A%B0-%EB%93%9C%EB%A6%BC-%EB%A7%A4%ED%8A%B8%EB%A6%AC%EC%8A%A4-%EC%8A%88%ED%8D%BC%EC%8B%B1%EA%B8%80(SS)"
"matched","chungho-멜로우-드림-매트리스-ss","청호나이스","멜로우 드림 매트리스 SS","청호나이스","멜로우 드림 매트리스 슈퍼싱글(SS)","매트리스","https://rentre.kr/product/1600007536/%EB%A9%9C%EB%A1%9C%EC%9A%B0-%EB%93%9C%EB%A6%BC-%EB%A7%A4%ED%8A%B8%EB%A6%AC%EC%8A%A4-%EC%8A%88%ED%8D%BC%EC%8B%B1%EA%B8%80(SS)"
"matched","chungho-스프링에어-파운데이션-ss","청호나이스","스프링에어 파운데이션 SS","청호나이스","멜로우 드림 매트리스 슈퍼싱글(SS)","매트리스","https://rentre.kr/product/1600007536/%EB%A9%9C%EB%A1%9C%EC%9A%B0-%EB%93%9C%EB%A6%BC-%EB%A7%A4%ED%8A%B8%EB%A6%AC%EC%8A%A4-%EC%8A%88%ED%8D%BC%EC%8B%B1%EA%B8%80(SS)"
"matched","chungho-온리-드림-매트리스-ss","청호나이스","온리 드림 매트리스 SS","청호나이스","멜로우 드림 매트리스 슈퍼싱글(SS)","매트리스","https://rentre.kr/product/1600007536/%EB%A9%9C%EB%A1%9C%EC%9A%B0-%EB%93%9C%EB%A6%BC-%EB%A7%A4%ED%8A%B8%EB%A6%AC%EC%8A%A4-%EC%8A%88%ED%8D%BC%EC%8B%B1%EA%B8%80(SS)"
"matched","chungho-클린핏-ss","청호나이스","클린핏 SS","청호나이스","멜로우 드림 매트리스 슈퍼싱글(SS)","매트리스","https://rentre.kr/product/1600007536/%EB%A9%9C%EB%A1%9C%EC%9A%B0-%EB%93%9C%EB%A6%BC-%EB%A7%A4%ED%8A%B8%EB%A6%AC%EC%8A%A4-%EC%8A%88%ED%8D%BC%EC%8B%B1%EA%B8%80(SS)"
"matched","chungho-파운데이션-그레이-웜베이지-샌드베이지-ss","청호나이스","파운데이션(그레이,웜베이지,샌드베이지) SS","청호나이스","멜로우 드림 매트리스 슈퍼싱글(SS)","매트리스","https://rentre.kr/product/1600007536/%EB%A9%9C%EB%A1%9C%EC%9A%B0-%EB%93%9C%EB%A6%BC-%EB%A7%A4%ED%8A%B8%EB%A6%AC%EC%8A%A4-%EC%8A%88%ED%8D%BC%EC%8B%B1%EA%B8%80(SS)"
"matched","chungho-네스티지-매트리스-q","청호나이스","네스티지 매트리스 Q","청호나이스","네스티지 매트리스 퀸(Q)","매트리스","https://rentre.kr/product/1600007540/%EB%84%A4%EC%8A%A4%ED%8B%B0%EC%A7%80-%EB%A7%A4%ED%8A%B8%EB%A6%AC%EC%8A%A4-%ED%80%B8(Q)"
"matched","chungho-듀얼-드림-매트리스-q","청호나이스","듀얼 드림 매트리스 Q","청호나이스","네스티지 매트리스 퀸(Q)","매트리스","https://rentre.kr/product/1600007540/%EB%84%A4%EC%8A%A4%ED%8B%B0%EC%A7%80-%EB%A7%A4%ED%8A%B8%EB%A6%AC%EC%8A%A4-%ED%80%B8(Q)"
"matched","chungho-듀얼-드림-온열-매트리스-q","청호나이스","듀얼 드림 온열 매트리스 Q","청호나이스","네스티지 매트리스 퀸(Q)","매트리스","https://rentre.kr/product/1600007540/%EB%84%A4%EC%8A%A4%ED%8B%B0%EC%A7%80-%EB%A7%A4%ED%8A%B8%EB%A6%AC%EC%8A%A4-%ED%80%B8(Q)"
"matched","chungho-듀얼-코지-매트리스-q","청호나이스","듀얼 코지 매트리스 Q","청호나이스","네스티지 매트리스 퀸(Q)","매트리스","https://rentre.kr/product/1600007540/%EB%84%A4%EC%8A%A4%ED%8B%B0%EC%A7%80-%EB%A7%A4%ED%8A%B8%EB%A6%AC%EC%8A%A4-%ED%80%B8(Q)"
"matched","chungho-듀얼-코지-온열-매트리스-q","청호나이스","듀얼 코지 온열 매트리스 Q","청호나이스","네스티지 매트리스 퀸(Q)","매트리스","https://rentre.kr/product/1600007540/%EB%84%A4%EC%8A%A4%ED%8B%B0%EC%A7%80-%EB%A7%A4%ED%8A%B8%EB%A6%AC%EC%8A%A4-%ED%80%B8(Q)"
"matched","chungho-로얄스위트-프라임-매트리스-q","청호나이스","로얄스위트 프라임 매트리스 Q","청호나이스","네스티지 매트리스 퀸(Q)","매트리스","https://rentre.kr/product/1600007540/%EB%84%A4%EC%8A%A4%ED%8B%B0%EC%A7%80-%EB%A7%A4%ED%8A%B8%EB%A6%AC%EC%8A%A4-%ED%80%B8(Q)"
"matched","chungho-멜로우-드림-매트리스-q","청호나이스","멜로우 드림 매트리스 Q","청호나이스","네스티지 매트리스 퀸(Q)","매트리스","https://rentre.kr/product/1600007540/%EB%84%A4%EC%8A%A4%ED%8B%B0%EC%A7%80-%EB%A7%A4%ED%8A%B8%EB%A6%AC%EC%8A%A4-%ED%80%B8(Q)"
"matched","chungho-스프링에어-파운데이션-q","청호나이스","스프링에어 파운데이션 Q","청호나이스","네스티지 매트리스 퀸(Q)","매트리스","https://rentre.kr/product/1600007540/%EB%84%A4%EC%8A%A4%ED%8B%B0%EC%A7%80-%EB%A7%A4%ED%8A%B8%EB%A6%AC%EC%8A%A4-%ED%80%B8(Q)"
"matched","chungho-온리-드림-매트리스-q","청호나이스","온리 드림 매트리스 Q","청호나이스","네스티지 매트리스 퀸(Q)","매트리스","https://rentre.kr/product/1600007540/%EB%84%A4%EC%8A%A4%ED%8B%B0%EC%A7%80-%EB%A7%A4%ED%8A%B8%EB%A6%AC%EC%8A%A4-%ED%80%B8(Q)"
"matched","chungho-클린핏-q","청호나이스","클린핏 Q","청호나이스","네스티지 매트리스 퀸(Q)","매트리스","https://rentre.kr/product/1600007540/%EB%84%A4%EC%8A%A4%ED%8B%B0%EC%A7%80-%EB%A7%A4%ED%8A%B8%EB%A6%AC%EC%8A%A4-%ED%80%B8(Q)"
"matched","chungho-파운데이션-그레이-웜베이지-샌드베이지-q","청호나이스","파운데이션(그레이,웜베이지,샌드베이지) Q","청호나이스","네스티지 매트리스 퀸(Q)","매트리스","https://rentre.kr/product/1600007540/%EB%84%A4%EC%8A%A4%ED%8B%B0%EC%A7%80-%EB%A7%A4%ED%8A%B8%EB%A6%AC%EC%8A%A4-%ED%80%B8(Q)"
"unmatched_remote","","","","웰스","MR776","매트리스","https://rentre.kr/product/1600007673/%EC%9B%B0%EC%8A%A4-%EB%A7%A4%ED%8A%B8%EB%A6%AC%EC%8A%A4-%ED%95%98%EC%9D%B4%EB%B8%8C%EB%A6%AC%EB%93%9C-%ED%80%B8(Q)"
"unmatched_remote","","","","웰스","MP578","매트리스","https://rentre.kr/product/1600007696/%EC%9B%B0%EC%8A%A4-%EB%A7%A4%ED%8A%B8%EB%A6%AC%EC%8A%A4-%EC%BD%94%EC%A7%80%EC%8A%AC%EB%A6%BD-%EC%8A%88%ED%8D%BC%EC%8B%B1%EA%B8%80(SS)"
"matched","chungho-네스티지-매트리스-k","청호나이스","네스티지 매트리스 K","청호나이스","마이 드림 K","매트리스","https://rentre.kr/product/1522011283/%EB%A7%88%EC%9D%B4%EB%93%9C%EB%A6%BC-%EB%A7%A4%ED%8A%B8%EB%A6%AC%EC%8A%A4-%ED%82%B9(K)"
"matched","chungho-듀얼-드림-매트리스-k","청호나이스","듀얼 드림 매트리스 K","청호나이스","마이 드림 K","매트리스","https://rentre.kr/product/1522011283/%EB%A7%88%EC%9D%B4%EB%93%9C%EB%A6%BC-%EB%A7%A4%ED%8A%B8%EB%A6%AC%EC%8A%A4-%ED%82%B9(K)"
"matched","chungho-듀얼-드림-온열-매트리스-k","청호나이스","듀얼 드림 온열 매트리스 K","청호나이스","마이 드림 K","매트리스","https://rentre.kr/product/1522011283/%EB%A7%88%EC%9D%B4%EB%93%9C%EB%A6%BC-%EB%A7%A4%ED%8A%B8%EB%A6%AC%EC%8A%A4-%ED%82%B9(K)"
"matched","chungho-듀얼-코지-매트리스-k","청호나이스","듀얼 코지 매트리스 K","청호나이스","마이 드림 K","매트리스","https://rentre.kr/product/1522011283/%EB%A7%88%EC%9D%B4%EB%93%9C%EB%A6%BC-%EB%A7%A4%ED%8A%B8%EB%A6%AC%EC%8A%A4-%ED%82%B9(K)"
"matched","chungho-듀얼-코지-온열-매트리스-k","청호나이스","듀얼 코지 온열 매트리스 K","청호나이스","마이 드림 K","매트리스","https://rentre.kr/product/1522011283/%EB%A7%88%EC%9D%B4%EB%93%9C%EB%A6%BC-%EB%A7%A4%ED%8A%B8%EB%A6%AC%EC%8A%A4-%ED%82%B9(K)"
"matched","chungho-로얄스위트-프라임-매트리스-k","청호나이스","로얄스위트 프라임 매트리스 K","청호나이스","마이 드림 K","매트리스","https://rentre.kr/product/1522011283/%EB%A7%88%EC%9D%B4%EB%93%9C%EB%A6%BC-%EB%A7%A4%ED%8A%B8%EB%A6%AC%EC%8A%A4-%ED%82%B9(K)"
"matched","chungho-멜로우-드림-매트리스-k","청호나이스","멜로우 드림 매트리스 K","청호나이스","마이 드림 K","매트리스","https://rentre.kr/product/1522011283/%EB%A7%88%EC%9D%B4%EB%93%9C%EB%A6%BC-%EB%A7%A4%ED%8A%B8%EB%A6%AC%EC%8A%A4-%ED%82%B9(K)"
"matched","chungho-스프링에어-파운데이션-k","청호나이스","스프링에어 파운데이션 K","청호나이스","마이 드림 K","매트리스","https://rentre.kr/product/1522011283/%EB%A7%88%EC%9D%B4%EB%93%9C%EB%A6%BC-%EB%A7%A4%ED%8A%B8%EB%A6%AC%EC%8A%A4-%ED%82%B9(K)"
"matched","chungho-클린핏-k","청호나이스","클린핏 K","청호나이스","마이 드림 K","매트리스","https://rentre.kr/product/1522011283/%EB%A7%88%EC%9D%B4%EB%93%9C%EB%A6%BC-%EB%A7%A4%ED%8A%B8%EB%A6%AC%EC%8A%A4-%ED%82%B9(K)"
"matched","chungho-파운데이션-그레이-웜베이지-샌드베이지-k","청호나이스","파운데이션(그레이,웜베이지,샌드베이지) K","청호나이스","마이 드림 K","매트리스","https://rentre.kr/product/1522011283/%EB%A7%88%EC%9D%B4%EB%93%9C%EB%A6%BC-%EB%A7%A4%ED%8A%B8%EB%A6%AC%EC%8A%A4-%ED%82%B9(K)"
"matched","chungho-william-j-매트리스-q","청호나이스","William J 매트리스 Q","청호나이스","William J 매트리스 퀸(Q)","매트리스","https://rentre.kr/product/1600006141/William-J-%EB%A7%A4%ED%8A%B8%EB%A6%AC%EC%8A%A4-%ED%80%B8(Q)"
"matched","chungho-william-j-매트리스-ss","청호나이스","William J 매트리스 SS","청호나이스","William J 매트리스 슈퍼싱글(SS)","매트리스","https://rentre.kr/product/1600006143/William-J-%EB%A7%A4%ED%8A%B8%EB%A6%AC%EC%8A%A4-%EC%8A%88%ED%8D%BC%EC%8B%B1%EA%B8%80(SS)"
"matched","chungho-네스티지-매트리스-k","청호나이스","네스티지 매트리스 K","청호나이스","듀얼 코지 매트리스 킹(K)","매트리스","https://rentre.kr/product/1600006150/%EB%93%80%EC%96%BC-%EC%BD%94%EC%A7%80-%EB%A7%A4%ED%8A%B8%EB%A6%AC%EC%8A%A4-%ED%82%B9(K)"
"matched","chungho-듀얼-드림-매트리스-k","청호나이스","듀얼 드림 매트리스 K","청호나이스","듀얼 코지 매트리스 킹(K)","매트리스","https://rentre.kr/product/1600006150/%EB%93%80%EC%96%BC-%EC%BD%94%EC%A7%80-%EB%A7%A4%ED%8A%B8%EB%A6%AC%EC%8A%A4-%ED%82%B9(K)"
"matched","chungho-듀얼-드림-온열-매트리스-k","청호나이스","듀얼 드림 온열 매트리스 K","청호나이스","듀얼 코지 매트리스 킹(K)","매트리스","https://rentre.kr/product/1600006150/%EB%93%80%EC%96%BC-%EC%BD%94%EC%A7%80-%EB%A7%A4%ED%8A%B8%EB%A6%AC%EC%8A%A4-%ED%82%B9(K)"
"matched","chungho-듀얼-코지-매트리스-k","청호나이스","듀얼 코지 매트리스 K","청호나이스","듀얼 코지 매트리스 킹(K)","매트리스","https://rentre.kr/product/1600006150/%EB%93%80%EC%96%BC-%EC%BD%94%EC%A7%80-%EB%A7%A4%ED%8A%B8%EB%A6%AC%EC%8A%A4-%ED%82%B9(K)"
"matched","chungho-듀얼-코지-온열-매트리스-k","청호나이스","듀얼 코지 온열 매트리스 K","청호나이스","듀얼 코지 매트리스 킹(K)","매트리스","https://rentre.kr/product/1600006150/%EB%93%80%EC%96%BC-%EC%BD%94%EC%A7%80-%EB%A7%A4%ED%8A%B8%EB%A6%AC%EC%8A%A4-%ED%82%B9(K)"
"matched","chungho-로얄스위트-프라임-매트리스-k","청호나이스","로얄스위트 프라임 매트리스 K","청호나이스","듀얼 코지 매트리스 킹(K)","매트리스","https://rentre.kr/product/1600006150/%EB%93%80%EC%96%BC-%EC%BD%94%EC%A7%80-%EB%A7%A4%ED%8A%B8%EB%A6%AC%EC%8A%A4-%ED%82%B9(K)"
"matched","chungho-멜로우-드림-매트리스-k","청호나이스","멜로우 드림 매트리스 K","청호나이스","듀얼 코지 매트리스 킹(K)","매트리스","https://rentre.kr/product/1600006150/%EB%93%80%EC%96%BC-%EC%BD%94%EC%A7%80-%EB%A7%A4%ED%8A%B8%EB%A6%AC%EC%8A%A4-%ED%82%B9(K)"
"matched","chungho-스프링에어-파운데이션-k","청호나이스","스프링에어 파운데이션 K","청호나이스","듀얼 코지 매트리스 킹(K)","매트리스","https://rentre.kr/product/1600006150/%EB%93%80%EC%96%BC-%EC%BD%94%EC%A7%80-%EB%A7%A4%ED%8A%B8%EB%A6%AC%EC%8A%A4-%ED%82%B9(K)"
"matched","chungho-클린핏-k","청호나이스","클린핏 K","청호나이스","듀얼 코지 매트리스 킹(K)","매트리스","https://rentre.kr/product/1600006150/%EB%93%80%EC%96%BC-%EC%BD%94%EC%A7%80-%EB%A7%A4%ED%8A%B8%EB%A6%AC%EC%8A%A4-%ED%82%B9(K)"
"matched","chungho-파운데이션-그레이-웜베이지-샌드베이지-k","청호나이스","파운데이션(그레이,웜베이지,샌드베이지) K","청호나이스","듀얼 코지 매트리스 킹(K)","매트리스","https://rentre.kr/product/1600006150/%EB%93%80%EC%96%BC-%EC%BD%94%EC%A7%80-%EB%A7%A4%ED%8A%B8%EB%A6%AC%EC%8A%A4-%ED%82%B9(K)"
"matched","chungho-네스티지-매트리스-k","청호나이스","네스티지 매트리스 K","청호나이스","파운데이션 킹(K)","매트리스","https://rentre.kr/product/1600006154/%ED%8C%8C%EC%9A%B4%EB%8D%B0%EC%9D%B4%EC%85%98-%ED%82%B9(K)"
"matched","chungho-듀얼-드림-매트리스-k","청호나이스","듀얼 드림 매트리스 K","청호나이스","파운데이션 킹(K)","매트리스","https://rentre.kr/product/1600006154/%ED%8C%8C%EC%9A%B4%EB%8D%B0%EC%9D%B4%EC%85%98-%ED%82%B9(K)"
"matched","chungho-듀얼-드림-온열-매트리스-k","청호나이스","듀얼 드림 온열 매트리스 K","청호나이스","파운데이션 킹(K)","매트리스","https://rentre.kr/product/1600006154/%ED%8C%8C%EC%9A%B4%EB%8D%B0%EC%9D%B4%EC%85%98-%ED%82%B9(K)"
"matched","chungho-듀얼-코지-매트리스-k","청호나이스","듀얼 코지 매트리스 K","청호나이스","파운데이션 킹(K)","매트리스","https://rentre.kr/product/1600006154/%ED%8C%8C%EC%9A%B4%EB%8D%B0%EC%9D%B4%EC%85%98-%ED%82%B9(K)"
"matched","chungho-듀얼-코지-온열-매트리스-k","청호나이스","듀얼 코지 온열 매트리스 K","청호나이스","파운데이션 킹(K)","매트리스","https://rentre.kr/product/1600006154/%ED%8C%8C%EC%9A%B4%EB%8D%B0%EC%9D%B4%EC%85%98-%ED%82%B9(K)"
"matched","chungho-로얄스위트-프라임-매트리스-k","청호나이스","로얄스위트 프라임 매트리스 K","청호나이스","파운데이션 킹(K)","매트리스","https://rentre.kr/product/1600006154/%ED%8C%8C%EC%9A%B4%EB%8D%B0%EC%9D%B4%EC%85%98-%ED%82%B9(K)"
"matched","chungho-멜로우-드림-매트리스-k","청호나이스","멜로우 드림 매트리스 K","청호나이스","파운데이션 킹(K)","매트리스","https://rentre.kr/product/1600006154/%ED%8C%8C%EC%9A%B4%EB%8D%B0%EC%9D%B4%EC%85%98-%ED%82%B9(K)"
"matched","chungho-스프링에어-파운데이션-k","청호나이스","스프링에어 파운데이션 K","청호나이스","파운데이션 킹(K)","매트리스","https://rentre.kr/product/1600006154/%ED%8C%8C%EC%9A%B4%EB%8D%B0%EC%9D%B4%EC%85%98-%ED%82%B9(K)"
"matched","chungho-클린핏-k","청호나이스","클린핏 K","청호나이스","파운데이션 킹(K)","매트리스","https://rentre.kr/product/1600006154/%ED%8C%8C%EC%9A%B4%EB%8D%B0%EC%9D%B4%EC%85%98-%ED%82%B9(K)"
"matched","chungho-파운데이션-그레이-웜베이지-샌드베이지-k","청호나이스","파운데이션(그레이,웜베이지,샌드베이지) K","청호나이스","파운데이션 킹(K)","매트리스","https://rentre.kr/product/1600006154/%ED%8C%8C%EC%9A%B4%EB%8D%B0%EC%9D%B4%EC%85%98-%ED%82%B9(K)"
"unmatched_remote","","","","현대큐밍","HQMB50S40F","매트리스","https://rentre.kr/product/1600006946/%EB%84%A4%EC%8A%A4%ED%8A%B8%EB%9D%BC-%EB%9F%AD%EC%8A%A4-%EB%A7%A4%ED%8A%B8%EB%A6%AC%EC%8A%A4-%EC%8A%88%ED%8D%BC%EC%8B%B1%EA%B8%80(SS)"
"matched","chungho-네스티지-매트리스-lk","청호나이스","네스티지 매트리스 LK","청호나이스","멜로우 드림 매트리스 라지킹(LK)","매트리스","https://rentre.kr/product/1600007533/%EB%A9%9C%EB%A1%9C%EC%9A%B0-%EB%93%9C%EB%A6%BC-%EB%A7%A4%ED%8A%B8%EB%A6%AC%EC%8A%A4-%EB%9D%BC%EC%A7%80%ED%82%B9(LK)"
"matched","chungho-듀얼-드림-매트리스-lk","청호나이스","듀얼 드림 매트리스 LK","청호나이스","멜로우 드림 매트리스 라지킹(LK)","매트리스","https://rentre.kr/product/1600007533/%EB%A9%9C%EB%A1%9C%EC%9A%B0-%EB%93%9C%EB%A6%BC-%EB%A7%A4%ED%8A%B8%EB%A6%AC%EC%8A%A4-%EB%9D%BC%EC%A7%80%ED%82%B9(LK)"
"matched","chungho-듀얼-드림-온열-매트리스-lk","청호나이스","듀얼 드림 온열 매트리스 LK","청호나이스","멜로우 드림 매트리스 라지킹(LK)","매트리스","https://rentre.kr/product/1600007533/%EB%A9%9C%EB%A1%9C%EC%9A%B0-%EB%93%9C%EB%A6%BC-%EB%A7%A4%ED%8A%B8%EB%A6%AC%EC%8A%A4-%EB%9D%BC%EC%A7%80%ED%82%B9(LK)"
"matched","chungho-듀얼-코지-매트리스-lk","청호나이스","듀얼 코지 매트리스 LK","청호나이스","멜로우 드림 매트리스 라지킹(LK)","매트리스","https://rentre.kr/product/1600007533/%EB%A9%9C%EB%A1%9C%EC%9A%B0-%EB%93%9C%EB%A6%BC-%EB%A7%A4%ED%8A%B8%EB%A6%AC%EC%8A%A4-%EB%9D%BC%EC%A7%80%ED%82%B9(LK)"
"matched","chungho-듀얼-코지-온열-매트리스-lk","청호나이스","듀얼 코지 온열 매트리스 LK","청호나이스","멜로우 드림 매트리스 라지킹(LK)","매트리스","https://rentre.kr/product/1600007533/%EB%A9%9C%EB%A1%9C%EC%9A%B0-%EB%93%9C%EB%A6%BC-%EB%A7%A4%ED%8A%B8%EB%A6%AC%EC%8A%A4-%EB%9D%BC%EC%A7%80%ED%82%B9(LK)"
"matched","chungho-로얄스위트-프라임-매트리스-lk","청호나이스","로얄스위트 프라임 매트리스 LK","청호나이스","멜로우 드림 매트리스 라지킹(LK)","매트리스","https://rentre.kr/product/1600007533/%EB%A9%9C%EB%A1%9C%EC%9A%B0-%EB%93%9C%EB%A6%BC-%EB%A7%A4%ED%8A%B8%EB%A6%AC%EC%8A%A4-%EB%9D%BC%EC%A7%80%ED%82%B9(LK)"
"matched","chungho-멜로우-드림-매트리스-lk","청호나이스","멜로우 드림 매트리스 LK","청호나이스","멜로우 드림 매트리스 라지킹(LK)","매트리스","https://rentre.kr/product/1600007533/%EB%A9%9C%EB%A1%9C%EC%9A%B0-%EB%93%9C%EB%A6%BC-%EB%A7%A4%ED%8A%B8%EB%A6%AC%EC%8A%A4-%EB%9D%BC%EC%A7%80%ED%82%B9(LK)"
"matched","chungho-파운데이션-그레이-웜베이지-샌드베이지-lk","청호나이스","파운데이션(그레이,웜베이지,샌드베이지) LK","청호나이스","멜로우 드림 매트리스 라지킹(LK)","매트리스","https://rentre.kr/product/1600007533/%EB%A9%9C%EB%A1%9C%EC%9A%B0-%EB%93%9C%EB%A6%BC-%EB%A7%A4%ED%8A%B8%EB%A6%AC%EC%8A%A4-%EB%9D%BC%EC%A7%80%ED%82%B9(LK)"
"matched","chungho-네스티지-매트리스-k","청호나이스","네스티지 매트리스 K","청호나이스","멜로우 드림 매트리스 킹(K)","매트리스","https://rentre.kr/product/1600007534/%EB%A9%9C%EB%A1%9C%EC%9A%B0-%EB%93%9C%EB%A6%BC-%EB%A7%A4%ED%8A%B8%EB%A6%AC%EC%8A%A4-%ED%82%B9(K)"
"matched","chungho-듀얼-드림-매트리스-k","청호나이스","듀얼 드림 매트리스 K","청호나이스","멜로우 드림 매트리스 킹(K)","매트리스","https://rentre.kr/product/1600007534/%EB%A9%9C%EB%A1%9C%EC%9A%B0-%EB%93%9C%EB%A6%BC-%EB%A7%A4%ED%8A%B8%EB%A6%AC%EC%8A%A4-%ED%82%B9(K)"
"matched","chungho-듀얼-드림-온열-매트리스-k","청호나이스","듀얼 드림 온열 매트리스 K","청호나이스","멜로우 드림 매트리스 킹(K)","매트리스","https://rentre.kr/product/1600007534/%EB%A9%9C%EB%A1%9C%EC%9A%B0-%EB%93%9C%EB%A6%BC-%EB%A7%A4%ED%8A%B8%EB%A6%AC%EC%8A%A4-%ED%82%B9(K)"
"matched","chungho-듀얼-코지-매트리스-k","청호나이스","듀얼 코지 매트리스 K","청호나이스","멜로우 드림 매트리스 킹(K)","매트리스","https://rentre.kr/product/1600007534/%EB%A9%9C%EB%A1%9C%EC%9A%B0-%EB%93%9C%EB%A6%BC-%EB%A7%A4%ED%8A%B8%EB%A6%AC%EC%8A%A4-%ED%82%B9(K)"
"matched","chungho-듀얼-코지-온열-매트리스-k","청호나이스","듀얼 코지 온열 매트리스 K","청호나이스","멜로우 드림 매트리스 킹(K)","매트리스","https://rentre.kr/product/1600007534/%EB%A9%9C%EB%A1%9C%EC%9A%B0-%EB%93%9C%EB%A6%BC-%EB%A7%A4%ED%8A%B8%EB%A6%AC%EC%8A%A4-%ED%82%B9(K)"
"matched","chungho-로얄스위트-프라임-매트리스-k","청호나이스","로얄스위트 프라임 매트리스 K","청호나이스","멜로우 드림 매트리스 킹(K)","매트리스","https://rentre.kr/product/1600007534/%EB%A9%9C%EB%A1%9C%EC%9A%B0-%EB%93%9C%EB%A6%BC-%EB%A7%A4%ED%8A%B8%EB%A6%AC%EC%8A%A4-%ED%82%B9(K)"
"matched","chungho-멜로우-드림-매트리스-k","청호나이스","멜로우 드림 매트리스 K","청호나이스","멜로우 드림 매트리스 킹(K)","매트리스","https://rentre.kr/product/1600007534/%EB%A9%9C%EB%A1%9C%EC%9A%B0-%EB%93%9C%EB%A6%BC-%EB%A7%A4%ED%8A%B8%EB%A6%AC%EC%8A%A4-%ED%82%B9(K)"
"matched","chungho-스프링에어-파운데이션-k","청호나이스","스프링에어 파운데이션 K","청호나이스","멜로우 드림 매트리스 킹(K)","매트리스","https://rentre.kr/product/1600007534/%EB%A9%9C%EB%A1%9C%EC%9A%B0-%EB%93%9C%EB%A6%BC-%EB%A7%A4%ED%8A%B8%EB%A6%AC%EC%8A%A4-%ED%82%B9(K)"
"matched","chungho-클린핏-k","청호나이스","클린핏 K","청호나이스","멜로우 드림 매트리스 킹(K)","매트리스","https://rentre.kr/product/1600007534/%EB%A9%9C%EB%A1%9C%EC%9A%B0-%EB%93%9C%EB%A6%BC-%EB%A7%A4%ED%8A%B8%EB%A6%AC%EC%8A%A4-%ED%82%B9(K)"
"matched","chungho-파운데이션-그레이-웜베이지-샌드베이지-k","청호나이스","파운데이션(그레이,웜베이지,샌드베이지) K","청호나이스","멜로우 드림 매트리스 킹(K)","매트리스","https://rentre.kr/product/1600007534/%EB%A9%9C%EB%A1%9C%EC%9A%B0-%EB%93%9C%EB%A6%BC-%EB%A7%A4%ED%8A%B8%EB%A6%AC%EC%8A%A4-%ED%82%B9(K)"
"matched","chungho-네스티지-매트리스-lk","청호나이스","네스티지 매트리스 LK","청호나이스","로얄스위트 프라임 매트리스 라지킹(LK)","매트리스","https://rentre.kr/product/1600007569/%EB%A1%9C%EC%96%84%EC%8A%A4%EC%9C%84%ED%8A%B8-%ED%94%84%EB%9D%BC%EC%9E%84-%EB%A7%A4%ED%8A%B8%EB%A6%AC%EC%8A%A4-%EB%9D%BC%EC%A7%80%ED%82%B9(LK)"
"matched","chungho-듀얼-드림-매트리스-lk","청호나이스","듀얼 드림 매트리스 LK","청호나이스","로얄스위트 프라임 매트리스 라지킹(LK)","매트리스","https://rentre.kr/product/1600007569/%EB%A1%9C%EC%96%84%EC%8A%A4%EC%9C%84%ED%8A%B8-%ED%94%84%EB%9D%BC%EC%9E%84-%EB%A7%A4%ED%8A%B8%EB%A6%AC%EC%8A%A4-%EB%9D%BC%EC%A7%80%ED%82%B9(LK)"
"matched","chungho-듀얼-드림-온열-매트리스-lk","청호나이스","듀얼 드림 온열 매트리스 LK","청호나이스","로얄스위트 프라임 매트리스 라지킹(LK)","매트리스","https://rentre.kr/product/1600007569/%EB%A1%9C%EC%96%84%EC%8A%A4%EC%9C%84%ED%8A%B8-%ED%94%84%EB%9D%BC%EC%9E%84-%EB%A7%A4%ED%8A%B8%EB%A6%AC%EC%8A%A4-%EB%9D%BC%EC%A7%80%ED%82%B9(LK)"
"matched","chungho-듀얼-코지-매트리스-lk","청호나이스","듀얼 코지 매트리스 LK","청호나이스","로얄스위트 프라임 매트리스 라지킹(LK)","매트리스","https://rentre.kr/product/1600007569/%EB%A1%9C%EC%96%84%EC%8A%A4%EC%9C%84%ED%8A%B8-%ED%94%84%EB%9D%BC%EC%9E%84-%EB%A7%A4%ED%8A%B8%EB%A6%AC%EC%8A%A4-%EB%9D%BC%EC%A7%80%ED%82%B9(LK)"
"matched","chungho-듀얼-코지-온열-매트리스-lk","청호나이스","듀얼 코지 온열 매트리스 LK","청호나이스","로얄스위트 프라임 매트리스 라지킹(LK)","매트리스","https://rentre.kr/product/1600007569/%EB%A1%9C%EC%96%84%EC%8A%A4%EC%9C%84%ED%8A%B8-%ED%94%84%EB%9D%BC%EC%9E%84-%EB%A7%A4%ED%8A%B8%EB%A6%AC%EC%8A%A4-%EB%9D%BC%EC%A7%80%ED%82%B9(LK)"
"matched","chungho-로얄스위트-프라임-매트리스-lk","청호나이스","로얄스위트 프라임 매트리스 LK","청호나이스","로얄스위트 프라임 매트리스 라지킹(LK)","매트리스","https://rentre.kr/product/1600007569/%EB%A1%9C%EC%96%84%EC%8A%A4%EC%9C%84%ED%8A%B8-%ED%94%84%EB%9D%BC%EC%9E%84-%EB%A7%A4%ED%8A%B8%EB%A6%AC%EC%8A%A4-%EB%9D%BC%EC%A7%80%ED%82%B9(LK)"
"matched","chungho-멜로우-드림-매트리스-lk","청호나이스","멜로우 드림 매트리스 LK","청호나이스","로얄스위트 프라임 매트리스 라지킹(LK)","매트리스","https://rentre.kr/product/1600007569/%EB%A1%9C%EC%96%84%EC%8A%A4%EC%9C%84%ED%8A%B8-%ED%94%84%EB%9D%BC%EC%9E%84-%EB%A7%A4%ED%8A%B8%EB%A6%AC%EC%8A%A4-%EB%9D%BC%EC%A7%80%ED%82%B9(LK)"
"matched","chungho-파운데이션-그레이-웜베이지-샌드베이지-lk","청호나이스","파운데이션(그레이,웜베이지,샌드베이지) LK","청호나이스","로얄스위트 프라임 매트리스 라지킹(LK)","매트리스","https://rentre.kr/product/1600007569/%EB%A1%9C%EC%96%84%EC%8A%A4%EC%9C%84%ED%8A%B8-%ED%94%84%EB%9D%BC%EC%9E%84-%EB%A7%A4%ED%8A%B8%EB%A6%AC%EC%8A%A4-%EB%9D%BC%EC%A7%80%ED%82%B9(LK)"
"matched","chungho-네스티지-매트리스-k","청호나이스","네스티지 매트리스 K","청호나이스","로얄스위트 프라임 매트리스 킹(K)","매트리스","https://rentre.kr/product/1600007571/%EB%A1%9C%EC%96%84%EC%8A%A4%EC%9C%84%ED%8A%B8-%ED%94%84%EB%9D%BC%EC%9E%84-%EB%A7%A4%ED%8A%B8%EB%A6%AC%EC%8A%A4-%ED%82%B9(K)"
"matched","chungho-듀얼-드림-매트리스-k","청호나이스","듀얼 드림 매트리스 K","청호나이스","로얄스위트 프라임 매트리스 킹(K)","매트리스","https://rentre.kr/product/1600007571/%EB%A1%9C%EC%96%84%EC%8A%A4%EC%9C%84%ED%8A%B8-%ED%94%84%EB%9D%BC%EC%9E%84-%EB%A7%A4%ED%8A%B8%EB%A6%AC%EC%8A%A4-%ED%82%B9(K)"
"matched","chungho-듀얼-드림-온열-매트리스-k","청호나이스","듀얼 드림 온열 매트리스 K","청호나이스","로얄스위트 프라임 매트리스 킹(K)","매트리스","https://rentre.kr/product/1600007571/%EB%A1%9C%EC%96%84%EC%8A%A4%EC%9C%84%ED%8A%B8-%ED%94%84%EB%9D%BC%EC%9E%84-%EB%A7%A4%ED%8A%B8%EB%A6%AC%EC%8A%A4-%ED%82%B9(K)"
"matched","chungho-듀얼-코지-매트리스-k","청호나이스","듀얼 코지 매트리스 K","청호나이스","로얄스위트 프라임 매트리스 킹(K)","매트리스","https://rentre.kr/product/1600007571/%EB%A1%9C%EC%96%84%EC%8A%A4%EC%9C%84%ED%8A%B8-%ED%94%84%EB%9D%BC%EC%9E%84-%EB%A7%A4%ED%8A%B8%EB%A6%AC%EC%8A%A4-%ED%82%B9(K)"
"matched","chungho-듀얼-코지-온열-매트리스-k","청호나이스","듀얼 코지 온열 매트리스 K","청호나이스","로얄스위트 프라임 매트리스 킹(K)","매트리스","https://rentre.kr/product/1600007571/%EB%A1%9C%EC%96%84%EC%8A%A4%EC%9C%84%ED%8A%B8-%ED%94%84%EB%9D%BC%EC%9E%84-%EB%A7%A4%ED%8A%B8%EB%A6%AC%EC%8A%A4-%ED%82%B9(K)"
"matched","chungho-로얄스위트-프라임-매트리스-k","청호나이스","로얄스위트 프라임 매트리스 K","청호나이스","로얄스위트 프라임 매트리스 킹(K)","매트리스","https://rentre.kr/product/1600007571/%EB%A1%9C%EC%96%84%EC%8A%A4%EC%9C%84%ED%8A%B8-%ED%94%84%EB%9D%BC%EC%9E%84-%EB%A7%A4%ED%8A%B8%EB%A6%AC%EC%8A%A4-%ED%82%B9(K)"
"matched","chungho-멜로우-드림-매트리스-k","청호나이스","멜로우 드림 매트리스 K","청호나이스","로얄스위트 프라임 매트리스 킹(K)","매트리스","https://rentre.kr/product/1600007571/%EB%A1%9C%EC%96%84%EC%8A%A4%EC%9C%84%ED%8A%B8-%ED%94%84%EB%9D%BC%EC%9E%84-%EB%A7%A4%ED%8A%B8%EB%A6%AC%EC%8A%A4-%ED%82%B9(K)"
"matched","chungho-스프링에어-파운데이션-k","청호나이스","스프링에어 파운데이션 K","청호나이스","로얄스위트 프라임 매트리스 킹(K)","매트리스","https://rentre.kr/product/1600007571/%EB%A1%9C%EC%96%84%EC%8A%A4%EC%9C%84%ED%8A%B8-%ED%94%84%EB%9D%BC%EC%9E%84-%EB%A7%A4%ED%8A%B8%EB%A6%AC%EC%8A%A4-%ED%82%B9(K)"
"matched","chungho-클린핏-k","청호나이스","클린핏 K","청호나이스","로얄스위트 프라임 매트리스 킹(K)","매트리스","https://rentre.kr/product/1600007571/%EB%A1%9C%EC%96%84%EC%8A%A4%EC%9C%84%ED%8A%B8-%ED%94%84%EB%9D%BC%EC%9E%84-%EB%A7%A4%ED%8A%B8%EB%A6%AC%EC%8A%A4-%ED%82%B9(K)"
"matched","chungho-파운데이션-그레이-웜베이지-샌드베이지-k","청호나이스","파운데이션(그레이,웜베이지,샌드베이지) K","청호나이스","로얄스위트 프라임 매트리스 킹(K)","매트리스","https://rentre.kr/product/1600007571/%EB%A1%9C%EC%96%84%EC%8A%A4%EC%9C%84%ED%8A%B8-%ED%94%84%EB%9D%BC%EC%9E%84-%EB%A7%A4%ED%8A%B8%EB%A6%AC%EC%8A%A4-%ED%82%B9(K)"
"unmatched_remote","","","","웰스","MP778","매트리스","https://rentre.kr/product/1600007666/%EC%9B%B0%EC%8A%A4-%EB%A7%A4%ED%8A%B8%EB%A6%AC%EC%8A%A4-%EC%BD%94%EC%A7%80-%EC%8A%AC%EB%A6%BD-%ED%80%B8(Q)"
"unmatched_remote","","","","웰스","MR976","매트리스","https://rentre.kr/product/1600007674/%EC%9B%B0%EC%8A%A4-%EB%A7%A4%ED%8A%B8%EB%A6%AC%EC%8A%A4-%ED%95%98%EC%9D%B4%EB%B8%8C%EB%A6%AC%EB%93%9C-%ED%82%B9(K)"
"matched","chungho-네스티지-매트리스-ss","청호나이스","네스티지 매트리스 SS","청호나이스","온리 드림 매트리스 슈퍼싱글(SS)","매트리스","https://rentre.kr/product/1600006134/%EC%98%A8%EB%A6%AC-%EB%93%9C%EB%A6%BC-%EB%A7%A4%ED%8A%B8%EB%A6%AC%EC%8A%A4-%EC%8A%88%ED%8D%BC%EC%8B%B1%EA%B8%80(SS)"
"matched","chungho-듀얼-드림-매트리스-ss","청호나이스","듀얼 드림 매트리스 SS","청호나이스","온리 드림 매트리스 슈퍼싱글(SS)","매트리스","https://rentre.kr/product/1600006134/%EC%98%A8%EB%A6%AC-%EB%93%9C%EB%A6%BC-%EB%A7%A4%ED%8A%B8%EB%A6%AC%EC%8A%A4-%EC%8A%88%ED%8D%BC%EC%8B%B1%EA%B8%80(SS)"
"matched","chungho-듀얼-드림-온열-매트리스-ss","청호나이스","듀얼 드림 온열 매트리스 SS","청호나이스","온리 드림 매트리스 슈퍼싱글(SS)","매트리스","https://rentre.kr/product/1600006134/%EC%98%A8%EB%A6%AC-%EB%93%9C%EB%A6%BC-%EB%A7%A4%ED%8A%B8%EB%A6%AC%EC%8A%A4-%EC%8A%88%ED%8D%BC%EC%8B%B1%EA%B8%80(SS)"
"matched","chungho-듀얼-코지-매트리스-ss","청호나이스","듀얼 코지 매트리스 SS","청호나이스","온리 드림 매트리스 슈퍼싱글(SS)","매트리스","https://rentre.kr/product/1600006134/%EC%98%A8%EB%A6%AC-%EB%93%9C%EB%A6%BC-%EB%A7%A4%ED%8A%B8%EB%A6%AC%EC%8A%A4-%EC%8A%88%ED%8D%BC%EC%8B%B1%EA%B8%80(SS)"
"matched","chungho-듀얼-코지-온열-매트리스-ss","청호나이스","듀얼 코지 온열 매트리스 SS","청호나이스","온리 드림 매트리스 슈퍼싱글(SS)","매트리스","https://rentre.kr/product/1600006134/%EC%98%A8%EB%A6%AC-%EB%93%9C%EB%A6%BC-%EB%A7%A4%ED%8A%B8%EB%A6%AC%EC%8A%A4-%EC%8A%88%ED%8D%BC%EC%8B%B1%EA%B8%80(SS)"
"matched","chungho-로얄스위트-프라임-매트리스-ss","청호나이스","로얄스위트 프라임 매트리스 SS","청호나이스","온리 드림 매트리스 슈퍼싱글(SS)","매트리스","https://rentre.kr/product/1600006134/%EC%98%A8%EB%A6%AC-%EB%93%9C%EB%A6%BC-%EB%A7%A4%ED%8A%B8%EB%A6%AC%EC%8A%A4-%EC%8A%88%ED%8D%BC%EC%8B%B1%EA%B8%80(SS)"
"matched","chungho-멜로우-드림-매트리스-ss","청호나이스","멜로우 드림 매트리스 SS","청호나이스","온리 드림 매트리스 슈퍼싱글(SS)","매트리스","https://rentre.kr/product/1600006134/%EC%98%A8%EB%A6%AC-%EB%93%9C%EB%A6%BC-%EB%A7%A4%ED%8A%B8%EB%A6%AC%EC%8A%A4-%EC%8A%88%ED%8D%BC%EC%8B%B1%EA%B8%80(SS)"
"matched","chungho-스프링에어-파운데이션-ss","청호나이스","스프링에어 파운데이션 SS","청호나이스","온리 드림 매트리스 슈퍼싱글(SS)","매트리스","https://rentre.kr/product/1600006134/%EC%98%A8%EB%A6%AC-%EB%93%9C%EB%A6%BC-%EB%A7%A4%ED%8A%B8%EB%A6%AC%EC%8A%A4-%EC%8A%88%ED%8D%BC%EC%8B%B1%EA%B8%80(SS)"
"matched","chungho-온리-드림-매트리스-ss","청호나이스","온리 드림 매트리스 SS","청호나이스","온리 드림 매트리스 슈퍼싱글(SS)","매트리스","https://rentre.kr/product/1600006134/%EC%98%A8%EB%A6%AC-%EB%93%9C%EB%A6%BC-%EB%A7%A4%ED%8A%B8%EB%A6%AC%EC%8A%A4-%EC%8A%88%ED%8D%BC%EC%8B%B1%EA%B8%80(SS)"
"matched","chungho-클린핏-ss","청호나이스","클린핏 SS","청호나이스","온리 드림 매트리스 슈퍼싱글(SS)","매트리스","https://rentre.kr/product/1600006134/%EC%98%A8%EB%A6%AC-%EB%93%9C%EB%A6%BC-%EB%A7%A4%ED%8A%B8%EB%A6%AC%EC%8A%A4-%EC%8A%88%ED%8D%BC%EC%8B%B1%EA%B8%80(SS)"
"matched","chungho-파운데이션-그레이-웜베이지-샌드베이지-ss","청호나이스","파운데이션(그레이,웜베이지,샌드베이지) SS","청호나이스","온리 드림 매트리스 슈퍼싱글(SS)","매트리스","https://rentre.kr/product/1600006134/%EC%98%A8%EB%A6%AC-%EB%93%9C%EB%A6%BC-%EB%A7%A4%ED%8A%B8%EB%A6%AC%EC%8A%A4-%EC%8A%88%ED%8D%BC%EC%8B%B1%EA%B8%80(SS)"
"matched","chungho-온리-드림-매트리스-s","청호나이스","온리 드림 매트리스 S","청호나이스","온리 드림 매트리스 싱글(S)","매트리스","https://rentre.kr/product/1600006135/%EC%98%A8%EB%A6%AC-%EB%93%9C%EB%A6%BC-%EB%A7%A4%ED%8A%B8%EB%A6%AC%EC%8A%A4-%EC%8B%B1%EA%B8%80(S)"
"matched","chungho-클린핏-s","청호나이스","클린핏 S","청호나이스","온리 드림 매트리스 싱글(S)","매트리스","https://rentre.kr/product/1600006135/%EC%98%A8%EB%A6%AC-%EB%93%9C%EB%A6%BC-%EB%A7%A4%ED%8A%B8%EB%A6%AC%EC%8A%A4-%EC%8B%B1%EA%B8%80(S)"
"matched","chungho-파운데이션-그레이-웜베이지-샌드베이지-s","청호나이스","파운데이션(그레이,웜베이지,샌드베이지) S","청호나이스","온리 드림 매트리스 싱글(S)","매트리스","https://rentre.kr/product/1600006135/%EC%98%A8%EB%A6%AC-%EB%93%9C%EB%A6%BC-%EB%A7%A4%ED%8A%B8%EB%A6%AC%EC%8A%A4-%EC%8B%B1%EA%B8%80(S)"
"unmatched_remote","","","","현대큐밍","HQMA30K40F","매트리스","https://rentre.kr/product/1600006942/%EB%84%A4%EC%8A%A4%ED%8A%B8%EB%9D%BC-%EB%A0%88%EC%8A%A4%ED%8A%B8-%EB%A7%A4%ED%8A%B8%EB%A6%AC%EC%8A%A4-%ED%82%B9(K)"
"unmatched_remote","","","","현대큐밍","HQMA50S40F","매트리스","https://rentre.kr/product/1600006943/%EB%84%A4%EC%8A%A4%ED%8A%B8%EB%9D%BC-%EB%85%B8%EB%B0%94-%EB%A7%A4%ED%8A%B8%EB%A6%AC%EC%8A%A4-%EC%8A%88%ED%8D%BC%EC%8B%B1%EA%B8%80(SS)"
"unmatched_remote","","","","현대큐밍","HQMA50K40F","매트리스","https://rentre.kr/product/1600006945/%EB%84%A4%EC%8A%A4%ED%8A%B8%EB%9D%BC-%EB%85%B8%EB%B0%94-%EB%A7%A4%ED%8A%B8%EB%A6%AC%EC%8A%A4-%ED%82%B9(K)"
"unmatched_remote","","","","현대큐밍","HQMB50K40F","매트리스","https://rentre.kr/product/1600006948/%EB%84%A4%EC%8A%A4%ED%8A%B8%EB%9D%BC-%EB%9F%AD%EC%8A%A4-%EB%A7%A4%ED%8A%B8%EB%A6%AC%EC%8A%A4-%ED%82%B9(K)"
"matched","chungho-네스티지-매트리스-k","청호나이스","네스티지 매트리스 K","청호나이스","네스티지 매트리스 킹(K)","매트리스","https://rentre.kr/product/1600007539/%EB%84%A4%EC%8A%A4%ED%8B%B0%EC%A7%80-%EB%A7%A4%ED%8A%B8%EB%A6%AC%EC%8A%A4-%ED%82%B9(K)"
"matched","chungho-듀얼-드림-매트리스-k","청호나이스","듀얼 드림 매트리스 K","청호나이스","네스티지 매트리스 킹(K)","매트리스","https://rentre.kr/product/1600007539/%EB%84%A4%EC%8A%A4%ED%8B%B0%EC%A7%80-%EB%A7%A4%ED%8A%B8%EB%A6%AC%EC%8A%A4-%ED%82%B9(K)"
"matched","chungho-듀얼-드림-온열-매트리스-k","청호나이스","듀얼 드림 온열 매트리스 K","청호나이스","네스티지 매트리스 킹(K)","매트리스","https://rentre.kr/product/1600007539/%EB%84%A4%EC%8A%A4%ED%8B%B0%EC%A7%80-%EB%A7%A4%ED%8A%B8%EB%A6%AC%EC%8A%A4-%ED%82%B9(K)"
"matched","chungho-듀얼-코지-매트리스-k","청호나이스","듀얼 코지 매트리스 K","청호나이스","네스티지 매트리스 킹(K)","매트리스","https://rentre.kr/product/1600007539/%EB%84%A4%EC%8A%A4%ED%8B%B0%EC%A7%80-%EB%A7%A4%ED%8A%B8%EB%A6%AC%EC%8A%A4-%ED%82%B9(K)"
"matched","chungho-듀얼-코지-온열-매트리스-k","청호나이스","듀얼 코지 온열 매트리스 K","청호나이스","네스티지 매트리스 킹(K)","매트리스","https://rentre.kr/product/1600007539/%EB%84%A4%EC%8A%A4%ED%8B%B0%EC%A7%80-%EB%A7%A4%ED%8A%B8%EB%A6%AC%EC%8A%A4-%ED%82%B9(K)"
"matched","chungho-로얄스위트-프라임-매트리스-k","청호나이스","로얄스위트 프라임 매트리스 K","청호나이스","네스티지 매트리스 킹(K)","매트리스","https://rentre.kr/product/1600007539/%EB%84%A4%EC%8A%A4%ED%8B%B0%EC%A7%80-%EB%A7%A4%ED%8A%B8%EB%A6%AC%EC%8A%A4-%ED%82%B9(K)"
"matched","chungho-멜로우-드림-매트리스-k","청호나이스","멜로우 드림 매트리스 K","청호나이스","네스티지 매트리스 킹(K)","매트리스","https://rentre.kr/product/1600007539/%EB%84%A4%EC%8A%A4%ED%8B%B0%EC%A7%80-%EB%A7%A4%ED%8A%B8%EB%A6%AC%EC%8A%A4-%ED%82%B9(K)"
"matched","chungho-스프링에어-파운데이션-k","청호나이스","스프링에어 파운데이션 K","청호나이스","네스티지 매트리스 킹(K)","매트리스","https://rentre.kr/product/1600007539/%EB%84%A4%EC%8A%A4%ED%8B%B0%EC%A7%80-%EB%A7%A4%ED%8A%B8%EB%A6%AC%EC%8A%A4-%ED%82%B9(K)"
"matched","chungho-클린핏-k","청호나이스","클린핏 K","청호나이스","네스티지 매트리스 킹(K)","매트리스","https://rentre.kr/product/1600007539/%EB%84%A4%EC%8A%A4%ED%8B%B0%EC%A7%80-%EB%A7%A4%ED%8A%B8%EB%A6%AC%EC%8A%A4-%ED%82%B9(K)"
"matched","chungho-파운데이션-그레이-웜베이지-샌드베이지-k","청호나이스","파운데이션(그레이,웜베이지,샌드베이지) K","청호나이스","네스티지 매트리스 킹(K)","매트리스","https://rentre.kr/product/1600007539/%EB%84%A4%EC%8A%A4%ED%8B%B0%EC%A7%80-%EB%A7%A4%ED%8A%B8%EB%A6%AC%EC%8A%A4-%ED%82%B9(K)"
"unmatched_remote","","","","웰스","MP978","매트리스","https://rentre.kr/product/1600007667/%EC%9B%B0%EC%8A%A4-%EB%A7%A4%ED%8A%B8%EB%A6%AC%EC%8A%A4-%EC%BD%94%EC%A7%80-%EC%8A%AC%EB%A6%BD-%ED%82%B9(K)"
"unmatched_remote","","","","웰스","MR575","매트리스","https://rentre.kr/product/1600007668/%EC%9B%B0%EC%8A%A4-%EB%A7%A4%ED%8A%B8%EB%A6%AC%EC%8A%A4-%ED%95%98%EC%9D%B4%EB%B8%8C%EB%A6%AC%EB%93%9C%2B-%EC%8A%88%ED%8D%BC%EC%8B%B1%EA%B8%80(SS)"
"unmatched_remote","","","","웰스","MR975","매트리스","https://rentre.kr/product/1600007670/%EC%9B%B0%EC%8A%A4-%EB%A7%A4%ED%8A%B8%EB%A6%AC%EC%8A%A4-%ED%95%98%EC%9D%B4%EB%B8%8C%EB%A6%AC%EB%93%9C%2B-%ED%82%B9(K)"
"unmatched_remote","","","","웰스","MR576","매트리스","https://rentre.kr/product/1600007672/%EC%9B%B0%EC%8A%A4-%EB%A7%A4%ED%8A%B8%EB%A6%AC%EC%8A%A4-%ED%95%98%EC%9D%B4%EB%B8%8C%EB%A6%AC%EB%93%9C-%EC%8A%88%ED%8D%BC%EC%8B%B1%EA%B8%80(SS)"
"unmatched_remote","","","","웰스","MP579","매트리스","https://rentre.kr/product/1600007692/%EC%8A%A4%ED%94%84%EB%A7%81%EC%97%90%EC%96%B4-%EB%A7%A4%ED%8A%B8%EB%A6%AC%EC%8A%A4-%EB%84%A4%EC%9D%B4%EC%B2%98-%EC%8A%88%ED%8D%BC%EC%8B%B1%EA%B8%80(SS)"
"unmatched_remote","","","","웰스","MP979","매트리스","https://rentre.kr/product/1600007694/%EC%8A%A4%ED%94%84%EB%A7%81%EC%97%90%EC%96%B4-%EB%A7%A4%ED%8A%B8%EB%A6%AC%EC%8A%A4-%EB%84%A4%EC%9D%B4%EC%B2%98-%ED%82%B9(K)"
"matched","coway-cflk-f05","코웨이","CFLK-F05","코웨이","CFLK-F05","매트리스","https://rentre.kr/product/1600008386/BEREX-%EB%AA%A8%EB%8D%98-%ED%94%8C%EB%9F%AC%EC%8A%A4-%ED%8C%8C%EC%9A%B4%EB%8D%B0%EC%9D%B4%EC%85%98-%EB%A7%A4%ED%8A%B8%EB%A6%AC%EC%8A%A4-%EB%9D%BC%EC%A7%80%ED%82%B9-(LK)"
"matched","coway-cfk-f05","코웨이","CFK-F05","코웨이","CFK-F05","매트리스","https://rentre.kr/product/1600008388/BEREX-%EB%AA%A8%EB%8D%98-%ED%94%8C%EB%9F%AC%EC%8A%A4-%ED%8C%8C%EC%9A%B4%EB%8D%B0%EC%9D%B4%EC%85%98-%EB%A7%A4%ED%8A%B8%EB%A6%AC%EC%8A%A4-%ED%82%B9-(K)"
"unmatched_remote","","","","쿠쿠","CRM-E01HEMSSS","매트리스","https://rentre.kr/product/1600008397/%EB%A0%88%EC%8A%A4%ED%8B%B0%EB%85%B8-%EC%9C%A0%EB%A1%9C%ED%83%91-%EB%A7%A4%ED%8A%B8%EB%A6%AC%EC%8A%A4-%EC%8A%88%ED%8D%BC%EC%8B%B1%EA%B8%80(SS)"
"unmatched_remote","","","","쿠쿠","CRM-E01HEMSQ","매트리스","https://rentre.kr/product/1600008399/%EB%A0%88%EC%8A%A4%ED%8B%B0%EB%85%B8-%EC%9C%A0%EB%A1%9C%ED%83%91-%EB%A7%A4%ED%8A%B8%EB%A6%AC%EC%8A%A4-%ED%80%B8(Q)"
"unmatched_remote","","","","쿠쿠","CRM-E01HEMSK","매트리스","https://rentre.kr/product/1600008400/%EB%A0%88%EC%8A%A4%ED%8B%B0%EB%85%B8-%EC%9C%A0%EB%A1%9C%ED%83%91-%EB%A7%A4%ED%8A%B8%EB%A6%AC%EC%8A%A4-%ED%82%B9(K)"
"unmatched_remote","","","","쿠쿠","CRM-E01HEMSLK","매트리스","https://rentre.kr/product/1600008401/%EB%A0%88%EC%8A%A4%ED%8B%B0%EB%85%B8-%EC%9C%A0%EB%A1%9C%ED%83%91-%EB%A7%A4%ED%8A%B8%EB%A6%AC%EC%8A%A4-%EB%9D%BC%EC%A7%80%ED%82%B9(LK)"
"unmatched_remote","","","","쿠쿠","CRM-F01HPSSS","매트리스","https://rentre.kr/product/1600008402/%EB%A0%88%EC%8A%A4%ED%8B%B0%EB%85%B8-%ED%95%84%EB%A1%9C%EC%9A%B0%ED%83%91-%EB%A7%A4%ED%8A%B8%EB%A6%AC%EC%8A%A4-%EC%8A%88%ED%8D%BC%EC%8B%B1%EA%B8%80(SS)"
"unmatched_remote","","","","쿠쿠","CRM-F01HPSQ","매트리스","https://rentre.kr/product/1600008403/%EB%A0%88%EC%8A%A4%ED%8B%B0%EB%85%B8-%ED%95%84%EB%A1%9C%EC%9A%B0%ED%83%91-%EB%A7%A4%ED%8A%B8%EB%A6%AC%EC%8A%A4-%ED%80%B8(Q)"
"unmatched_remote","","","","쿠쿠","CRM-F01HPSK","매트리스","https://rentre.kr/product/1600008404/%EB%A0%88%EC%8A%A4%ED%8B%B0%EB%85%B8-%ED%95%84%EB%A1%9C%EC%9A%B0%ED%83%91-%EB%A7%A4%ED%8A%B8%EB%A6%AC%EC%8A%A4-%ED%82%B9(K)"
"unmatched_remote","","","","쿠쿠","CRM-F01HPSLK","매트리스","https://rentre.kr/product/1600008405/%EB%A0%88%EC%8A%A4%ED%8B%B0%EB%85%B8-%ED%95%84%EB%A1%9C%EC%9A%B0%ED%83%91-%EB%A7%A4%ED%8A%B8%EB%A6%AC%EC%8A%A4-%EB%9D%BC%EC%A7%80%ED%82%B9(LK)"
"unmatched_remote","","","","쿠쿠","CRM-J01STMHS","매트리스","https://rentre.kr/product/1600008406/%EB%A0%88%EC%8A%A4%ED%8B%B0%EB%85%B8-%EC%BB%A4%EB%B2%84-%EB%B6%84%EB%A6%AC%ED%98%95-%EB%A7%A4%ED%8A%B8%EB%A6%AC%EC%8A%A4-%EC%8B%B1%EA%B8%80(S)"
"matched","coway-cfq-f05","코웨이","CFQ-F05","코웨이","CFQ-F05","매트리스","https://rentre.kr/product/1600008407/BEREX-%EB%AA%A8%EB%8D%98-%ED%94%8C%EB%9F%AC%EC%8A%A4-%ED%8C%8C%EC%9A%B4%EB%8D%B0%EC%9D%B4%EC%85%98-%EB%A7%A4%ED%8A%B8%EB%A6%AC%EC%8A%A4-%ED%80%B8-(Q)"
"unmatched_remote","","","","쿠쿠","CRM-J01STMHSS","매트리스","https://rentre.kr/product/1600008408/%EB%A0%88%EC%8A%A4%ED%8B%B0%EB%85%B8-%EC%BB%A4%EB%B2%84-%EB%B6%84%EB%A6%AC%ED%98%95-%EB%A7%A4%ED%8A%B8%EB%A6%AC%EC%8A%A4-%EC%8A%88%ED%8D%BC%EC%8B%B1%EA%B8%80(SS)"
"unmatched_remote","","","","쿠쿠","CRM-J01STMHQ","매트리스","https://rentre.kr/product/1600008410/%EB%A0%88%EC%8A%A4%ED%8B%B0%EB%85%B8-%EC%BB%A4%EB%B2%84-%EB%B6%84%EB%A6%AC%ED%98%95-%EB%A7%A4%ED%8A%B8%EB%A6%AC%EC%8A%A4-%ED%80%B8(Q)"
"matched","coway-cfss-f05","코웨이","CFSS-F05","코웨이","CFSS-F05","매트리스","https://rentre.kr/product/1600008412/BEREX-%EB%AA%A8%EB%8D%98-%ED%94%8C%EB%9F%AC%EC%8A%A4-%ED%8C%8C%EC%9A%B4%EB%8D%B0%EC%9D%B4%EC%85%98-%EB%A7%A4%ED%8A%B8%EB%A6%AC%EC%8A%A4-%EC%8A%88%ED%8D%BC%EC%8B%B1%EA%B8%80-(SS)"
"matched","chungho-네스티지-매트리스-ss","청호나이스","네스티지 매트리스 SS","청호나이스","듀얼 코지 온열 매트리스 슈퍼싱글(SS)","매트리스","https://rentre.kr/product/1600008643/%EB%93%80%EC%96%BC-%EC%BD%94%EC%A7%80-%EC%98%A8%EC%97%B4-%EB%A7%A4%ED%8A%B8%EB%A6%AC%EC%8A%A4-%EC%8A%88%ED%8D%BC%EC%8B%B1%EA%B8%80(SS)"
"matched","chungho-듀얼-드림-매트리스-ss","청호나이스","듀얼 드림 매트리스 SS","청호나이스","듀얼 코지 온열 매트리스 슈퍼싱글(SS)","매트리스","https://rentre.kr/product/1600008643/%EB%93%80%EC%96%BC-%EC%BD%94%EC%A7%80-%EC%98%A8%EC%97%B4-%EB%A7%A4%ED%8A%B8%EB%A6%AC%EC%8A%A4-%EC%8A%88%ED%8D%BC%EC%8B%B1%EA%B8%80(SS)"
"matched","chungho-듀얼-드림-온열-매트리스-ss","청호나이스","듀얼 드림 온열 매트리스 SS","청호나이스","듀얼 코지 온열 매트리스 슈퍼싱글(SS)","매트리스","https://rentre.kr/product/1600008643/%EB%93%80%EC%96%BC-%EC%BD%94%EC%A7%80-%EC%98%A8%EC%97%B4-%EB%A7%A4%ED%8A%B8%EB%A6%AC%EC%8A%A4-%EC%8A%88%ED%8D%BC%EC%8B%B1%EA%B8%80(SS)"
"matched","chungho-듀얼-코지-매트리스-ss","청호나이스","듀얼 코지 매트리스 SS","청호나이스","듀얼 코지 온열 매트리스 슈퍼싱글(SS)","매트리스","https://rentre.kr/product/1600008643/%EB%93%80%EC%96%BC-%EC%BD%94%EC%A7%80-%EC%98%A8%EC%97%B4-%EB%A7%A4%ED%8A%B8%EB%A6%AC%EC%8A%A4-%EC%8A%88%ED%8D%BC%EC%8B%B1%EA%B8%80(SS)"
"matched","chungho-듀얼-코지-온열-매트리스-ss","청호나이스","듀얼 코지 온열 매트리스 SS","청호나이스","듀얼 코지 온열 매트리스 슈퍼싱글(SS)","매트리스","https://rentre.kr/product/1600008643/%EB%93%80%EC%96%BC-%EC%BD%94%EC%A7%80-%EC%98%A8%EC%97%B4-%EB%A7%A4%ED%8A%B8%EB%A6%AC%EC%8A%A4-%EC%8A%88%ED%8D%BC%EC%8B%B1%EA%B8%80(SS)"
"matched","chungho-로얄스위트-프라임-매트리스-ss","청호나이스","로얄스위트 프라임 매트리스 SS","청호나이스","듀얼 코지 온열 매트리스 슈퍼싱글(SS)","매트리스","https://rentre.kr/product/1600008643/%EB%93%80%EC%96%BC-%EC%BD%94%EC%A7%80-%EC%98%A8%EC%97%B4-%EB%A7%A4%ED%8A%B8%EB%A6%AC%EC%8A%A4-%EC%8A%88%ED%8D%BC%EC%8B%B1%EA%B8%80(SS)"
"matched","chungho-멜로우-드림-매트리스-ss","청호나이스","멜로우 드림 매트리스 SS","청호나이스","듀얼 코지 온열 매트리스 슈퍼싱글(SS)","매트리스","https://rentre.kr/product/1600008643/%EB%93%80%EC%96%BC-%EC%BD%94%EC%A7%80-%EC%98%A8%EC%97%B4-%EB%A7%A4%ED%8A%B8%EB%A6%AC%EC%8A%A4-%EC%8A%88%ED%8D%BC%EC%8B%B1%EA%B8%80(SS)"
"matched","chungho-스프링에어-파운데이션-ss","청호나이스","스프링에어 파운데이션 SS","청호나이스","듀얼 코지 온열 매트리스 슈퍼싱글(SS)","매트리스","https://rentre.kr/product/1600008643/%EB%93%80%EC%96%BC-%EC%BD%94%EC%A7%80-%EC%98%A8%EC%97%B4-%EB%A7%A4%ED%8A%B8%EB%A6%AC%EC%8A%A4-%EC%8A%88%ED%8D%BC%EC%8B%B1%EA%B8%80(SS)"
"matched","chungho-온리-드림-매트리스-ss","청호나이스","온리 드림 매트리스 SS","청호나이스","듀얼 코지 온열 매트리스 슈퍼싱글(SS)","매트리스","https://rentre.kr/product/1600008643/%EB%93%80%EC%96%BC-%EC%BD%94%EC%A7%80-%EC%98%A8%EC%97%B4-%EB%A7%A4%ED%8A%B8%EB%A6%AC%EC%8A%A4-%EC%8A%88%ED%8D%BC%EC%8B%B1%EA%B8%80(SS)"
"matched","chungho-클린핏-ss","청호나이스","클린핏 SS","청호나이스","듀얼 코지 온열 매트리스 슈퍼싱글(SS)","매트리스","https://rentre.kr/product/1600008643/%EB%93%80%EC%96%BC-%EC%BD%94%EC%A7%80-%EC%98%A8%EC%97%B4-%EB%A7%A4%ED%8A%B8%EB%A6%AC%EC%8A%A4-%EC%8A%88%ED%8D%BC%EC%8B%B1%EA%B8%80(SS)"
"matched","chungho-파운데이션-그레이-웜베이지-샌드베이지-ss","청호나이스","파운데이션(그레이,웜베이지,샌드베이지) SS","청호나이스","듀얼 코지 온열 매트리스 슈퍼싱글(SS)","매트리스","https://rentre.kr/product/1600008643/%EB%93%80%EC%96%BC-%EC%BD%94%EC%A7%80-%EC%98%A8%EC%97%B4-%EB%A7%A4%ED%8A%B8%EB%A6%AC%EC%8A%A4-%EC%8A%88%ED%8D%BC%EC%8B%B1%EA%B8%80(SS)"
"matched","chungho-네스티지-매트리스-q","청호나이스","네스티지 매트리스 Q","청호나이스","듀얼 코지 온열 매트리스 퀸(Q)","매트리스","https://rentre.kr/product/1600008644/%EB%93%80%EC%96%BC-%EC%BD%94%EC%A7%80-%EC%98%A8%EC%97%B4-%EB%A7%A4%ED%8A%B8%EB%A6%AC%EC%8A%A4-%ED%80%B8(Q)"
"matched","chungho-듀얼-드림-매트리스-q","청호나이스","듀얼 드림 매트리스 Q","청호나이스","듀얼 코지 온열 매트리스 퀸(Q)","매트리스","https://rentre.kr/product/1600008644/%EB%93%80%EC%96%BC-%EC%BD%94%EC%A7%80-%EC%98%A8%EC%97%B4-%EB%A7%A4%ED%8A%B8%EB%A6%AC%EC%8A%A4-%ED%80%B8(Q)"
"matched","chungho-듀얼-드림-온열-매트리스-q","청호나이스","듀얼 드림 온열 매트리스 Q","청호나이스","듀얼 코지 온열 매트리스 퀸(Q)","매트리스","https://rentre.kr/product/1600008644/%EB%93%80%EC%96%BC-%EC%BD%94%EC%A7%80-%EC%98%A8%EC%97%B4-%EB%A7%A4%ED%8A%B8%EB%A6%AC%EC%8A%A4-%ED%80%B8(Q)"
"matched","chungho-듀얼-코지-매트리스-q","청호나이스","듀얼 코지 매트리스 Q","청호나이스","듀얼 코지 온열 매트리스 퀸(Q)","매트리스","https://rentre.kr/product/1600008644/%EB%93%80%EC%96%BC-%EC%BD%94%EC%A7%80-%EC%98%A8%EC%97%B4-%EB%A7%A4%ED%8A%B8%EB%A6%AC%EC%8A%A4-%ED%80%B8(Q)"
"matched","chungho-듀얼-코지-온열-매트리스-q","청호나이스","듀얼 코지 온열 매트리스 Q","청호나이스","듀얼 코지 온열 매트리스 퀸(Q)","매트리스","https://rentre.kr/product/1600008644/%EB%93%80%EC%96%BC-%EC%BD%94%EC%A7%80-%EC%98%A8%EC%97%B4-%EB%A7%A4%ED%8A%B8%EB%A6%AC%EC%8A%A4-%ED%80%B8(Q)"
"matched","chungho-로얄스위트-프라임-매트리스-q","청호나이스","로얄스위트 프라임 매트리스 Q","청호나이스","듀얼 코지 온열 매트리스 퀸(Q)","매트리스","https://rentre.kr/product/1600008644/%EB%93%80%EC%96%BC-%EC%BD%94%EC%A7%80-%EC%98%A8%EC%97%B4-%EB%A7%A4%ED%8A%B8%EB%A6%AC%EC%8A%A4-%ED%80%B8(Q)"
"matched","chungho-멜로우-드림-매트리스-q","청호나이스","멜로우 드림 매트리스 Q","청호나이스","듀얼 코지 온열 매트리스 퀸(Q)","매트리스","https://rentre.kr/product/1600008644/%EB%93%80%EC%96%BC-%EC%BD%94%EC%A7%80-%EC%98%A8%EC%97%B4-%EB%A7%A4%ED%8A%B8%EB%A6%AC%EC%8A%A4-%ED%80%B8(Q)"
"matched","chungho-스프링에어-파운데이션-q","청호나이스","스프링에어 파운데이션 Q","청호나이스","듀얼 코지 온열 매트리스 퀸(Q)","매트리스","https://rentre.kr/product/1600008644/%EB%93%80%EC%96%BC-%EC%BD%94%EC%A7%80-%EC%98%A8%EC%97%B4-%EB%A7%A4%ED%8A%B8%EB%A6%AC%EC%8A%A4-%ED%80%B8(Q)"
"matched","chungho-온리-드림-매트리스-q","청호나이스","온리 드림 매트리스 Q","청호나이스","듀얼 코지 온열 매트리스 퀸(Q)","매트리스","https://rentre.kr/product/1600008644/%EB%93%80%EC%96%BC-%EC%BD%94%EC%A7%80-%EC%98%A8%EC%97%B4-%EB%A7%A4%ED%8A%B8%EB%A6%AC%EC%8A%A4-%ED%80%B8(Q)"
"matched","chungho-클린핏-q","청호나이스","클린핏 Q","청호나이스","듀얼 코지 온열 매트리스 퀸(Q)","매트리스","https://rentre.kr/product/1600008644/%EB%93%80%EC%96%BC-%EC%BD%94%EC%A7%80-%EC%98%A8%EC%97%B4-%EB%A7%A4%ED%8A%B8%EB%A6%AC%EC%8A%A4-%ED%80%B8(Q)"
"matched","chungho-파운데이션-그레이-웜베이지-샌드베이지-q","청호나이스","파운데이션(그레이,웜베이지,샌드베이지) Q","청호나이스","듀얼 코지 온열 매트리스 퀸(Q)","매트리스","https://rentre.kr/product/1600008644/%EB%93%80%EC%96%BC-%EC%BD%94%EC%A7%80-%EC%98%A8%EC%97%B4-%EB%A7%A4%ED%8A%B8%EB%A6%AC%EC%8A%A4-%ED%80%B8(Q)"
"matched","chungho-네스티지-매트리스-k","청호나이스","네스티지 매트리스 K","청호나이스","듀얼 코지 온열 매트리스 킹(K)","매트리스","https://rentre.kr/product/1600008645/%EB%93%80%EC%96%BC-%EC%BD%94%EC%A7%80-%EC%98%A8%EC%97%B4-%EB%A7%A4%ED%8A%B8%EB%A6%AC%EC%8A%A4-%ED%82%B9(K)"
"matched","chungho-듀얼-드림-매트리스-k","청호나이스","듀얼 드림 매트리스 K","청호나이스","듀얼 코지 온열 매트리스 킹(K)","매트리스","https://rentre.kr/product/1600008645/%EB%93%80%EC%96%BC-%EC%BD%94%EC%A7%80-%EC%98%A8%EC%97%B4-%EB%A7%A4%ED%8A%B8%EB%A6%AC%EC%8A%A4-%ED%82%B9(K)"
"matched","chungho-듀얼-드림-온열-매트리스-k","청호나이스","듀얼 드림 온열 매트리스 K","청호나이스","듀얼 코지 온열 매트리스 킹(K)","매트리스","https://rentre.kr/product/1600008645/%EB%93%80%EC%96%BC-%EC%BD%94%EC%A7%80-%EC%98%A8%EC%97%B4-%EB%A7%A4%ED%8A%B8%EB%A6%AC%EC%8A%A4-%ED%82%B9(K)"
"matched","chungho-듀얼-코지-매트리스-k","청호나이스","듀얼 코지 매트리스 K","청호나이스","듀얼 코지 온열 매트리스 킹(K)","매트리스","https://rentre.kr/product/1600008645/%EB%93%80%EC%96%BC-%EC%BD%94%EC%A7%80-%EC%98%A8%EC%97%B4-%EB%A7%A4%ED%8A%B8%EB%A6%AC%EC%8A%A4-%ED%82%B9(K)"
"matched","chungho-듀얼-코지-온열-매트리스-k","청호나이스","듀얼 코지 온열 매트리스 K","청호나이스","듀얼 코지 온열 매트리스 킹(K)","매트리스","https://rentre.kr/product/1600008645/%EB%93%80%EC%96%BC-%EC%BD%94%EC%A7%80-%EC%98%A8%EC%97%B4-%EB%A7%A4%ED%8A%B8%EB%A6%AC%EC%8A%A4-%ED%82%B9(K)"
"matched","chungho-로얄스위트-프라임-매트리스-k","청호나이스","로얄스위트 프라임 매트리스 K","청호나이스","듀얼 코지 온열 매트리스 킹(K)","매트리스","https://rentre.kr/product/1600008645/%EB%93%80%EC%96%BC-%EC%BD%94%EC%A7%80-%EC%98%A8%EC%97%B4-%EB%A7%A4%ED%8A%B8%EB%A6%AC%EC%8A%A4-%ED%82%B9(K)"
"matched","chungho-멜로우-드림-매트리스-k","청호나이스","멜로우 드림 매트리스 K","청호나이스","듀얼 코지 온열 매트리스 킹(K)","매트리스","https://rentre.kr/product/1600008645/%EB%93%80%EC%96%BC-%EC%BD%94%EC%A7%80-%EC%98%A8%EC%97%B4-%EB%A7%A4%ED%8A%B8%EB%A6%AC%EC%8A%A4-%ED%82%B9(K)"
"matched","chungho-스프링에어-파운데이션-k","청호나이스","스프링에어 파운데이션 K","청호나이스","듀얼 코지 온열 매트리스 킹(K)","매트리스","https://rentre.kr/product/1600008645/%EB%93%80%EC%96%BC-%EC%BD%94%EC%A7%80-%EC%98%A8%EC%97%B4-%EB%A7%A4%ED%8A%B8%EB%A6%AC%EC%8A%A4-%ED%82%B9(K)"
"matched","chungho-클린핏-k","청호나이스","클린핏 K","청호나이스","듀얼 코지 온열 매트리스 킹(K)","매트리스","https://rentre.kr/product/1600008645/%EB%93%80%EC%96%BC-%EC%BD%94%EC%A7%80-%EC%98%A8%EC%97%B4-%EB%A7%A4%ED%8A%B8%EB%A6%AC%EC%8A%A4-%ED%82%B9(K)"
"matched","chungho-파운데이션-그레이-웜베이지-샌드베이지-k","청호나이스","파운데이션(그레이,웜베이지,샌드베이지) K","청호나이스","듀얼 코지 온열 매트리스 킹(K)","매트리스","https://rentre.kr/product/1600008645/%EB%93%80%EC%96%BC-%EC%BD%94%EC%A7%80-%EC%98%A8%EC%97%B4-%EB%A7%A4%ED%8A%B8%EB%A6%AC%EC%8A%A4-%ED%82%B9(K)"
"matched","chungho-네스티지-매트리스-lk","청호나이스","네스티지 매트리스 LK","청호나이스","듀얼 코지 온열 매트리스 라지킹(LK)","매트리스","https://rentre.kr/product/1600008646/%EB%93%80%EC%96%BC-%EC%BD%94%EC%A7%80-%EC%98%A8%EC%97%B4-%EB%A7%A4%ED%8A%B8%EB%A6%AC%EC%8A%A4-%EB%9D%BC%EC%A7%80%ED%82%B9(LK)"
"matched","chungho-듀얼-드림-매트리스-lk","청호나이스","듀얼 드림 매트리스 LK","청호나이스","듀얼 코지 온열 매트리스 라지킹(LK)","매트리스","https://rentre.kr/product/1600008646/%EB%93%80%EC%96%BC-%EC%BD%94%EC%A7%80-%EC%98%A8%EC%97%B4-%EB%A7%A4%ED%8A%B8%EB%A6%AC%EC%8A%A4-%EB%9D%BC%EC%A7%80%ED%82%B9(LK)"
"matched","chungho-듀얼-드림-온열-매트리스-lk","청호나이스","듀얼 드림 온열 매트리스 LK","청호나이스","듀얼 코지 온열 매트리스 라지킹(LK)","매트리스","https://rentre.kr/product/1600008646/%EB%93%80%EC%96%BC-%EC%BD%94%EC%A7%80-%EC%98%A8%EC%97%B4-%EB%A7%A4%ED%8A%B8%EB%A6%AC%EC%8A%A4-%EB%9D%BC%EC%A7%80%ED%82%B9(LK)"
"matched","chungho-듀얼-코지-매트리스-lk","청호나이스","듀얼 코지 매트리스 LK","청호나이스","듀얼 코지 온열 매트리스 라지킹(LK)","매트리스","https://rentre.kr/product/1600008646/%EB%93%80%EC%96%BC-%EC%BD%94%EC%A7%80-%EC%98%A8%EC%97%B4-%EB%A7%A4%ED%8A%B8%EB%A6%AC%EC%8A%A4-%EB%9D%BC%EC%A7%80%ED%82%B9(LK)"
"matched","chungho-듀얼-코지-온열-매트리스-lk","청호나이스","듀얼 코지 온열 매트리스 LK","청호나이스","듀얼 코지 온열 매트리스 라지킹(LK)","매트리스","https://rentre.kr/product/1600008646/%EB%93%80%EC%96%BC-%EC%BD%94%EC%A7%80-%EC%98%A8%EC%97%B4-%EB%A7%A4%ED%8A%B8%EB%A6%AC%EC%8A%A4-%EB%9D%BC%EC%A7%80%ED%82%B9(LK)"
"matched","chungho-로얄스위트-프라임-매트리스-lk","청호나이스","로얄스위트 프라임 매트리스 LK","청호나이스","듀얼 코지 온열 매트리스 라지킹(LK)","매트리스","https://rentre.kr/product/1600008646/%EB%93%80%EC%96%BC-%EC%BD%94%EC%A7%80-%EC%98%A8%EC%97%B4-%EB%A7%A4%ED%8A%B8%EB%A6%AC%EC%8A%A4-%EB%9D%BC%EC%A7%80%ED%82%B9(LK)"
"matched","chungho-멜로우-드림-매트리스-lk","청호나이스","멜로우 드림 매트리스 LK","청호나이스","듀얼 코지 온열 매트리스 라지킹(LK)","매트리스","https://rentre.kr/product/1600008646/%EB%93%80%EC%96%BC-%EC%BD%94%EC%A7%80-%EC%98%A8%EC%97%B4-%EB%A7%A4%ED%8A%B8%EB%A6%AC%EC%8A%A4-%EB%9D%BC%EC%A7%80%ED%82%B9(LK)"
"matched","chungho-파운데이션-그레이-웜베이지-샌드베이지-lk","청호나이스","파운데이션(그레이,웜베이지,샌드베이지) LK","청호나이스","듀얼 코지 온열 매트리스 라지킹(LK)","매트리스","https://rentre.kr/product/1600008646/%EB%93%80%EC%96%BC-%EC%BD%94%EC%A7%80-%EC%98%A8%EC%97%B4-%EB%A7%A4%ED%8A%B8%EB%A6%AC%EC%8A%A4-%EB%9D%BC%EC%A7%80%ED%82%B9(LK)"
"matched","chungho-네스티지-매트리스-ss","청호나이스","네스티지 매트리스 SS","청호나이스","듀얼 드림 온열 매트리스 슈퍼싱글(SS)","매트리스","https://rentre.kr/product/1600008648/%EB%93%80%EC%96%BC-%EB%93%9C%EB%A6%BC-%EC%98%A8%EC%97%B4-%EB%A7%A4%ED%8A%B8%EB%A6%AC%EC%8A%A4-%EC%8A%88%ED%8D%BC%EC%8B%B1%EA%B8%80(SS)"
"matched","chungho-듀얼-드림-매트리스-ss","청호나이스","듀얼 드림 매트리스 SS","청호나이스","듀얼 드림 온열 매트리스 슈퍼싱글(SS)","매트리스","https://rentre.kr/product/1600008648/%EB%93%80%EC%96%BC-%EB%93%9C%EB%A6%BC-%EC%98%A8%EC%97%B4-%EB%A7%A4%ED%8A%B8%EB%A6%AC%EC%8A%A4-%EC%8A%88%ED%8D%BC%EC%8B%B1%EA%B8%80(SS)"
"matched","chungho-듀얼-드림-온열-매트리스-ss","청호나이스","듀얼 드림 온열 매트리스 SS","청호나이스","듀얼 드림 온열 매트리스 슈퍼싱글(SS)","매트리스","https://rentre.kr/product/1600008648/%EB%93%80%EC%96%BC-%EB%93%9C%EB%A6%BC-%EC%98%A8%EC%97%B4-%EB%A7%A4%ED%8A%B8%EB%A6%AC%EC%8A%A4-%EC%8A%88%ED%8D%BC%EC%8B%B1%EA%B8%80(SS)"
"matched","chungho-듀얼-코지-매트리스-ss","청호나이스","듀얼 코지 매트리스 SS","청호나이스","듀얼 드림 온열 매트리스 슈퍼싱글(SS)","매트리스","https://rentre.kr/product/1600008648/%EB%93%80%EC%96%BC-%EB%93%9C%EB%A6%BC-%EC%98%A8%EC%97%B4-%EB%A7%A4%ED%8A%B8%EB%A6%AC%EC%8A%A4-%EC%8A%88%ED%8D%BC%EC%8B%B1%EA%B8%80(SS)"
"matched","chungho-듀얼-코지-온열-매트리스-ss","청호나이스","듀얼 코지 온열 매트리스 SS","청호나이스","듀얼 드림 온열 매트리스 슈퍼싱글(SS)","매트리스","https://rentre.kr/product/1600008648/%EB%93%80%EC%96%BC-%EB%93%9C%EB%A6%BC-%EC%98%A8%EC%97%B4-%EB%A7%A4%ED%8A%B8%EB%A6%AC%EC%8A%A4-%EC%8A%88%ED%8D%BC%EC%8B%B1%EA%B8%80(SS)"
"matched","chungho-로얄스위트-프라임-매트리스-ss","청호나이스","로얄스위트 프라임 매트리스 SS","청호나이스","듀얼 드림 온열 매트리스 슈퍼싱글(SS)","매트리스","https://rentre.kr/product/1600008648/%EB%93%80%EC%96%BC-%EB%93%9C%EB%A6%BC-%EC%98%A8%EC%97%B4-%EB%A7%A4%ED%8A%B8%EB%A6%AC%EC%8A%A4-%EC%8A%88%ED%8D%BC%EC%8B%B1%EA%B8%80(SS)"
"matched","chungho-멜로우-드림-매트리스-ss","청호나이스","멜로우 드림 매트리스 SS","청호나이스","듀얼 드림 온열 매트리스 슈퍼싱글(SS)","매트리스","https://rentre.kr/product/1600008648/%EB%93%80%EC%96%BC-%EB%93%9C%EB%A6%BC-%EC%98%A8%EC%97%B4-%EB%A7%A4%ED%8A%B8%EB%A6%AC%EC%8A%A4-%EC%8A%88%ED%8D%BC%EC%8B%B1%EA%B8%80(SS)"
"matched","chungho-스프링에어-파운데이션-ss","청호나이스","스프링에어 파운데이션 SS","청호나이스","듀얼 드림 온열 매트리스 슈퍼싱글(SS)","매트리스","https://rentre.kr/product/1600008648/%EB%93%80%EC%96%BC-%EB%93%9C%EB%A6%BC-%EC%98%A8%EC%97%B4-%EB%A7%A4%ED%8A%B8%EB%A6%AC%EC%8A%A4-%EC%8A%88%ED%8D%BC%EC%8B%B1%EA%B8%80(SS)"
"matched","chungho-온리-드림-매트리스-ss","청호나이스","온리 드림 매트리스 SS","청호나이스","듀얼 드림 온열 매트리스 슈퍼싱글(SS)","매트리스","https://rentre.kr/product/1600008648/%EB%93%80%EC%96%BC-%EB%93%9C%EB%A6%BC-%EC%98%A8%EC%97%B4-%EB%A7%A4%ED%8A%B8%EB%A6%AC%EC%8A%A4-%EC%8A%88%ED%8D%BC%EC%8B%B1%EA%B8%80(SS)"
"matched","chungho-클린핏-ss","청호나이스","클린핏 SS","청호나이스","듀얼 드림 온열 매트리스 슈퍼싱글(SS)","매트리스","https://rentre.kr/product/1600008648/%EB%93%80%EC%96%BC-%EB%93%9C%EB%A6%BC-%EC%98%A8%EC%97%B4-%EB%A7%A4%ED%8A%B8%EB%A6%AC%EC%8A%A4-%EC%8A%88%ED%8D%BC%EC%8B%B1%EA%B8%80(SS)"
"matched","chungho-파운데이션-그레이-웜베이지-샌드베이지-ss","청호나이스","파운데이션(그레이,웜베이지,샌드베이지) SS","청호나이스","듀얼 드림 온열 매트리스 슈퍼싱글(SS)","매트리스","https://rentre.kr/product/1600008648/%EB%93%80%EC%96%BC-%EB%93%9C%EB%A6%BC-%EC%98%A8%EC%97%B4-%EB%A7%A4%ED%8A%B8%EB%A6%AC%EC%8A%A4-%EC%8A%88%ED%8D%BC%EC%8B%B1%EA%B8%80(SS)"
"matched","chungho-네스티지-매트리스-q","청호나이스","네스티지 매트리스 Q","청호나이스","듀얼 드림 온열 매트리스 퀸(Q)","매트리스","https://rentre.kr/product/1600008649/%EB%93%80%EC%96%BC-%EB%93%9C%EB%A6%BC-%EC%98%A8%EC%97%B4-%EB%A7%A4%ED%8A%B8%EB%A6%AC%EC%8A%A4-%ED%80%B8(Q)"
"matched","chungho-듀얼-드림-매트리스-q","청호나이스","듀얼 드림 매트리스 Q","청호나이스","듀얼 드림 온열 매트리스 퀸(Q)","매트리스","https://rentre.kr/product/1600008649/%EB%93%80%EC%96%BC-%EB%93%9C%EB%A6%BC-%EC%98%A8%EC%97%B4-%EB%A7%A4%ED%8A%B8%EB%A6%AC%EC%8A%A4-%ED%80%B8(Q)"
"matched","chungho-듀얼-드림-온열-매트리스-q","청호나이스","듀얼 드림 온열 매트리스 Q","청호나이스","듀얼 드림 온열 매트리스 퀸(Q)","매트리스","https://rentre.kr/product/1600008649/%EB%93%80%EC%96%BC-%EB%93%9C%EB%A6%BC-%EC%98%A8%EC%97%B4-%EB%A7%A4%ED%8A%B8%EB%A6%AC%EC%8A%A4-%ED%80%B8(Q)"
"matched","chungho-듀얼-코지-매트리스-q","청호나이스","듀얼 코지 매트리스 Q","청호나이스","듀얼 드림 온열 매트리스 퀸(Q)","매트리스","https://rentre.kr/product/1600008649/%EB%93%80%EC%96%BC-%EB%93%9C%EB%A6%BC-%EC%98%A8%EC%97%B4-%EB%A7%A4%ED%8A%B8%EB%A6%AC%EC%8A%A4-%ED%80%B8(Q)"
"matched","chungho-듀얼-코지-온열-매트리스-q","청호나이스","듀얼 코지 온열 매트리스 Q","청호나이스","듀얼 드림 온열 매트리스 퀸(Q)","매트리스","https://rentre.kr/product/1600008649/%EB%93%80%EC%96%BC-%EB%93%9C%EB%A6%BC-%EC%98%A8%EC%97%B4-%EB%A7%A4%ED%8A%B8%EB%A6%AC%EC%8A%A4-%ED%80%B8(Q)"
"matched","chungho-로얄스위트-프라임-매트리스-q","청호나이스","로얄스위트 프라임 매트리스 Q","청호나이스","듀얼 드림 온열 매트리스 퀸(Q)","매트리스","https://rentre.kr/product/1600008649/%EB%93%80%EC%96%BC-%EB%93%9C%EB%A6%BC-%EC%98%A8%EC%97%B4-%EB%A7%A4%ED%8A%B8%EB%A6%AC%EC%8A%A4-%ED%80%B8(Q)"
"matched","chungho-멜로우-드림-매트리스-q","청호나이스","멜로우 드림 매트리스 Q","청호나이스","듀얼 드림 온열 매트리스 퀸(Q)","매트리스","https://rentre.kr/product/1600008649/%EB%93%80%EC%96%BC-%EB%93%9C%EB%A6%BC-%EC%98%A8%EC%97%B4-%EB%A7%A4%ED%8A%B8%EB%A6%AC%EC%8A%A4-%ED%80%B8(Q)"
"matched","chungho-스프링에어-파운데이션-q","청호나이스","스프링에어 파운데이션 Q","청호나이스","듀얼 드림 온열 매트리스 퀸(Q)","매트리스","https://rentre.kr/product/1600008649/%EB%93%80%EC%96%BC-%EB%93%9C%EB%A6%BC-%EC%98%A8%EC%97%B4-%EB%A7%A4%ED%8A%B8%EB%A6%AC%EC%8A%A4-%ED%80%B8(Q)"
"matched","chungho-온리-드림-매트리스-q","청호나이스","온리 드림 매트리스 Q","청호나이스","듀얼 드림 온열 매트리스 퀸(Q)","매트리스","https://rentre.kr/product/1600008649/%EB%93%80%EC%96%BC-%EB%93%9C%EB%A6%BC-%EC%98%A8%EC%97%B4-%EB%A7%A4%ED%8A%B8%EB%A6%AC%EC%8A%A4-%ED%80%B8(Q)"
"matched","chungho-클린핏-q","청호나이스","클린핏 Q","청호나이스","듀얼 드림 온열 매트리스 퀸(Q)","매트리스","https://rentre.kr/product/1600008649/%EB%93%80%EC%96%BC-%EB%93%9C%EB%A6%BC-%EC%98%A8%EC%97%B4-%EB%A7%A4%ED%8A%B8%EB%A6%AC%EC%8A%A4-%ED%80%B8(Q)"
"matched","chungho-파운데이션-그레이-웜베이지-샌드베이지-q","청호나이스","파운데이션(그레이,웜베이지,샌드베이지) Q","청호나이스","듀얼 드림 온열 매트리스 퀸(Q)","매트리스","https://rentre.kr/product/1600008649/%EB%93%80%EC%96%BC-%EB%93%9C%EB%A6%BC-%EC%98%A8%EC%97%B4-%EB%A7%A4%ED%8A%B8%EB%A6%AC%EC%8A%A4-%ED%80%B8(Q)"
"matched","chungho-네스티지-매트리스-k","청호나이스","네스티지 매트리스 K","청호나이스","듀얼 드림 온열 매트리스 킹(K)","매트리스","https://rentre.kr/product/1600008650/%EB%93%80%EC%96%BC-%EB%93%9C%EB%A6%BC-%EC%98%A8%EC%97%B4-%EB%A7%A4%ED%8A%B8%EB%A6%AC%EC%8A%A4-%ED%82%B9(K)"
"matched","chungho-듀얼-드림-매트리스-k","청호나이스","듀얼 드림 매트리스 K","청호나이스","듀얼 드림 온열 매트리스 킹(K)","매트리스","https://rentre.kr/product/1600008650/%EB%93%80%EC%96%BC-%EB%93%9C%EB%A6%BC-%EC%98%A8%EC%97%B4-%EB%A7%A4%ED%8A%B8%EB%A6%AC%EC%8A%A4-%ED%82%B9(K)"
"matched","chungho-듀얼-드림-온열-매트리스-k","청호나이스","듀얼 드림 온열 매트리스 K","청호나이스","듀얼 드림 온열 매트리스 킹(K)","매트리스","https://rentre.kr/product/1600008650/%EB%93%80%EC%96%BC-%EB%93%9C%EB%A6%BC-%EC%98%A8%EC%97%B4-%EB%A7%A4%ED%8A%B8%EB%A6%AC%EC%8A%A4-%ED%82%B9(K)"
"matched","chungho-듀얼-코지-매트리스-k","청호나이스","듀얼 코지 매트리스 K","청호나이스","듀얼 드림 온열 매트리스 킹(K)","매트리스","https://rentre.kr/product/1600008650/%EB%93%80%EC%96%BC-%EB%93%9C%EB%A6%BC-%EC%98%A8%EC%97%B4-%EB%A7%A4%ED%8A%B8%EB%A6%AC%EC%8A%A4-%ED%82%B9(K)"
"matched","chungho-듀얼-코지-온열-매트리스-k","청호나이스","듀얼 코지 온열 매트리스 K","청호나이스","듀얼 드림 온열 매트리스 킹(K)","매트리스","https://rentre.kr/product/1600008650/%EB%93%80%EC%96%BC-%EB%93%9C%EB%A6%BC-%EC%98%A8%EC%97%B4-%EB%A7%A4%ED%8A%B8%EB%A6%AC%EC%8A%A4-%ED%82%B9(K)"
"matched","chungho-로얄스위트-프라임-매트리스-k","청호나이스","로얄스위트 프라임 매트리스 K","청호나이스","듀얼 드림 온열 매트리스 킹(K)","매트리스","https://rentre.kr/product/1600008650/%EB%93%80%EC%96%BC-%EB%93%9C%EB%A6%BC-%EC%98%A8%EC%97%B4-%EB%A7%A4%ED%8A%B8%EB%A6%AC%EC%8A%A4-%ED%82%B9(K)"
"matched","chungho-멜로우-드림-매트리스-k","청호나이스","멜로우 드림 매트리스 K","청호나이스","듀얼 드림 온열 매트리스 킹(K)","매트리스","https://rentre.kr/product/1600008650/%EB%93%80%EC%96%BC-%EB%93%9C%EB%A6%BC-%EC%98%A8%EC%97%B4-%EB%A7%A4%ED%8A%B8%EB%A6%AC%EC%8A%A4-%ED%82%B9(K)"
"matched","chungho-스프링에어-파운데이션-k","청호나이스","스프링에어 파운데이션 K","청호나이스","듀얼 드림 온열 매트리스 킹(K)","매트리스","https://rentre.kr/product/1600008650/%EB%93%80%EC%96%BC-%EB%93%9C%EB%A6%BC-%EC%98%A8%EC%97%B4-%EB%A7%A4%ED%8A%B8%EB%A6%AC%EC%8A%A4-%ED%82%B9(K)"
"matched","chungho-클린핏-k","청호나이스","클린핏 K","청호나이스","듀얼 드림 온열 매트리스 킹(K)","매트리스","https://rentre.kr/product/1600008650/%EB%93%80%EC%96%BC-%EB%93%9C%EB%A6%BC-%EC%98%A8%EC%97%B4-%EB%A7%A4%ED%8A%B8%EB%A6%AC%EC%8A%A4-%ED%82%B9(K)"
"matched","chungho-파운데이션-그레이-웜베이지-샌드베이지-k","청호나이스","파운데이션(그레이,웜베이지,샌드베이지) K","청호나이스","듀얼 드림 온열 매트리스 킹(K)","매트리스","https://rentre.kr/product/1600008650/%EB%93%80%EC%96%BC-%EB%93%9C%EB%A6%BC-%EC%98%A8%EC%97%B4-%EB%A7%A4%ED%8A%B8%EB%A6%AC%EC%8A%A4-%ED%82%B9(K)"
"matched","chungho-네스티지-매트리스-lk","청호나이스","네스티지 매트리스 LK","청호나이스","듀얼 드림 온열 매트리스 라지킹(LK)","매트리스","https://rentre.kr/product/1600008652/%EB%93%80%EC%96%BC-%EB%93%9C%EB%A6%BC-%EC%98%A8%EC%97%B4-%EB%A7%A4%ED%8A%B8%EB%A6%AC%EC%8A%A4-%EB%9D%BC%EC%A7%80%ED%82%B9(LK)"
"matched","chungho-듀얼-드림-매트리스-lk","청호나이스","듀얼 드림 매트리스 LK","청호나이스","듀얼 드림 온열 매트리스 라지킹(LK)","매트리스","https://rentre.kr/product/1600008652/%EB%93%80%EC%96%BC-%EB%93%9C%EB%A6%BC-%EC%98%A8%EC%97%B4-%EB%A7%A4%ED%8A%B8%EB%A6%AC%EC%8A%A4-%EB%9D%BC%EC%A7%80%ED%82%B9(LK)"
"matched","chungho-듀얼-드림-온열-매트리스-lk","청호나이스","듀얼 드림 온열 매트리스 LK","청호나이스","듀얼 드림 온열 매트리스 라지킹(LK)","매트리스","https://rentre.kr/product/1600008652/%EB%93%80%EC%96%BC-%EB%93%9C%EB%A6%BC-%EC%98%A8%EC%97%B4-%EB%A7%A4%ED%8A%B8%EB%A6%AC%EC%8A%A4-%EB%9D%BC%EC%A7%80%ED%82%B9(LK)"
"matched","chungho-듀얼-코지-매트리스-lk","청호나이스","듀얼 코지 매트리스 LK","청호나이스","듀얼 드림 온열 매트리스 라지킹(LK)","매트리스","https://rentre.kr/product/1600008652/%EB%93%80%EC%96%BC-%EB%93%9C%EB%A6%BC-%EC%98%A8%EC%97%B4-%EB%A7%A4%ED%8A%B8%EB%A6%AC%EC%8A%A4-%EB%9D%BC%EC%A7%80%ED%82%B9(LK)"
"matched","chungho-듀얼-코지-온열-매트리스-lk","청호나이스","듀얼 코지 온열 매트리스 LK","청호나이스","듀얼 드림 온열 매트리스 라지킹(LK)","매트리스","https://rentre.kr/product/1600008652/%EB%93%80%EC%96%BC-%EB%93%9C%EB%A6%BC-%EC%98%A8%EC%97%B4-%EB%A7%A4%ED%8A%B8%EB%A6%AC%EC%8A%A4-%EB%9D%BC%EC%A7%80%ED%82%B9(LK)"
"matched","chungho-로얄스위트-프라임-매트리스-lk","청호나이스","로얄스위트 프라임 매트리스 LK","청호나이스","듀얼 드림 온열 매트리스 라지킹(LK)","매트리스","https://rentre.kr/product/1600008652/%EB%93%80%EC%96%BC-%EB%93%9C%EB%A6%BC-%EC%98%A8%EC%97%B4-%EB%A7%A4%ED%8A%B8%EB%A6%AC%EC%8A%A4-%EB%9D%BC%EC%A7%80%ED%82%B9(LK)"
"matched","chungho-멜로우-드림-매트리스-lk","청호나이스","멜로우 드림 매트리스 LK","청호나이스","듀얼 드림 온열 매트리스 라지킹(LK)","매트리스","https://rentre.kr/product/1600008652/%EB%93%80%EC%96%BC-%EB%93%9C%EB%A6%BC-%EC%98%A8%EC%97%B4-%EB%A7%A4%ED%8A%B8%EB%A6%AC%EC%8A%A4-%EB%9D%BC%EC%A7%80%ED%82%B9(LK)"
"matched","chungho-파운데이션-그레이-웜베이지-샌드베이지-lk","청호나이스","파운데이션(그레이,웜베이지,샌드베이지) LK","청호나이스","듀얼 드림 온열 매트리스 라지킹(LK)","매트리스","https://rentre.kr/product/1600008652/%EB%93%80%EC%96%BC-%EB%93%9C%EB%A6%BC-%EC%98%A8%EC%97%B4-%EB%A7%A4%ED%8A%B8%EB%A6%AC%EC%8A%A4-%EB%9D%BC%EC%A7%80%ED%82%B9(LK)"
"unmatched_remote","","","","LG","MH21BBY","안마의자","https://rentre.kr/product/1600003624/%ED%9E%90%EB%A7%81%EB%AF%B8-%EC%98%A4%EB%B8%8C%EC%A0%9C%EC%BB%AC%EB%A0%89%EC%85%98-%EC%95%84%EB%A5%B4%ED%85%8CUP-%EC%95%88%EB%A7%88%EC%9D%98%EC%9E%90-(24%EB%85%84%ED%98%95)"
"matched","coway-mc-c01","코웨이","MC-C01","코웨이","MC-C01","안마의자","https://rentre.kr/product/1522012421/BEREX-%EC%95%88%EB%A7%88%EC%9D%98%EC%9E%90-%ED%8E%98%EB%B8%94%EC%B2%B4%EC%96%B4"
"unmatched_remote","","","","쿠쿠","CMS-G210NW","안마의자","https://rentre.kr/product/1522012754/%EB%A6%AC%ED%81%B4%EB%9D%BC%EC%9D%B4%EB%84%88-%EC%95%88%EB%A7%88%EC%9D%98%EC%9E%90-(24%EB%85%84%ED%98%95)"
"matched","coway-mc-b02","코웨이","MC-B02","코웨이","MC-B02","안마의자","https://rentre.kr/product/1600003804/BEREX-%EB%A7%88%EC%9D%B8-%ED%94%8C%EB%9F%AC%EC%8A%A4-%EC%95%88%EB%A7%88%EC%9D%98%EC%9E%90"
"matched","coway-mc-r01","코웨이","MC-R01","코웨이","MC-R01","안마의자","https://rentre.kr/product/1600003881/BEREX-%EC%95%88%EB%A7%88%EC%9D%98%EC%9E%90-%ED%8A%B8%EB%A6%AC%ED%94%8C%EC%B2%B4%EC%96%B4"
"unmatched_remote","","","","쿠쿠","CMS-H410WW","안마의자","https://rentre.kr/product/1600001735/%EB%A6%AC%EB%84%A4%EC%9D%B4%EC%B2%98-%EC%86%8C%ED%98%95-%EC%95%88%EB%A7%88%EC%9D%98%EC%9E%90"
"matched","coway-mc-c02","코웨이","MC-C02","코웨이","MC-C02","안마의자","https://rentre.kr/product/1600006865/BEREX-%EC%95%88%EB%A7%88%EC%9D%98%EC%9E%90-%ED%8E%98%EB%B8%94%EC%B2%B4%EC%96%B42"
"unmatched_remote","","","","LG","MH65CC","안마의자","https://rentre.kr/product/1522012192/%ED%9E%90%EB%A7%81%EB%AF%B8-%ED%8C%8C%ED%83%80%EC%95%BC-%EC%95%88%EB%A7%88%EC%9D%98%EC%9E%90-(%EA%B0%84%ED%8E%B8%EC%A1%B0%EC%9E%91%EB%B6%80%2C-%EB%B8%94%EB%A3%A8%ED%88%AC%EC%8A%A4)"
"unmatched_remote","","","","LG","MH20BR","안마의자","https://rentre.kr/product/1600001613/%ED%9E%90%EB%A7%81%EB%AF%B8-%EC%98%A4%EB%B8%8C%EC%A0%9C%EC%BB%AC%EB%A0%89%EC%85%98-%EC%95%84%EB%A5%B4%ED%85%8C-%EC%95%88%EB%A7%88%EC%9D%98%EC%9E%90-(24%EB%85%84%ED%98%95)"
"unmatched_remote","","","","LG","MX91WR","안마의자","https://rentre.kr/product/1600001984/%ED%95%98%EC%99%80%EC%9D%B4-%ED%9E%90%EB%A7%81%EB%AF%B8-%EC%95%88%EB%A7%88%EC%9D%98%EC%9E%90"
"matched","coway-mc-b03","코웨이","MC-B03","코웨이","MC-B03","안마의자","https://rentre.kr/product/1600003808/BEREX-%EB%A7%88%EC%9D%B8-%EC%95%88%EB%A7%88%EC%9D%98%EC%9E%90"
"unmatched_remote","","","","쿠쿠","CMS-E410CP","안마의자","https://rentre.kr/product/1522011603/%EB%A6%AC%EB%84%A4%EC%9D%B4%EC%B2%98-%EC%95%88%EB%A7%88%EC%9D%98%EC%9E%90-(23%EB%85%84%ED%98%95)"
"matched","chungho-안마의자-mc-700w","청호나이스","안마의자 MC-700W","청호나이스","MC-700W","안마의자","https://rentre.kr/product/1600006329/MC-700W-%EC%95%88%EB%A7%88%EC%9D%98%EC%9E%90"
"unmatched_remote","","","","청호나이스","MC-300W","안마의자","https://rentre.kr/product/1600003476/%EB%A1%9C%EB%A7%9D-%EC%95%88%EB%A7%88%EC%9D%98%EC%9E%90"
"unmatched_remote","","","","쿠쿠","CMS-J310GR","안마의자","https://rentre.kr/product/1600006004/%EB%A0%88%EC%8A%A4%ED%8B%B0%EB%85%B8-%EA%B0%80%EA%B5%AC%ED%98%95-%EC%95%88%EB%A7%88%EC%9D%98%EC%9E%90"
"matched","coway-mc-sc01","코웨이","MC-SC01","코웨이","MC-SC01","안마의자","https://rentre.kr/product/1522010141/BEREX-%EC%95%88%EB%A7%88%EC%9D%98%EC%9E%90-%EC%8B%9C%EA%B7%B8%EB%8B%88%EC%B2%98"
"unmatched_remote","","","","쿠쿠","CMS-J410BK","안마의자","https://rentre.kr/product/1600006820/%EB%A0%88%EC%8A%A4%ED%8B%B0%EB%85%B8-J%EC%B2%B4%EC%96%B4-%EC%95%88%EB%A7%88%EC%9D%98%EC%9E%90"
"unmatched_remote","","","","현대큐밍","HUJ20100E0","안마의자","https://rentre.kr/product/1522010228/%EB%A6%AC%ED%94%84%EB%A0%88-%EC%95%88%EB%A7%88%EC%9D%98%EC%9E%90-%ED%9E%90%EB%A6%AC%EC%95%84"
"unmatched_remote","","","","청호나이스","MC-250W","안마의자","https://rentre.kr/product/1600006330/%EB%93%9C%EB%A6%AC%EB%AF%B8-%EB%AF%B8%EB%8B%88%EC%95%88%EB%A7%88%EC%9D%98%EC%9E%90"
"matched","wells-hn877","웰스","HN877","웰스","HN877","안마의자","https://rentre.kr/product/1600007691/%EC%9B%B0%EC%8A%A4-%EC%95%88%EB%A7%88%EC%9D%98%EC%9E%90-%EC%B5%9C%EA%B3%A0%EA%B8%89%ED%98%95"
"matched","wells-hn877-2","웰스","HN877","웰스","HN877","안마의자","https://rentre.kr/product/1600007691/%EC%9B%B0%EC%8A%A4-%EC%95%88%EB%A7%88%EC%9D%98%EC%9E%90-%EC%B5%9C%EA%B3%A0%EA%B8%89%ED%98%95"
"unmatched_remote","","","","LG","MH81RR","안마의자","https://rentre.kr/product/1522012749/%ED%9E%90%EB%A7%81%EB%AF%B8-%EC%8B%9C%EB%93%9C%EB%8B%88-%EC%95%88%EB%A7%88%EC%9D%98%EC%9E%90"
"unmatched_local","chungho-wi-15c7500","청호나이스","WI-15C7500","","","",""
"unmatched_local","chungho-wi-60c90511m","청호나이스","WI-60C90511M","","","",""
"unmatched_local","chungho-wi-60c80511m","청호나이스","WI-60C80511M","","","",""
"unmatched_local","chungho-wi-36c80620n","청호나이스","WI-36C80620N","","","",""
"unmatched_local","chungho-wp-46s90510n","청호나이스","WP-46S90510N","","","",""
"unmatched_local","chungho-ah-12h6050","청호나이스","AH-12H6050","","","",""
"unmatched_local","chungho-ad-10h7050","청호나이스","AD-10H7050","","","",""
"unmatched_local","chungho-sf-75a60","청호나이스","SF-75A60","","","",""
"unmatched_local","chungho-가정용-청호-미니-안마의자-드리미-dreamy","청호나이스","[가정용] 청호 미니 안마의자 드리미 (DREAMY)","","","",""
"unmatched_local","chungho-가정용-청호-소형-안마의자-로망-roman","청호나이스","[가정용] 청호 소형 안마의자 로망 (Roman)","","","",""
"unmatched_local","chungho-스프링에어-파운데이션-g-k","청호나이스","스프링에어 파운데이션 (G) K","","","",""
"unmatched_local","chungho-스프링에어-파운데이션-g-q","청호나이스","스프링에어 파운데이션 (G) Q","","","",""
"unmatched_local","chungho-스프링에어-파운데이션-g-ss","청호나이스","스프링에어 파운데이션 (G) SS","","","",""
"unmatched_local","chungho-스프링에어-프레임-fb-패브릭-볼륨헤드-k","청호나이스","스프링에어 프레임 FB (패브릭 볼륨헤드) K","","","",""
"unmatched_local","chungho-스프링에어-프레임-fb-패브릭-볼륨헤드-q","청호나이스","스프링에어 프레임 FB (패브릭 볼륨헤드) Q","","","",""
"unmatched_local","chungho-스프링에어-프레임-fb-패브릭-볼륨헤드-ss","청호나이스","스프링에어 프레임 FB (패브릭 볼륨헤드) SS","","","",""
"unmatched_local","chungho-스프링에어-프레임-fg-쿠션-날개형-k","청호나이스","스프링에어 프레임 FG (쿠션 날개형) K","","","",""
"unmatched_local","chungho-스프링에어-프레임-fg-쿠션-날개형-q","청호나이스","스프링에어 프레임 FG (쿠션 날개형) Q","","","",""
"unmatched_local","chungho-스프링에어-프레임-fg-쿠션-날개형-ss","청호나이스","스프링에어 프레임 FG (쿠션 날개형) SS","","","",""
"unmatched_local","chungho-스프링에어-프레임-ft-미니멀-템바보드-k","청호나이스","스프링에어 프레임 FT (미니멀 템바보드) K","","","",""
"unmatched_local","chungho-스프링에어-프레임-ft-미니멀-템바보드-q","청호나이스","스프링에어 프레임 FT (미니멀 템바보드) Q","","","",""
"unmatched_local","chungho-스프링에어-프레임-ft-미니멀-템바보드-ss","청호나이스","스프링에어 프레임 FT (미니멀 템바보드) SS","","","",""
"unmatched_local","chungho-스프링에어-프레임-fu-수납-쿠션-k","청호나이스","스프링에어 프레임 FU (수납 쿠션) K","","","",""
"unmatched_local","chungho-스프링에어-프레임-fu-수납-쿠션-q","청호나이스","스프링에어 프레임 FU (수납 쿠션) Q","","","",""
"unmatched_local","chungho-스프링에어-프레임-fu-수납-쿠션-ss","청호나이스","스프링에어 프레임 FU (수납 쿠션) SS","","","",""
"unmatched_local","chungho-프레임-fbt-패브릭-템바보드-프레임-k","청호나이스","프레임 FBT (패브릭 템바보드 프레임) K","","","",""
"unmatched_local","chungho-프레임-fbt-패브릭-템바보드-프레임-lk","청호나이스","프레임 FBT (패브릭 템바보드 프레임) LK","","","",""
"unmatched_local","chungho-프레임-fbt-패브릭-템바보드-프레임-q","청호나이스","프레임 FBT (패브릭 템바보드 프레임) Q","","","",""
"unmatched_local","chungho-프레임-fbt-패브릭-템바보드-프레임-s","청호나이스","프레임 FBT (패브릭 템바보드 프레임) S","","","",""
"unmatched_local","chungho-프레임-fbt-패브릭-템바보드-프레임-ss","청호나이스","프레임 FBT (패브릭 템바보드 프레임) SS","","","",""
"unmatched_local","chungho-프레임-fc-쿠션형-헤드보드-k","청호나이스","프레임 FC (쿠션형 헤드보드) K","","","",""
"unmatched_local","chungho-프레임-fc-쿠션형-헤드보드-lk","청호나이스","프레임 FC (쿠션형 헤드보드) LK","","","",""
"unmatched_local","chungho-프레임-fc-쿠션형-헤드보드-q","청호나이스","프레임 FC (쿠션형 헤드보드) Q","","","",""
"unmatched_local","chungho-프레임-fc-쿠션형-헤드보드-s","청호나이스","프레임 FC (쿠션형 헤드보드) S","","","",""
"unmatched_local","chungho-프레임-fc-쿠션형-헤드보드-ss","청호나이스","프레임 FC (쿠션형 헤드보드) SS","","","",""
"unmatched_local","chungho-프레임-fh-호텔식-패브릭-k","청호나이스","프레임 FH (호텔식 패브릭) K","","","",""
"unmatched_local","chungho-프레임-fh-호텔식-패브릭-k-더블-판넬","청호나이스","프레임 FH (호텔식 패브릭) K - 더블 판넬","","","",""
"unmatched_local","chungho-프레임-fh-호텔식-패브릭-k-싱글-판넬","청호나이스","프레임 FH (호텔식 패브릭) K - 싱글 판넬","","","",""
"unmatched_local","chungho-프레임-fh-호텔식-패브릭-lk","청호나이스","프레임 FH (호텔식 패브릭) LK","","","",""
"unmatched_local","chungho-프레임-fh-호텔식-패브릭-lk-더블-판넬","청호나이스","프레임 FH (호텔식 패브릭) LK - 더블 판넬","","","",""
"unmatched_local","chungho-프레임-fh-호텔식-패브릭-lk-싱글-판넬","청호나이스","프레임 FH (호텔식 패브릭) LK - 싱글 판넬","","","",""
"unmatched_local","chungho-프레임-fh-호텔식-패브릭-q","청호나이스","프레임 FH (호텔식 패브릭) Q","","","",""
"unmatched_local","chungho-프레임-fh-호텔식-패브릭-q-더블-판넬","청호나이스","프레임 FH (호텔식 패브릭) Q - 더블 판넬","","","",""
"unmatched_local","chungho-프레임-fh-호텔식-패브릭-q-싱글-판넬","청호나이스","프레임 FH (호텔식 패브릭) Q - 싱글 판넬","","","",""
"unmatched_local","chungho-프레임-fh-호텔식-패브릭-s","청호나이스","프레임 FH (호텔식 패브릭) S","","","",""
"unmatched_local","chungho-프레임-fh-호텔식-패브릭-s-더블-판넬","청호나이스","프레임 FH (호텔식 패브릭) S - 더블 판넬","","","",""
"unmatched_local","chungho-프레임-fh-호텔식-패브릭-s-싱글-판넬","청호나이스","프레임 FH (호텔식 패브릭) S - 싱글 판넬","","","",""
"unmatched_local","chungho-프레임-fh-호텔식-패브릭-ss","청호나이스","프레임 FH (호텔식 패브릭) SS","","","",""
"unmatched_local","chungho-프레임-fh-호텔식-패브릭-ss-더블-판넬","청호나이스","프레임 FH (호텔식 패브릭) SS - 더블 판넬","","","",""
"unmatched_local","chungho-프레임-fh-호텔식-패브릭-ss-싱글-판넬","청호나이스","프레임 FH (호텔식 패브릭) SS - 싱글 판넬","","","",""
"unmatched_local","chungho-프레임-fs-미니멀-프레임-k","청호나이스","프레임 FS (미니멀 프레임) K","","","",""
"unmatched_local","chungho-프레임-fs-미니멀-프레임-k-더블-판넬","청호나이스","프레임 FS (미니멀 프레임) K - 더블 판넬","","","",""
"unmatched_local","chungho-프레임-fs-미니멀-프레임-k-싱글-판넬","청호나이스","프레임 FS (미니멀 프레임) K - 싱글 판넬","","","",""
"unmatched_local","chungho-프레임-fs-미니멀-프레임-lk","청호나이스","프레임 FS (미니멀 프레임) LK","","","",""
"unmatched_local","chungho-프레임-fs-미니멀-프레임-lk-더블-판넬","청호나이스","프레임 FS (미니멀 프레임) LK - 더블 판넬","","","",""
"unmatched_local","chungho-프레임-fs-미니멀-프레임-lk-싱글-판넬","청호나이스","프레임 FS (미니멀 프레임) LK - 싱글 판넬","","","",""
"unmatched_local","chungho-프레임-fs-미니멀-프레임-q","청호나이스","프레임 FS (미니멀 프레임) Q","","","",""
"unmatched_local","chungho-프레임-fs-미니멀-프레임-q-더블-판넬","청호나이스","프레임 FS (미니멀 프레임) Q - 더블 판넬","","","",""
"unmatched_local","chungho-프레임-fs-미니멀-프레임-q-싱글-판넬","청호나이스","프레임 FS (미니멀 프레임) Q - 싱글 판넬","","","",""
"unmatched_local","chungho-프레임-fs-미니멀-프레임-s","청호나이스","프레임 FS (미니멀 프레임) S","","","",""
"unmatched_local","chungho-프레임-fs-미니멀-프레임-s-더블-판넬","청호나이스","프레임 FS (미니멀 프레임) S - 더블 판넬","","","",""
"unmatched_local","chungho-프레임-fs-미니멀-프레임-s-싱글-판넬","청호나이스","프레임 FS (미니멀 프레임) S - 싱글 판넬","","","",""
"unmatched_local","chungho-프레임-fs-미니멀-프레임-ss","청호나이스","프레임 FS (미니멀 프레임) SS","","","",""
"unmatched_local","chungho-프레임-fs-미니멀-프레임-ss-더블-판넬","청호나이스","프레임 FS (미니멀 프레임) SS - 더블 판넬","","","",""
"unmatched_local","chungho-프레임-fs-미니멀-프레임-ss-싱글-판넬","청호나이스","프레임 FS (미니멀 프레임) SS - 싱글 판넬","","","",""
"unmatched_local","chungho-프레임-wb-패브릭-원목-k","청호나이스","프레임 WB (패브릭 원목) K","","","",""
"unmatched_local","chungho-프레임-wb-패브릭-원목-lk","청호나이스","프레임 WB (패브릭 원목) LK","","","",""
"unmatched_local","chungho-프레임-wb-패브릭-원목-q","청호나이스","프레임 WB (패브릭 원목) Q","","","",""
"unmatched_local","chungho-프레임-wb-패브릭-원목-s","청호나이스","프레임 WB (패브릭 원목) S","","","",""
"unmatched_local","chungho-프레임-wb-패브릭-원목-ss","청호나이스","프레임 WB (패브릭 원목) SS","","","",""
"unmatched_local","skmagic-wpu-gbc102","SK매직","WPU-GBC102","","","",""
"unmatched_local","skmagic-wpu-pbc204s","SK매직","WPU-PBC204S","","","",""
"unmatched_local","skmagic-wpu-9100c","SK매직","WPU-9100C","","","",""
"unmatched_local","skmagic-wpumac306","SK매직","WPUMAC306","","","",""
"unmatched_local","skmagic-wpujac104","SK매직","WPUJAC104","","","",""
"unmatched_local","skmagic-wpujac104-2","SK매직","WPUJAC104","","","",""
"unmatched_local","skmagic-wpujac104-3","SK매직","WPUJAC104","","","",""
"unmatched_local","skmagic-wpujcc104","SK매직","WPUJCC104","","","",""
"unmatched_local","skmagic-wpujac115","SK매직","WPUJAC115","","","",""
"unmatched_local","skmagic-wpujac115-2","SK매직","WPUJAC115","","","",""
"unmatched_local","skmagic-wpujac125","SK매직","WPUJAC125","","","",""
"unmatched_local","skmagic-wpu-iac414s","SK매직","WPU-IAC414S","","","",""
"unmatched_local","skmagic-wpu-iac425","SK매직","WPU-IAC425","","","",""
"unmatched_local","skmagic-wpu-iac425-2","SK매직","WPU-IAC425","","","",""
"unmatched_local","skmagic-wpu-iac506s","SK매직","WPU-IAC506S","","","",""
"unmatched_local","skmagic-wpu-iac606s","SK매직","WPU-IAC606S","","","",""
"unmatched_local","skmagic-wputdc104","SK매직","WPUTDC104","","","",""
"unmatched_local","skmagic-wputdf104","SK매직","WPUTDF104","","","",""
"unmatched_local","skmagic-wputdc114","SK매직","WPUTDC114","","","",""
"unmatched_local","skmagic-wputdf114","SK매직","WPUTDF114","","","",""
"unmatched_local","skmagic-wputdc10r","SK매직","WPUTDC10R","","","",""
"unmatched_local","skmagic-wpu-b600f","SK매직","WPU-B600F","","","",""
"unmatched_local","skmagic-wpu-b610f","SK매직","WPU-B610F","","","",""
"unmatched_local","skmagic-wpu-b700","SK매직","WPU-B700","","","",""
"unmatched_local","skmagic-wpu-b710","SK매직","WPU-B710","","","",""
"unmatched_local","skmagic-wpu-ic110f","SK매직","WPU-IC110F","","","",""
"unmatched_local","skmagic-bid-096p","SK매직","BID-096P","","","",""
"unmatched_local","skmagic-acl-300va","SK매직","ACL-300VA","","","",""
"unmatched_local","skmagic-acl-131t","SK매직","ACL-131T","","","",""
"unmatched_local","skmagic-acl-15c1a","SK매직","ACL-15C1A","","","",""
"unmatched_local","skmagic-acl-20c1a","SK매직","ACL-20C1A","","","",""
"unmatched_local","skmagic-acl-25c1a","SK매직","ACL-25C1A","","","",""
"unmatched_local","skmagic-acl22p1c","SK매직","ACL22P1C","","","",""
"unmatched_local","skmagic-acl22c","SK매직","ACL22C","","","",""
"unmatched_local","skmagic-acl22c-2","SK매직","ACL22C","","","",""
"unmatched_local","skmagic-acl22c-3","SK매직","ACL22C","","","",""
"unmatched_local","skmagic-acl16c","SK매직","ACL16C","","","",""
"unmatched_local","coway-chpi-7400n","코웨이","CHPI-7400N","","","",""
"unmatched_local","coway-chpi-7400n-2","코웨이","CHPI-7400N","","","",""
"unmatched_local","coway-cpi-7400n","코웨이","CPI-7400N","","","",""
"unmatched_local","coway-cpi-7400n-2","코웨이","CPI-7400N","","","",""
"unmatched_local","coway-chp-1111n-chp-1112n","코웨이","CHP-1111N/CHP-1112N","","","",""
"unmatched_local","coway-chp-7211n","코웨이","CHP-7211N","","","",""
"unmatched_local","coway-chp-7211n-2","코웨이","CHP-7211N","","","",""
"unmatched_local","coway-cp-7211n","코웨이","CP-7211N","","","",""
"unmatched_local","coway-cp-7211n-2","코웨이","CP-7211N","","","",""
"unmatched_local","coway-p-150n","코웨이","P-150N","","","",""
"unmatched_local","coway-fad-02s","코웨이","FAD-02S","","","",""
"unmatched_local","coway-fad-01s","코웨이","FAD-01S","","","",""
"unmatched_local","coway-ba36-b","코웨이","BA36-B","","","",""
"unmatched_local","coway-bas25-b","코웨이","BAS25-B","","","",""
"unmatched_local","coway-bas47","코웨이","BAS47","","","",""
"unmatched_local","coway-bb16-a","코웨이","BB16-A","","","",""
"unmatched_local","coway-bb17-a","코웨이","BB17-A","","","",""
"unmatched_local","coway-bb15-a","코웨이","BB15-A","","","",""
"unmatched_local","coway-ad-1221e","코웨이","AD-1221E","","","",""
"unmatched_local","coway-ad-2026c","코웨이","AD-2026C","","","",""
"unmatched_local","coway-ad-2325c","코웨이","AD-2325C","","","",""
"unmatched_local","coway-ad-2526n","코웨이","AD-2526N","","","",""
"unmatched_local","coway-acah-061aa","코웨이","ACAH-061AA","","","",""
"unmatched_local","coway-acah-065aa","코웨이","ACAH-065AA","","","",""
"unmatched_local","coway-acah-085aa","코웨이","ACAH-085AA","","","",""
"unmatched_local","coway-acah-105aa","코웨이","ACAH-105AA","","","",""
"unmatched_local","coway-wmg-2005","코웨이","WMG-2005","","","",""
"unmatched_local","coway-wmg-3004","코웨이","WMG-3004","","","",""
"unmatched_local","coway-mc-r01m","코웨이","MC-R01M","","","",""
"unmatched_local","coway-mb-r03m","코웨이","MB-R03M","","","",""
"unmatched_local","coway-mb-m03m","코웨이","MB-M03M","","","",""
"unmatched_local","coway-mb-r05m","코웨이","MB-R05M","","","",""
"unmatched_local","coway-mb-m05m","코웨이","MB-M05M","","","",""
"unmatched_local","coway-hcm-u01","코웨이","HCM-U01","","","",""
"unmatched_local","coway-hcm-p01","코웨이","HCM-P01","","","",""
"unmatched_local","coway-cir-f60gs","코웨이","CIR-F60GS","","","",""
"unmatched_local","coway-cir-f41gs","코웨이","CIR-F41GS","","","",""
"unmatched_local","coway-cir-303","코웨이","CIR-303","","","",""
"unmatched_local","coway-nip-31ke","코웨이","NIP-31KE","","","",""
"unmatched_local","coway-chr-04","코웨이","CHR-04","","","",""
"unmatched_local","coway-nhp-31ke","코웨이","NHP-31KE","","","",""
"unmatched_local","coway-cer-04","코웨이","CER-04","","","",""
"unmatched_local","coway-cip-31w","코웨이","CIP-31W","","","",""
"unmatched_local","coway-cup-30ks","코웨이","CUP-30KS","","","",""
"unmatched_local","coway-cmlk-s03","코웨이","CMLK-S03","","","",""
"unmatched_local","coway-cmk-s03","코웨이","CMK-S03","","","",""
"unmatched_local","coway-cmq-s03","코웨이","CMQ-S03","","","",""
"unmatched_local","coway-cmss-s03","코웨이","CMSS-S03","","","",""
"unmatched_local","coway-cmq-m01","코웨이","CMQ-M01","","","",""
"unmatched_local","coway-cmss-m01","코웨이","CMSS-M01","","","",""
"unmatched_local","coway-cmlk-pr04-v2","코웨이","CMLK-PR04_V2","","","",""
"unmatched_local","coway-cmq-s05","코웨이","CMQ-S05","","","",""
"unmatched_local","coway-cmgk-sp01sc","코웨이","CMGK-SP01SC","","","",""
"unmatched_local","coway-cmgk-sp01s","코웨이","CMGK-SP01S","","","",""
"unmatched_local","coway-cmgk-sp02sc","코웨이","CMGK-SP02SC","","","",""
"unmatched_local","coway-cmk-sp02sc","코웨이","CMK-SP02SC","","","",""
"unmatched_local","coway-cmq-sp02sc","코웨이","CMQ-SP02SC","","","",""
"unmatched_local","coway-cmss-sp02sc","코웨이","CMSS-SP02SC","","","",""
"unmatched_local","coway-cmgk-sp02s","코웨이","CMGK-SP02S","","","",""
"unmatched_local","coway-cmlk-sp02s","코웨이","CMLK-SP02S","","","",""
"unmatched_local","coway-cmk-sp02s","코웨이","CMK-SP02S","","","",""
"unmatched_local","coway-cmq-sp02s","코웨이","CMQ-SP02S","","","",""
"unmatched_local","coway-cmss-sp02s","코웨이","CMSS-SP02S","","","",""
"unmatched_local","coway-cflk-ht01","코웨이","CFLK-HT01","","","",""
"unmatched_local","coway-cfk-ht01","코웨이","CFK-HT01","","","",""
"unmatched_local","coway-cfq-ht01","코웨이","CFQ-HT01","","","",""
"unmatched_local","coway-cfss-ht01","코웨이","CFSS-HT01","","","",""
"unmatched_local","coway-cflk-cb04","코웨이","CFLK-CB04","","","",""
"unmatched_local","coway-cfk-cb04","코웨이","CFK-CB04","","","",""
"unmatched_local","coway-cfq-cb04","코웨이","CFQ-CB04","","","",""
"unmatched_local","coway-cflk-f04","코웨이","CFLK-F04","","","",""
"unmatched_local","coway-cfk-f04","코웨이","CFK-F04","","","",""
"unmatched_local","coway-cfq-f04","코웨이","CFQ-F04","","","",""
"unmatched_local","coway-cfss-f04","코웨이","CFSS-F04","","","",""
"unmatched_local","coway-cfq-lm01g","코웨이","CFQ-LM01G","","","",""
"unmatched_local","coway-cfss-lm01g","코웨이","CFSS-LM01G","","","",""
"unmatched_local","coway-cfq-lm02g","코웨이","CFQ-LM02G","","","",""
"unmatched_local","coway-cfss-lm02g","코웨이","CFSS-LM02G","","","",""
"unmatched_local","coway-cfk-tm09","코웨이","CFK-TM09","","","",""
"unmatched_local","coway-cfq-tm09","코웨이","CFQ-TM09","","","",""
"unmatched_local","coway-cfss-tm09","코웨이","CFSS-TM09","","","",""
"unmatched_local","coway-cfk-fp01s","코웨이","CFK-FP01S","","","",""
"unmatched_local","coway-cfq-fp01s","코웨이","CFQ-FP01S","","","",""
"unmatched_local","coway-cfss-fp01s","코웨이","CFSS-FP01S","","","",""
"unmatched_local","coway-cfk-fp02s","코웨이","CFK-FP02S","","","",""
"unmatched_local","coway-cfq-fp02s","코웨이","CFQ-FP02S","","","",""
"unmatched_local","coway-cfss-fp02s","코웨이","CFSS-FP02S","","","",""
"unmatched_local","coway-cfk-fp01","코웨이","CFK-FP01","","","",""
"unmatched_local","coway-cfq-fp01","코웨이","CFQ-FP01","","","",""
"unmatched_local","coway-cfss-fp01","코웨이","CFSS-FP01","","","",""
"unmatched_local","coway-cfk-fp02","코웨이","CFK-FP02","","","",""
"unmatched_local","coway-cfq-fp02","코웨이","CFQ-FP02","","","",""
"unmatched_local","coway-cfss-fp02","코웨이","CFSS-FP02","","","",""
"unmatched_local","coway-cfk-cb01","코웨이","CFK-CB01","","","",""
"unmatched_local","coway-cfq-cb01","코웨이","CFQ-CB01","","","",""
"unmatched_local","coway-cfss-cb01","코웨이","CFSS-CB01","","","",""
"unmatched_local","coway-cfk-tm11","코웨이","CFK-TM11","","","",""
"unmatched_local","coway-cfq-tm11","코웨이","CFQ-TM11","","","",""
"unmatched_local","coway-cfss-tm11","코웨이","CFSS-TM11","","","",""
"unmatched_local","coway-cflk-tm12","코웨이","CFLK-TM12","","","",""
"unmatched_local","coway-cfk-tm12","코웨이","CFK-TM12","","","",""
"unmatched_local","coway-cfq-tm12","코웨이","CFQ-TM12","","","",""
"unmatched_local","coway-cfss-tm12","코웨이","CFSS-TM12","","","",""
"unmatched_local","coway-cfk-cb03","코웨이","CFK-CB03","","","",""
"unmatched_local","coway-cfq-cb03","코웨이","CFQ-CB03","","","",""
"unmatched_local","coway-cfss-cb03","코웨이","CFSS-CB03","","","",""
"unmatched_local","coway-cfgk-cb02","코웨이","CFGK-CB02","","","",""
"unmatched_local","coway-cflk-cb02","코웨이","CFLK-CB02","","","",""
"unmatched_local","coway-cfk-cb02","코웨이","CFK-CB02","","","",""
"unmatched_local","coway-cfq-cb02","코웨이","CFQ-CB02","","","",""
"unmatched_local","coway-cfss-cb02","코웨이","CFSS-CB02","","","",""
"unmatched_local","coway-cflk-tm13","코웨이","CFLK-TM13","","","",""
"unmatched_local","coway-cfk-tm13","코웨이","CFK-TM13","","","",""
"unmatched_local","coway-cfq-tm13","코웨이","CFQ-TM13","","","",""
"unmatched_local","coway-cfss-tm13","코웨이","CFSS-TM13","","","",""
"unmatched_local","coway-cflk-tm14","코웨이","CFLK-TM14","","","",""
"unmatched_local","coway-cfk-tm14","코웨이","CFK-TM14","","","",""
"unmatched_local","coway-cfq-tm14","코웨이","CFQ-TM14","","","",""
"unmatched_local","coway-cfss-tm14","코웨이","CFSS-TM14","","","",""
"unmatched_local","coway-cfq-sb01","코웨이","CFQ-SB01","","","",""
"unmatched_local","coway-cfss-sb01","코웨이","CFSS-SB01","","","",""
"unmatched_local","coway-cfs-sb01","코웨이","CFS-SB01","","","",""
"unmatched_local","wells-wp610","웰스","WP610","","","",""
"unmatched_local","wells-wq652","웰스","WQ652","","","",""
"unmatched_local","wells-wt652","웰스","WT652","","","",""
"unmatched_local","wells-wk370","웰스","WK370","","","",""
"unmatched_local","wells-wk470","웰스","WK470","","","",""
"unmatched_local","wells-wm071","웰스","WM071","","","",""
"unmatched_local","wells-wm371","웰스","WM371","","","",""
"unmatched_local","wells-wp270","웰스","WP270","","","",""
"unmatched_local","wells-wp270-2","웰스","WP270","","","",""
"unmatched_local","wells-wq171","웰스","WQ171","","","",""
"unmatched_local","wells-wq271","웰스","WQ271","","","",""
"unmatched_local","wells-wq672","웰스","WQ672","","","",""
"unmatched_local","wells-ws672","웰스","WS672","","","",""
"unmatched_local","wells-ws674","웰스","WS674","","","",""
"unmatched_local","wells-wt672","웰스","WT672","","","",""
"unmatched_local","wells-ap107-aq107-ar107","웰스","AP107/AQ107/AR107","","","",""
"unmatched_local","wells-dt921","웰스","DT921","","","",""
"unmatched_local","wells-an734","웰스","AN734","","","",""
"unmatched_local","wells-ap520","웰스","AP520","","","",""
"unmatched_local","wells-aq730","웰스","AQ730","","","",""
"unmatched_local","wells-ar318","웰스","AR318","","","",""
"unmatched_local","wells-ar626","웰스","AR626","","","",""
"unmatched_local","wells-as524","웰스","AS524","","","",""
"unmatched_local","wells-as526","웰스","AS526","","","",""
"unmatched_local","wells-bp550","웰스","BP550","","","",""
"unmatched_local","wells-bt660","웰스","BT660","","","",""
"unmatched_local","wells-bt762","웰스","BT762","","","",""
"unmatched_local","wells-bp750","웰스","BP750","","","",""
"unmatched_local","wells-bq450","웰스","BQ450","","","",""
"unmatched_local","wells-bq650","웰스","BQ650","","","",""
"unmatched_local","wells-br550","웰스","BR550","","","",""
"unmatched_local","wells-bt150","웰스","BT150","","","",""
"unmatched_local","wells-bt552","웰스","BT552","","","",""
"unmatched_local","wells-hr768rwa","웰스","HR768RWA","","","",""
"unmatched_local","wells-hp157","웰스","HP157","","","",""
"unmatched_local","wells-wq672-bt150-ap107","웰스","WQ672+BT150+AP107","","","",""
"unmatched_local","wells-wq672-bt150","웰스","WQ672+BT150","","","",""
"unmatched_local","wells-wr872-bt150","웰스","WR872+BT150","","","",""
"unmatched_local","wells-wr872","웰스","WR872","","","",""
"unmatched_local","wells-gp106","웰스","GP106","","","",""
"unmatched_local","wells-gp106-2","웰스","GP106","","","",""
"unmatched_local","wells-kw-g01w1-r","웰스","KW-G01W1-R","","","",""
"unmatched_local","wells-kw-g01w1-r-2","웰스","KW-G01W1-R","","","",""
"unmatched_local","wells-kw-g01w1-r-3","웰스","KW-G01W1-R","","","",""
"unmatched_local","wells-kw-g01w1-r-4","웰스","KW-G01W1-R","","","",""
"unmatched_local","wells-kw-g01w1-r-5","웰스","KW-G01W1-R","","","",""
"unmatched_local","wells-kw-g01w1-r-6","웰스","KW-G01W1-R","","","",""
"unmatched_local","wells-kw-g01w1-r-7","웰스","KW-G01W1-R","","","",""
"unmatched_local","wells-kw-g01w1-r-8","웰스","KW-G01W1-R","","","",""
"unmatched_local","wells-kw-g01w1-r-9","웰스","KW-G01W1-R","","","",""
"unmatched_local","wells-kw-g01w1-r-10","웰스","KW-G01W1-R","","","",""
"unmatched_local","wells-kw-g01w1-r-11","웰스","KW-G01W1-R","","","",""
"unmatched_local","wells-kw-g01w1-r-12","웰스","KW-G01W1-R","","","",""
"unmatched_local","wells-kw-g01w1-r-13","웰스","KW-G01W1-R","","","",""
"unmatched_local","wells-kw-g01w1-r-14","웰스","KW-G01W1-R","","","",""
"unmatched_local","wells-kw-g01w1-r-15","웰스","KW-G01W1-R","","","",""
"unmatched_local","wells-kw-g01w1-r-16","웰스","KW-G01W1-R","","","",""
"unmatched_local","wells-kw-g01w1-r-17","웰스","KW-G01W1-R","","","",""
"unmatched_local","wells-kw-g01w1-r-18","웰스","KW-G01W1-R","","","",""
"unmatched_local","wells-kw-g01w1-r-19","웰스","KW-G01W1-R","","","",""
"unmatched_local","wells-kw-g01w1-r-20","웰스","KW-G01W1-R","","","",""
"unmatched_local","wells-kw-g01w1-r-21","웰스","KW-G01W1-R","","","",""
"unmatched_local","wells-kw-g01w1-r-22","웰스","KW-G01W1-R","","","",""
"unmatched_local","wells-kw-g01w1-r-23","웰스","KW-G01W1-R","","","",""
"unmatched_local","wells-kw-g01w1-r-24","웰스","KW-G01W1-R","","","",""
"unmatched_local","wells-kw-g01w1-r-25","웰스","KW-G01W1-R","","","",""
"unmatched_local","wells-kw-g01w1-r-26","웰스","KW-G01W1-R","","","",""
"unmatched_local","wells-kw-g01w1-r-27","웰스","KW-G01W1-R","","","",""
"unmatched_local","wells-kw-g01w1-r-28","웰스","KW-G01W1-R","","","",""
"unmatched_local","wells-kw-g01w1-r-29","웰스","KW-G01W1-R","","","",""
"unmatched_local","wells-kw-g01w1-r-30","웰스","KW-G01W1-R","","","",""
"unmatched_local","wells-kw-g01w1-r-31","웰스","KW-G01W1-R","","","",""
"unmatched_local","wells-kw-g01w1-r-32","웰스","KW-G01W1-R","","","",""
"unmatched_local","wells-kw-g01w1-r-33","웰스","KW-G01W1-R","","","",""
"unmatched_local","wells-kw-g01w1-r-34","웰스","KW-G01W1-R","","","",""
"unmatched_local","wells-kw-g01w1-r-35","웰스","KW-G01W1-R","","","",""
"unmatched_local","wells-kw-g01w1-r-36","웰스","KW-G01W1-R","","","",""
"unmatched_local","wells-cm-7000tg","웰스","CM-7000TG","","","",""
"unmatched_local","wells-moduwave","웰스","MODUWAVE","","","",""
"unmatched_local","wells-cl796-cl556","웰스","CL796+CL556","","","",""
"unmatched_local","wells-cl796","웰스","CL796","","","",""
"unmatched_local","wells-cl556","웰스","CL556","","","",""
"unmatched_local","wells-스마트미러","웰스","","","","",""
"unmatched_local","wells-cn785","웰스","CN785","","","",""
"unmatched_local","wells-lt-s600w","웰스","LT-S600W","","","",""
"unmatched_local","cesco-vs210h","세스코","VS210H","","","",""
"unmatched_local","cesco-vs-510m","세스코","VS-510M","","","",""
"unmatched_local","cesco-vs-411p","세스코","VS-411P","","","",""
"unmatched_local","cesco-ewbd151","세스코","EWBD151","","","",""
"unmatched_local","cesco-ewdd951","세스코","EWDD951","","","",""
"unmatched_local","cesco-ew-210","세스코","EW-210","","","",""
"unmatched_local","cesco-ewbs351","세스코","EWBS351","","","",""
"unmatched_local","cesco-ewbd351","세스코","EWBD351","","","",""
"unmatched_local","cesco-ewbs551","세스코","EWBS551","","","",""
"unmatched_local","cesco-ewes552","세스코","EWES552","","","",""
"unmatched_local","cesco-ewes752","세스코","EWES752","","","",""
"unmatched_local","cesco-ewes751","세스코","EWES751","","","",""
"unmatched_local","cesco-ewes351","세스코","EWES351","","","",""
"unmatched_local","cesco-ewed351","세스코","EWED351","","","",""
"unmatched_local","cesco-ewes551","세스코","EWES551","","","",""
"unmatched_local","cesco-eads731","세스코","EADS731","","","",""
"unmatched_local","cesco-eads531","세스코","EADS531","","","",""
"unmatched_local","cesco-eads711","세스코","EADS711","","","",""
"unmatched_local","cesco-eads511","세스코","EADS511","","","",""
"unmatched_local","cesco-ep-320","세스코","EP-320","","","",""
"unmatched_local","cesco-ep-430","세스코","EP-430","","","",""
"unmatched_local","cesco-ebeb132","세스코","EBEB132","","","",""
"unmatched_local","cesco-ebeb112","세스코","EBEB112","","","",""
"unmatched_local","cesco-ebcb142","세스코","EBCB142","","","",""
"unmatched_local","cesco-ebcb152","세스코","EBCB152","","","",""
"unmatched_local","cesco-vs-310","세스코","VS-310","","","",""
"unmatched_local","cesco-epew552","세스코","EPEW552","","","",""
"unmatched_local","cesco-vh-310-핸드제닉","세스코","VH-310_핸드제닉","","","",""
"unmatched_local","cesco-vh-310-새니제닉","세스코","VH-310_새니제닉","","","",""
"unmatched_local","cesco-vt-200","세스코","VT-200","","","",""
"unmatched_local","cesco-th-3500d","세스코","TH-3500D","","","",""
"unmatched_local","cesco-th-570l-1","세스코","TH-570L-1","","","",""
"unmatched_local","cesco-fsdw111","세스코","FSDW111","","","",""
"unmatched_local","cesco-fsdw211","세스코","FSDW211","","","",""
"unmatched_local","cesco-fsew112","세스코","FSEW112","","","",""
"unmatched_local","cesco-fsew212","세스코","FSEW212","","","",""
"unmatched_local","cuckoo-cp-ahs101he","쿠쿠","CP-AHS101HE","","","",""
"unmatched_local","cuckoo-cp-ahs101he-2","쿠쿠","CP-AHS101HE","","","",""
"unmatched_local","cuckoo-cp-ahs100he","쿠쿠","CP-AHS100HE","","","",""
"unmatched_local","cuckoo-cp-ahs100he-2","쿠쿠","CP-AHS100HE","","","",""
"unmatched_local","cuckoo-cp-ahsc100he","쿠쿠","CP-AHSC100HE","","","",""
"unmatched_local","cuckoo-cp-ahsc100he-2","쿠쿠","CP-AHSC100HE","","","",""
"unmatched_local","cuckoo-cp-ss100h","쿠쿠","CP-SS100H","","","",""
"unmatched_local","cuckoo-cp-ss100h-2","쿠쿠","CP-SS100H","","","",""
"unmatched_local","cuckoo-cp-ajs801sw","쿠쿠","CP-AJS801SW","","","",""
"unmatched_local","cuckoo-cp-ams100","쿠쿠","CP-AMS100","","","",""
"unmatched_local","cuckoo-cp-ams100-2","쿠쿠","CP-AMS100","","","",""
"unmatched_local","cuckoo-cp-abs100gwh-gp","쿠쿠","CP-ABS100GWH/GP","","","",""
"unmatched_local","cuckoo-cp-abs100gwh-gp-2","쿠쿠","CP-ABS100GWH/GP","","","",""
"unmatched_local","cuckoo-cp-absc100gwh-gp","쿠쿠","CP-ABSC100GWH/GP","","","",""
"unmatched_local","cuckoo-cp-absc100gwh-gp-2","쿠쿠","CP-ABSC100GWH/GP","","","",""
"unmatched_local","cuckoo-cp-ts100ws-dsl-gwh-gpk","쿠쿠","CP-TS100WS/DSL/GWH/GPK","","","",""
"unmatched_local","cuckoo-cp-aas100ulw-ulds","쿠쿠","CP-AAS100ULW/ULDS","","","",""
"unmatched_local","cuckoo-cp-ae502hw","쿠쿠","CP-AE502HW","","","",""
"unmatched_local","cuckoo-cp-x501hw","쿠쿠","CP-X501HW","","","",""
"unmatched_local","cuckoo-cp-dn2001","쿠쿠","CP-DN2001","","","",""
"unmatched_local","cuckoo-cp-af1601sw","쿠쿠","CP-AF1601SW","","","",""
"unmatched_local","cuckoo-cp-afrp1601sw","쿠쿠","CP-AFRP1601SW","","","",""
"unmatched_local","cuckoo-cppu-c1710c","쿠쿠","CPPU-C1710C","","","",""
"unmatched_local","cuckoo-cppu-c1710cp","쿠쿠","CPPU-C1710CP","","","",""
"unmatched_local","cuckoo-cp-u011w-b","쿠쿠","CP-U011W/B","","","",""
"unmatched_local","cuckoo-cp-aks011eg-ep-gb","쿠쿠","CP-AKS011EG/EP/GB","","","",""
"unmatched_local","cuckoo-cp-ak011eg-ep-gb","쿠쿠","CP-AK011EG/EP/GB","","","",""
"unmatched_local","cuckoo-cbt-e1021w","쿠쿠","CBT-E1021W","","","",""
"unmatched_local","cuckoo-cbt-qs1041rw","쿠쿠","CBT-QS1041RW","","","",""
"unmatched_local","cuckoo-ac-20t10fwh","쿠쿠","AC-20T10FWH","","","",""
"unmatched_local","cuckoo-ac-28ah10fnw","쿠쿠","AC-28AH10FNW","","","",""
"unmatched_local","cuckoo-ac-30ah30fe","쿠쿠","AC-30AH30FE","","","",""
"unmatched_local","cuckoo-ac-35u20fwge","쿠쿠","AC-35U20FWGE","","","",""
"unmatched_local","cuckoo-ac-40ab10fnw","쿠쿠","AC-40AB10FNW","","","",""
"unmatched_local","cuckoo-dh-y1652fnw","쿠쿠","DH-Y1652FNW","","","",""
"unmatched_local","cuckoo-dh-x22721eb","쿠쿠","DH-X22721EB","","","",""
"unmatched_local","cuckoo-dh-wf21561eb","쿠쿠","DH-WF21561EB","","","",""
"unmatched_local","cuckoo-cws-ao201w","쿠쿠","CWS-AO201W","","","",""
"unmatched_local","cuckoo-bps-w1","쿠쿠","BPS-W1","","","",""
"unmatched_local","cuckoo-bfcs-led","쿠쿠","BFCS-LED","","","",""
"unmatched_local","cuckoo-bfcs-uv","쿠쿠","BFCS-UV","","","",""
"unmatched_local","cuckoo-bipm-h10","쿠쿠","BIPM-H10","","","",""
"unmatched_local","cuckoo-bipm-h30","쿠쿠","BIPM-H30","","","",""
"unmatched_local","cuckoo-bipm-h40","쿠쿠","BIPM-H40","","","",""
"unmatched_local","cuckoo-bipm-h50","쿠쿠","BIPM-H50","","","",""
"unmatched_local","cuckoo-bipm-h80","쿠쿠","BIPM-H80","","","",""
"unmatched_local","cuckoo-bipm-h100","쿠쿠","BIPM-H100","","","",""
"unmatched_local","cuckoo-bipm-o10","쿠쿠","BIPM-O10","","","",""
"unmatched_local","cuckoo-bipm-o30","쿠쿠","BIPM-O30","","","",""
"unmatched_local","cuckoo-bipm-o50","쿠쿠","BIPM-O50","","","",""
"unmatched_local","cuckoo-bipm-o70","쿠쿠","BIPM-O70","","","",""
"unmatched_local","cuckoo-bipm-o100","쿠쿠","BIPM-O100","","","",""
"unmatched_local","cuckoo-bipm-o150","쿠쿠","BIPM-O150","","","",""
"unmatched_local","cuckoo-bipm-o200","쿠쿠","BIPM-O200","","","",""
"unmatched_local","cuckoo-bipm-o250","쿠쿠","BIPM-O250","","","",""
"unmatched_local","cuckoo-bipm-o300","쿠쿠","BIPM-O300","","","",""
"unmatched_local","hyundai-hqpg30cw0e","현대큐밍","HQPG30CW0E","","","",""
"unmatched_local","hyundai-hqpg30sw0e","현대큐밍","HQPG30SW0E","","","",""
"unmatched_local","hyundai-p-b30cb-cw","현대큐밍","P-B30CB/CW","","","",""
"unmatched_local","hyundai-p-b30sb-sw","현대큐밍","P-B30SB/SW","","","",""
"unmatched_local","hyundai-p-a52c","현대큐밍","P-A52C","","","",""
"unmatched_local","hyundai-p-a52s","현대큐밍","P-A52S","","","",""
"unmatched_local","hyundai-p-p32cs","현대큐밍","P-P32CS","","","",""
"unmatched_local","hyundai-p-p32ss","현대큐밍","P-P32SS","","","",""
"unmatched_local","hyundai-pm50sw","현대큐밍","PM50SW","","","",""
"unmatched_local","hyundai-pm50sw-2","현대큐밍","PM50SW","","","",""
"unmatched_local","hyundai-p-r40cs","현대큐밍","P-R40CS","","","",""
"unmatched_local","hyundai-p-r40ss","현대큐밍","P-R40SS","","","",""
"unmatched_local","hyundai-pm40sw","현대큐밍","PM40SW","","","",""
"unmatched_local","hyundai-hqpm11cw1d-e0c","현대큐밍","HQPM11CW1D/E0C","","","",""
"unmatched_local","hyundai-hqpm11cw1d-e0c-2","현대큐밍","HQPM11CW1D/E0C","","","",""
"unmatched_local","hyundai-p-m15cb","현대큐밍","P-M15CB","","","",""
"unmatched_local","hyundai-hqps11c","현대큐밍","HQPS11C","","","",""
"unmatched_local","hyundai-hqpm15c","현대큐밍","HQPM15C","","","",""
"unmatched_local","hyundai-hqpi73c","현대큐밍","HQPI73C","","","",""
"unmatched_local","hyundai-b-s300w","현대큐밍","B-S300W","","","",""
"unmatched_local","hyundai-hqbb100w1d","현대큐밍","HQBB100W1D","","","",""
"unmatched_local","hyundai-b-l200w","현대큐밍","B-L200W","","","",""
"unmatched_local","hyundai-a-t12dw0b","현대큐밍","A-T12DW0B","","","",""
"unmatched_local","hyundai-a-t11dw0b","현대큐밍","A-T11DW0B","","","",""
"unmatched_local","hyundai-a-t12dw0b-2","현대큐밍","A-T12DW0B","","","",""
"unmatched_local","hyundai-hqab203e0f","현대큐밍","HQAB203E0F","","","",""
"unmatched_local","hyundai-hqab303e0f","현대큐밍","HQAB303E0F","","","",""
"unmatched_local","hyundai-hqab20340f","현대큐밍","HQAB20340F","","","",""
"unmatched_local","hyundai-a-c102w","현대큐밍","A-C102W","","","",""
"unmatched_local","hyundai-a-c101w","현대큐밍","A-C101W","","","",""
"unmatched_local","hyundai-c-b300b0b","현대큐밍","C-B300B0B","","","",""
"unmatched_local","hyundai-hdc9300b0f","현대큐밍","HDC9300B0F","","","",""
"unmatched_local","hyundai-hqcc300b0g","현대큐밍","HQCC300B0G","","","",""
"unmatched_local","hyundai-a-b233w-z","현대큐밍","A-B233W,Z","","","",""
"unmatched_local","hyundai-a-b313w","현대큐밍","A-B313W","","","",""
"unmatched_local","hyundai-a-b233w-z-2","현대큐밍","A-B233W,Z","","","",""
"unmatched_local","lg-wd724r-k-h-e","LG","WD724R(K/H/E)","","","",""
"unmatched_local","lg-wd722r-k-h-e","LG","WD722R(K/H/E)","","","",""
"unmatched_local","lg-wd723r-k-e","LG","WD723R(K/E)","","","",""
"unmatched_local","lg-wu923a-c-w-n-b-b-as","LG","WU923A(C/W/N/B)B, AS","","","",""
"unmatched_local","lg-wu523a-c-w-b","LG","WU523A(C/W)B","","","",""
"unmatched_local","lg-wd524v-c-h-s","LG","WD524V(C/H/S)","","","",""
"unmatched_local","lg-wd523v-c-h-s-p-m","LG","WD523V(C/H/S/P/M)","","","",""
"unmatched_local","lg-wd323a-c-w-b","LG","WD323A(C/W)B","","","",""
"unmatched_local","lg-wd525ahb-acb-agb-as","LG","WD525AHB/ACB/AGB/AS","","","",""
"unmatched_local","lg-wd220m-c-n-b","LG","WD220M(C/N)B","","","",""
"unmatched_local","lg-wd120m-c-n-b","LG","WD120M(C/N)B","","","",""
"unmatched_local","lg-wd520acb","LG","WD520ACB","","","",""
"unmatched_local","lg-wd523acb","LG","WD523ACB","","","",""
"unmatched_local","lg-as356n-s-g-mam","LG","AS356N(S/G)MAM","","","",""
"unmatched_local","lg-as356n-s-g-mam-2","LG","AS356N(S/G)MAM","","","",""
"unmatched_local","lg-as206n-s-g-ham","LG","AS206N(S/G)HAM","","","",""
"unmatched_local","lg-as206n-s-g-ham-2","LG","AS206N(S/G)HAM","","","",""
"unmatched_local","lg-fs065pskam","LG","FS065PSKAM","","","",""
"unmatched_local","lg-as065pwha","LG","AS065PWHA","","","",""
"unmatched_local","lg-as065swha","LG","AS065SWHA","","","",""
"unmatched_local","lg-as065cwha","LG","AS065CWHA","","","",""
"unmatched_local","lg-as155gwdl","LG","AS155GWDL","","","",""
"unmatched_local","lg-as185lgaa","LG","AS185LGAA","","","",""
"unmatched_local","lg-hy705r-s-g-uam","LG","HY705R(S/G)UAM","","","",""
"unmatched_local","lg-hy705r-s-g-uam-2","LG","HY705R(S/G)UAM","","","",""
"unmatched_local","lg-hy705r-s-g-uam-3","LG","HY705R(S/G)UAM","","","",""
"unmatched_local","lg-dq256m-w-e-gas","LG","DQ256M(W/E)GAS","","","",""
